	midpoints	pbs
0	353775.83	0.01301590870157002
1	1090236.075	0.01883132011906245
2	1982573.999	-0.005250109281634293
3	2787107.165	0.003963066392100485
4	3026168.766	0.00818188545661949
5	3122965.11	0.0029305899092772814
6	3212210.352	0.007899877336935958
7	3271165.153	-0.001155396430633427
8	3342534.482	0.007026353464815509
9	3406175.55	0.013072160374843312
10	3444320.296	0.016168310704373606
11	3486282.726	-0.0036413401257645345
12	3524499.706	-0.004081610207709086
13	3576537.705	-0.00950940299547326
14	3618924.043	-0.011945898335670937
15	3658579.639	-0.013372093115571795
16	3692023.909	-0.007980669886964125
17	3723188.687	-0.011673323521724193
18	3748590.218	-0.010439889308867977
19	3783452.863	-0.005690883814370714
20	3836151.956	-0.003445363428090447
21	3870812.28	0.0025540135428722827
22	3906204.154	0.0035128418577226187
23	3941408.954	0.0019191754034466391
24	3968614.891	0.006931793575564252
25	4066542.104	0.0019891485327745966
26	4130000.338	0.003670196609850387
27	4167553.734	-0.002701127166040099
28	4214460.016	0.0031269240684304897
29	4251580.12	0.004237967362667808
30	4282057.482	0.0023502155001194464
31	4307568.666	0.004702780067778853
32	4334237.651	0.0010886890673979781
33	4369178.631	-0.0006556198615087472
34	4411159.044	-0.0007210082670215177
35	4439991.711	0.001964211112904946
36	4471778.498	0.005949092611844201
37	4504182.772	0.0059850232977595
38	4525917.592	0.01283838087248876
39	4572252.39	0.005480427153897538
40	4602757.259	0.01156599493456158
41	4665573.614	0.006952258156081096
42	4705376.325	0.01254151044432531
43	4736950.252	0.01920174020590683
44	4761448.088	0.016287025584364442
45	4784838.789	0.011714595045078085
46	4808356.769	0.019599802287086254
47	4837990.518	0.01174259865610814
48	4872188.57	0.004880312584267303
49	4917876.047	0.0009523020854045425
50	4951840.937	0.009232574834524266
51	4980180.807	0.00742781037189213
52	5019416.044	0.01139117423956983
53	5232970.137	0.0022350507345353316
54	5467904.154	0.01546411726106471
55	5530156.991	0.004678451062540342
56	5593665.859	-0.0013683264130080882
57	5649412.933	0.004977431134428809
58	5686319.822	0.03482658759760902
59	5724344.396	0.009588621171342715
60	5769545.529	0.004090924528216308
61	5805848.85	0.007908147923365376
62	5854988.598	0.004846134735320649
63	5900717.834	0.0029008103332295804
64	5929481.973	0.00803299594861916
65	5983861.855	0.0074771385417544784
66	6026198.869	0.001484221445357843
67	6069085.742	0.0012186920371525935
68	6106568.311	0.0006584742785482736
69	6136557.362	0.0025437838580723952
70	6165757.812	0.003324365158218811
71	6187950.777	0.0032722991916820632
72	6217356.751	0.00802558645783163
73	6250498.292	0.0008525514648301749
74	6342271.304	0.004412318969827995
75	6397673.309	0.001955104203318698
76	6429091.987	0.0008823456358458651
77	6458455.695	0.008045129657243884
78	6493795.051	2.958210074072635e-05
79	6531128.262	0.002124228280956508
80	6570798.34	0.0014801844137125554
81	6616980.855	0.0033042498495106714
82	6650916.068	0.006729129930381646
83	6686173.059	0.0022720773025971777
84	6719200.487	0.00769097749351176
85	6744856.842	0.003565525796785724
86	6778515.595	0.003957643406740469
87	6809117.96	-5.372209380300288e-05
88	6841804.419	0.0036865711719762805
89	6869484.283	0.006432105745062097
90	6898789.931	0.007372850547202163
91	6925955.202	0.0039020471041479217
92	6949482.302	0.007147853876556449
93	6982882.685	-0.0003764566309580315
94	7025126.401	-0.0010163120052615823
95	7066020.0	0.0026229351671891916
96	7106715.308	0.0041240234871028885
97	7163492.126	0.0010386801550696608
98	7206566.785	0.005973258339133487
99	7237935.955	0.0032339189388583644
100	7272630.232	0.003940293860145973
101	7314280.005	0.005902836519013523
102	7365102.964	0.0004612658754239695
103	7466262.211	0.00013239387937370535
104	7544492.84	0.0032024516100865427
105	7578171.571	0.0013561004363475836
106	7609851.794	0.0007063112934040554
107	7638296.943	-0.002376865018404104
108	7669692.182	0.004832355382307525
109	7699670.113	0.0031671428718302794
110	7723584.441	0.005295315783225095
111	7756387.801	0.0005636186663907639
112	7792750.113	9.986464308739181e-05
113	7820321.289	0.002602430941328058
114	7845575.371	0.006434398565992516
115	7877264.821	0.005610441360656764
116	7907383.086	-0.0009147215963619686
117	7934385.005	0.004267191191050356
118	7956493.789	0.0032420642550073917
119	7978951.25	-0.0032691517432272997
120	8003033.319	0.0011950315672163072
121	8032606.183	0.004319292897948416
122	8056521.995	-0.002220784696963499
123	8074334.361	1.49082845920127e-05
124	8093774.84	-0.001269536569875079
125	8122290.139	-0.00046147724738483474
126	8149662.288	0.0013681286340667376
127	8192922.845	0.006282128714773211
128	8229969.668	-0.0007830232741885817
129	8262326.187	-8.25044121284915e-05
130	8294197.84	-0.0029038524030255953
131	8326445.806	0.0011713276722984229
132	8526793.176	-0.0009308698775155647
133	8611029.795	0.0035318045894976043
134	8642194.892	0.0028777459793695166
135	8678256.502	-0.0018545749034850434
136	8703178.57	-0.0032775960555316624
137	8739161.916	0.0014182603422424756
138	8769213.288	0.001057045210347862
139	8803817.14	0.002415539442685323
140	8845328.154	-0.0032205428028953646
141	8880700.745	-0.003254162922764445
142	8913588.64	1.511241559953166e-05
143	8946278.606	0.003116193950900762
144	8976513.523	-0.005115211993180036
145	9007360.432	-0.0031011520196803
146	9030389.211	-0.001483112438932694
147	9064735.866	-0.0019158197371075254
148	9095049.759	-0.0027215848603885837
149	9158546.211	-0.003169420328316097
150	9186245.367	-0.0009952695933450274
151	9216017.506	0.003909320855294295
152	9277775.683	0.00390813077354693
153	9330570.401	-0.000793708202932918
154	9365277.113	0.0011111541594808836
155	9397982.977	0.005573807639251414
156	9430697.617	-0.0026958860878593285
157	9456035.823	-0.0005317170708909189
158	9483291.003	-0.00011746652795047753
159	9513250.544	-0.0034580200230025612
160	9546685.72	-0.00033104587036688205
161	9576478.916	0.005106947534269712
162	9608992.227	0.003672731824355406
163	9640056.038	-9.757064793268399e-05
164	9666734.513	0.0021884411712875195
165	9691233.2	-0.0003575909277406069
166	9740977.793	0.0017955385885164872
167	9768949.845	0.00407365322951692
168	9797915.098	0.005570688522730616
169	9827768.536	0.006012502254706972
170	9853865.768	0.0032964641327963787
171	9881811.826	-0.0012696773314721697
172	9903893.316	0.0014343548044523464
173	9931742.812	0.016123361442290995
174	9954015.889	0.008039292456811693
175	9973803.207	0.004327194246614773
176	9994444.202	0.0021624319317766483
177	10013595.196	0.004535741718715683
178	10033353.897	0.0008903843706793093
179	10055249.601	0.0006867544142673272
180	10074977.245	0.00022983894334426984
181	10094427.555	0.002185432250143815
182	10113809.834	0.0019360602988636327
183	10151016.304	0.004177439926228165
184	10190427.782	0.005705519471324091
185	10222618.323	0.002218146803008466
186	10247280.996	0.00015348352280557365
187	10269900.267	0.0020780210881008606
188	10295060.34	0.0019588060153663614
189	10321059.829	0.0019956006270831425
190	10346500.988	0.0006962294788247691
191	10377963.835	0.0035284651312363184
192	10399583.905	0.006410106599980258
193	10422773.259	0.0036553228540130212
194	10443620.821	0.0050332399230700944
195	10462478.275	0.005628792141751569
196	10485431.1	0.004770621149167681
197	10506643.96	0.0029344167253564143
198	10535462.938	0.008372864235254662
199	10558217.974	0.0054059064219391904
200	10585512.166	0.007276232099793254
201	10617083.972	-0.003620476683941118
202	10636048.035	0.0010000926944856371
203	10656406.623	0.003938051740804102
204	10674414.443	0.0022847999320906496
205	10693605.705	0.009333215516523255
206	10717665.252	0.003858573456729669
207	10740223.529	0.0128002921483256
208	10757596.291	0.005227999084512898
209	10775119.874	0.003332397832309128
210	10794361.44	0.00716232123387276
211	10818977.219	0.007557589766466379
212	10839481.212	0.00682581087123931
213	10858981.613	0.0063215807689380454
214	10879365.017	0.004459920946625945
215	10898374.594	0.0058626137843077
216	10919671.735	0.005945878305635045
217	10947768.522	0.008601129878813197
218	10983198.094	0.008408545919260022
219	11008966.269	0.013277658427701832
220	11030543.318	0.014078891677044618
221	11056132.479	0.01716985433548141
222	11085534.294	0.014839780014799084
223	11116293.333	0.014038626837322961
224	11139404.883	0.011929095096392332
225	11162689.544	0.017053088021482015
226	11186729.539	0.01233566796830511
227	11213260.925	0.007992516802252927
228	11242771.956	0.0089533421876428
229	11279666.128	0.0070388855504450445
230	11308409.626	-0.0010819649161164242
231	11333528.645	0.015056583053987544
232	11363089.768	0.014046634362716104
233	11387506.79	0.014010095683659542
234	11412772.154	0.009630437717702757
235	11451693.237	0.018619768013415593
236	11488238.983	0.007159459498148023
237	11525316.208	0.004127134828963498
238	11561049.569	0.0049978020191750235
239	11603571.357	0.007717507218510445
240	11634416.467	0.0008273611460427288
241	11665971.515	0.008070884727223376
242	11690476.052	-0.0030735775689540432
243	11713301.651	0.0003057010629331714
244	11735912.811	0.0019160496466274868
245	11758881.911	-0.0020682230819515997
246	11782886.971	0.004156913349357375
247	11802791.244	0.002103955826011538
248	11824119.56	0.006310033361028865
249	11851469.311	0.0019712223608161364
250	11876074.501	0.0008579315026448474
251	11898093.744	-0.0032507942261417824
252	11922249.673	-0.0016689185525276587
253	11946803.968	-0.0003529491172215462
254	11975601.243	-0.010970484552125206
255	12000541.119	-0.007463819967281307
256	12025481.96	-0.002615146503221162
257	12051013.479	0.013631227087074118
258	12073067.602	-0.005300475855657593
259	12109087.451	-0.006958050848846918
260	12139365.666	0.0007333437409023942
261	12163657.845	0.006982818845168558
262	12193639.119	0.008090720878331173
263	12218585.522	0.005510304038065564
264	12241234.133	-0.0011212714418900246
265	12262492.118	0.0013552782068815801
266	12285209.208	0.0010511759998067948
267	12313997.883	0.004041933960088494
268	12337437.405	0.003798883965790199
269	12361291.02	0.0014946053059017173
270	12389461.677	0.0002922638601067927
271	12418799.962	0.001702100844961189
272	12445517.973	0.004221997246834502
273	12477422.193	0.002135081521245774
274	12506656.129	0.0033978003526687
275	12531724.549	0.0004752815615246889
276	12558652.244	-0.0007048150359461126
277	12582631.286	-0.0024738835098281754
278	12602843.582	0.006292887081436353
279	12625430.202	0.009625401556555823
280	12645860.469	0.00020807183113695672
281	12665972.496	0.001207265660126506
282	12684326.991	0.0024716849226206583
283	12707283.839	0.00014643937848335737
284	12729141.714	0.005360145737720225
285	12747732.653	-0.0002511946566362957
286	12765958.827	-0.0015457627496614289
287	12787222.477	0.002606955438539034
288	12806574.046	0.004357122409480271
289	12823426.392	0.005056586255041871
290	12842519.753	0.0104516352372014
291	12873821.838	0.005579810038912193
292	12903000.702	0.00524240391309984
293	12933086.819	0.00818413775503541
294	12975948.843	5.9624011000936785e-05
295	13023032.524	-0.010588741583478386
296	13074871.371	-0.009036869793334582
297	13102046.179	-0.021493085168878687
298	13127174.221	-0.011557161764163633
299	13156935.952	-0.009230907603542957
300	13191423.838	-0.018620845413731758
301	13245173.702	-0.020947497549003113
302	13278936.14	-0.01863780361291623
303	13312259.402	-0.020278124477065524
304	13359745.265	-0.02031400930461484
305	13462883.431	-0.020867134826754594
306	13514143.469	-0.018591172620273273
307	13548001.466	-0.02229675815110537
308	13576538.477	-0.02929531174490891
309	13604461.099	-0.0358243260710751
310	13626906.849	-0.025408696262434992
311	13651052.679	-0.019338617435535353
312	13675546.031	-0.023091804366810242
313	13708395.424	-0.033301495155025646
314	13743542.408	-0.04272722997766006
315	13779732.046	-0.024024894145517492
316	13810050.141	-0.02871440469825925
317	13835438.248	-0.030026039839417925
318	13857696.83	-0.007495249714241858
319	13898332.057	-0.0010029644599254578
320	13948844.32	0.015371837181755735
321	13975003.507	0.008094757777254125
322	13997909.548	0.00937112088105158
323	14017039.249	0.002539802438993867
324	14046160.656	0.0071989796138762375
325	14078139.642	0.007139847395186504
326	14097775.641	0.00579566378419591
327	14120470.926	0.006771713663087215
328	14139703.069	0.0077999413031650325
329	14159123.425	0.0012682579478005636
330	14185524.04	0.008275070343997118
331	14209836.656	-0.0012260225365009973
332	14242462.591	0.010968013284585517
333	14280632.631	0.014009658852751912
334	14301764.174	0.007594262424908198
335	14325998.861	0.013529939365631275
336	14348004.935	0.008993422981188678
337	14371211.513	0.004305645000119358
338	14390095.06	0.013144938500867885
339	14408730.873	0.010523866295880046
340	14426021.591	0.012386349937683767
341	14446868.912	0.009229657201087278
342	14473026.185	0.00834859133306037
343	14497150.674	-0.002436010653968568
344	14519718.649	-0.00026297675141679895
345	14545921.498	-0.005268720118983495
346	14567589.391	-0.004314966109175244
347	14588447.564	-0.0038954243001945174
348	14612708.388	0.004635064951286219
349	14630779.04	0.00021247180475378026
350	14650810.794	0.0029786560811292558
351	14671837.838	0.0027607514627883277
352	14691908.653	0.007283332480511215
353	14712959.515	0.0019813849693836607
354	14737308.771	0.0005504008633255721
355	14758741.709	-0.003966005407584619
356	14781106.931	-0.002917939198048868
357	14800439.464	0.00027592946412199616
358	14826534.002	-6.163942435613913e-05
359	14849414.748	0.010029606769400451
360	14870271.5	0.0013292427879834524
361	14891516.071	0.003442540139927747
362	14914208.853	0.003321501835558611
363	14938416.416	-0.0004495520419062036
364	14976009.619	0.003315894896390438
365	15001609.994	0.006926747959423552
366	15015657.232	0.004569880414242482
367	15030941.37	0.012776469674049658
368	15049984.395	0.0028086738949175604
369	15066116.633	0.0011454297245035174
370	15085118.012	-0.0013041501967119174
371	15105180.18	0.0003353474197206582
372	15127070.469	0.0027001310510597677
373	15149647.524	0.007360879362528881
374	15174558.529	-0.0016405612673077465
375	15197070.024	0.0010691495853590361
376	15215095.427	-0.0038818207261367217
377	15228940.596	-0.0020565162961474043
378	15245252.511	-0.0010479800243523203
379	15264182.861	-0.0015066282468723673
380	15284155.172	-0.0023321803919164365
381	15299748.982	0.001983328920061553
382	15316581.122	0.0025163494325123464
383	15331498.016	0.005464220971221746
384	15352692.16	0.004291449879611014
385	15371709.896	0.00011382456701248894
386	15389216.737	0.0043667023389760305
387	15409740.558	0.00547873684031988
388	15427479.028	0.00018082514628065728
389	15451921.545	-0.0025447334587054282
390	15478839.165	0.0009737402374932226
391	15500496.777	0.001126144723876914
392	15519491.227	-0.0020774975043176065
393	15540442.023	-0.0002684740994078911
394	15561787.69	-0.001795347452758405
395	15584720.971	0.0005967351671352945
396	15610185.66	0.0005687332130403339
397	15634062.602	0.002475538616543246
398	15656018.312	0.0013172333244869732
399	15676215.411	-0.003912799984188382
400	15697973.4	0.002049832087487833
401	15718238.489	-0.0022512522628948504
402	15738930.467	0.0007425940318900756
403	15759333.241	-0.004713591489177605
404	15783182.565	-0.00024712052163683424
405	15804966.118	-0.006195536661226491
406	15828408.088	0.0035335958033637068
407	15847144.385	-0.002489444753332358
408	15873613.614	-0.002422103844018551
409	15901861.306	-0.0023895023900857956
410	15918660.173	-0.0022117055322971495
411	15937912.623	-0.0037683889179704632
412	15961717.457	0.000447451580412821
413	15985648.561	8.478040818343325e-05
414	16003022.894	-0.0013216574922329115
415	16020458.748	0.0013386619542848006
416	16041403.601	0.0011146496237800976
417	16073242.606	0.0014085896811219228
418	16142062.571	-0.004167746746923608
419	16159604.184	-0.006631653024368386
420	16176711.887	-0.0022269363927267397
421	16198777.562	-0.004888452043933899
422	16219525.997	-0.003210608698168098
423	16241344.401	-0.0025220385878851103
424	16260378.242	-0.007783925481550357
425	16288482.169	0.0023210781116431833
426	16308010.042	0.003671864214502169
427	16323593.328	-0.002978426872803356
428	16345655.947	-0.0017574843645034163
429	16366884.165	0.0006890293194166941
430	16384503.482	0.0007942596754463532
431	16404108.441	0.00012041154589927363
432	16422873.775	0.0031991677253979368
433	16439579.72	0.00431121796945753
434	16453441.886	0.0022115694719332234
435	16469138.489	-0.001644131610356794
436	16487792.636	0.0048717897421583995
437	16509149.9	-0.0002309112738448807
438	16532743.785	0.0018545464675733122
439	16553954.617	0.01067391252254655
440	16575788.866	0.005715651215152716
441	16591182.437	0.00615564755729176
442	16607443.935	0.006998175263688613
443	16633011.039	0.0038671591085762146
444	16653891.317	0.0015566815803400229
445	16675663.203	0.00524460447342031
446	16699577.569	0.006936699127969355
447	16719633.112	0.0059787000138359775
448	16736154.488	0.004886059734141419
449	16752969.027	0.0068446172240823454
450	16772853.126	0.004843812584453336
451	16790550.747	0.0019263392071908142
452	16808996.391	0.0037609555606602533
453	16828504.406	0.0017128367600481246
454	16848016.938	-0.00037869376601273825
455	16872571.102	0.0013402338611217927
456	16895192.263	0.00018845654285164402
457	16911859.843	0.0001640231824942911
458	16931913.771	-0.004366659183023917
459	16952764.452	-0.006592876072055931
460	16970688.918	-0.00660350270171415
461	16989290.688	-0.001800574581941065
462	17008282.556	-0.004911803367588562
463	17040530.726	-0.003792145386753078
464	17068404.95	-0.005793480106405805
465	17097283.731	-0.006013982949679433
466	17121606.198	-0.0049200930364898445
467	17144040.04	-0.005218263248812458
468	17162402.136	-0.0049779590350584385
469	17180399.257	-0.0037164648835400146
470	17199568.955	-0.003049395300458838
471	17218308.223	-0.0020731095045907954
472	17241095.841	-0.00480757548975961
473	17260162.154	-0.003811571397197457
474	17276583.378	-0.002470493198393967
475	17293500.836	-0.005951315859278011
476	17311356.302	-0.003013789924174584
477	17331793.354	-0.0025712924993673706
478	17355344.419	-0.004420306228636703
479	17378678.203	-0.0016178520578261338
480	17399983.506	-0.0032989009647977447
481	17421474.806	-0.006737951378466425
482	17436230.67	-0.007586437758419629
483	17456440.005	-0.005468467682279609
484	17475183.436	-0.015250322655941674
485	17490459.953	-0.0024212603152521006
486	17507516.363	-0.002573432098455886
487	17535243.75	-0.004915389802855119
488	17559925.598	-0.006106085372170065
489	17580683.925	-0.001685913676963084
490	17604332.718	-0.0026048854752555874
491	17626500.393	-0.005034930397899655
492	17645583.891	-0.0012560490780939833
493	17662576.826	-0.0005509657064403289
494	17676444.884	-0.004217483017373487
495	17694696.014	-0.0037327374413603
496	17713785.247	-0.005118567561389473
497	17730559.962	-0.0063120414755556365
498	17749800.988	-0.002552448293718561
499	17774575.11	-0.001414819864770033
500	17793347.602	-0.003163693520584696
501	17813496.565	-0.0031905676778281092
502	17835108.691	-0.0030372314060690448
503	17859022.096	-0.0070574048874876465
504	17887850.224	-0.0023263820739342234
505	17913109.322	0.0007253333828697435
506	17933320.785	-0.002528071658048906
507	17951009.573	-0.0024972553043134354
508	17975323.878	-2.2157606321303286e-05
509	17993955.717	-0.0038480650932845198
510	18019182.327	-0.0036579926583412735
511	18041855.573	-0.004151425794921923
512	18067770.762	-0.006652154984960071
513	18103877.191	0.00015898166793744026
514	18125747.626	-0.0013719390041517245
515	18150086.81	0.0034249817415635026
516	18167936.572	-0.0034952062441110246
517	18182706.722	-0.007997557884086418
518	18196958.199	-0.002331401940850745
519	18215169.194	0.002717684756253868
520	18234043.711	-0.00242352346993055
521	18250731.854	-0.003261094939799914
522	18270554.083	0.004790658046328032
523	18297810.204	0.0016746318682562846
524	18319325.103	-0.0011523263440460722
525	18349080.62	-0.004373106790259754
526	18372013.508	-0.0013914997186278177
527	18390479.341	0.000920195397651114
528	18409810.168	-0.0006236156337274383
529	18429274.304	-0.0022485327057430666
530	18446602.882	0.0032807092362426866
531	18466172.312	0.0032943801369882814
532	18488259.798	-0.0006016081249189293
533	18541734.345	-0.0024930190890451
534	18570394.74	-0.00281662379387815
535	18591232.329	0.0024956093718807634
536	18612049.591	-0.0022019005493849214
537	18639525.045	-0.0030686051751906696
538	18671144.331	-0.00537540823130859
539	18687885.014	-0.0008166484163521488
540	18706384.454	-0.002873734364867697
541	18725711.059	-0.00629670542884579
542	18751394.844	-0.0036925819432416527
543	18780293.068	-0.008314450958422016
544	18800666.43	-0.004479118849348708
545	18818340.69	-0.0015992749976038237
546	18839301.062	-0.00659808914063393
547	18857589.541	-0.002849836574195255
548	18880170.577	-0.00917842555663842
549	18897124.916	-0.009594418271083602
550	18915503.444	-0.008910489742597913
551	18951189.901	-0.0021427715639173355
552	18969739.91	-0.00323074349984654
553	18987302.313	-0.004000149639912361
554	19006968.693	-0.005341157930528931
555	19028863.547	-0.00424930507670662
556	19047965.687	-0.0002735704321781716
557	19068585.99	-0.004379693834350003
558	19089898.779	-0.004891542577629363
559	19113969.669	0.0016937253361505992
560	19143930.188	-0.0014029940516856736
561	19168446.769	0.0006917837361541054
562	19213417.335	0.004189664400642378
563	19227561.106	-0.00046573360534224586
564	19241770.257	-0.003269329198771213
565	19260017.367	0.0058899964259334
566	19278766.538	-0.002628090964263906
567	19298138.211	0.005230828718763029
568	19318800.305	-0.0026618762633359304
569	19338757.965	0.00460491718076553
570	19364555.374	-0.002391327070850031
571	19387198.321	-0.0032134269472952563
572	19405739.037	0.0013334753374736876
573	19426310.961	-0.0021940445901276057
574	19446648.396	-0.00286110457226458
575	19463595.123	0.0006580030204284039
576	19481371.514	-0.002175075669442349
577	19498895.771	0.0004512488844308344
578	19514700.897	-0.0038818176605097724
579	19529591.3	-0.00530263646937153
580	19545117.027	-0.006905022520277408
581	19557327.144	-0.0037710641470756613
582	19577651.174	-0.006464986661113147
583	19599876.93	-0.002435477666730482
584	19619425.913	-0.00038993562729781753
585	19634039.833	-0.004507975452973969
586	19649080.879	-0.0031657013083498417
587	19664768.145	0.00017823657595873724
588	19680405.689	-0.004166626680164529
589	19697284.651	0.002648891941349897
590	19717702.871	-0.005604039472016385
591	19735411.246	-0.002022051131418159
592	19751064.336	0.0018227542954462705
593	19765147.443	-0.003956305808601592
594	19781685.717	-0.0009508710148902255
595	19796526.994	-0.001411799379425369
596	19809143.522	0.0030701715897042433
597	19823657.204	0.0038215205637125494
598	19839400.006	0.0030723825171522063
599	19853522.362	-0.0016700282276854348
600	19867675.229	-0.00031657228919568144
601	19882769.299	-0.0016723586090262338
602	19897731.95	-0.0005334427716948969
603	19910601.198	0.0004765554607143804
604	19925161.511	-0.0008494115597113535
605	19941089.391	-0.0015506686582225958
606	19956153.635	0.0005220572837932692
607	19974088.346	-0.001603767209340672
608	19991618.183	-0.0011323280622819564
609	20009345.033	-0.002493586025654634
610	20023785.863	-0.0025869559306308867
611	20045835.142	0.001283381358180236
612	20062082.578	-0.0001802091443328138
613	20077603.923	-0.002369964501264777
614	20091241.501	-0.0027056012356038283
615	20107587.68	-0.007929068571377804
616	20125383.59	0.0009468746427264334
617	20142570.019	-0.00037858264599637003
618	20155154.519	-0.0030750463106069778
619	20177554.429	-0.005555954593604895
620	20198771.625	-0.006063648747853043
621	20213981.553	-0.004229464175855162
622	20230066.559	-0.0031232057715978377
623	20243714.728	-0.006374410317773194
624	20259484.022	-0.007731819086762801
625	20275332.531	-0.004225046164559687
626	20290761.949	-0.006980600231614807
627	20307351.427	-0.004031066682121397
628	20334301.558	-0.007393307850504205
629	20356454.252	-0.009420657286428836
630	20383694.499	-0.006315259509123565
631	20411164.727	-0.004641273429869177
632	20433201.674	-0.007798380677553608
633	20450143.904	-0.007872865836272759
634	20465826.698	-0.009802202033640786
635	20481121.246	-0.0049362796169420435
636	20498331.711	-0.0011471196264567377
637	20520179.389	-0.0006603212882071402
638	20550291.283	0.03208546649350436
639	20569644.511	0.03177395067342774
640	20591555.264	0.03394217412946871
641	20625168.252	0.024200578199630274
642	20649643.909	0.028019057890974454
643	20675886.43	0.03981200373189009
644	20703247.757	0.030091917667002588
645	20728036.926	0.030196594699574794
646	20751750.997	0.030971359812155347
647	20790884.412	0.027895798758951592
648	20826104.86	0.036983013011609694
649	20848623.844	0.023616859638591444
650	20870224.557	0.026991140090904715
651	20889885.014	0.028626449008635733
652	20910250.298	0.02752765347883109
653	20933312.142	0.024967893194635903
654	20961642.626	0.026215453118172402
655	20985368.537	0.039094369201441576
656	21009797.185	0.02317148855519876
657	21037029.725	0.027490186541713407
658	21058719.993	0.026861881138852236
659	21079000.506	0.025285322085652616
660	21098105.005	0.023738913002601735
661	21117344.573	0.03103721586422841
662	21136831.681	0.03267708326170189
663	21159062.609	0.03143301045634677
664	21188696.405	0.016770760713785287
665	21214445.096	0.029007734550226053
666	21231510.779	0.02648427397958639
667	21253971.408	0.03545671542143562
668	21276950.733	0.0279867408367023
669	21301790.357	0.03145430793695259
670	21324070.514	0.023096705899083816
671	21344101.883	0.02896576841363123
672	21363044.589	0.018192524595618143
673	21382868.777	0.030978188542266846
674	21404797.904	0.033426898637729165
675	21425688.044	0.048023051891965214
676	21443227.514	0.05096398285157643
677	21459443.861	0.032730750663854426
678	21482550.841	0.03781512630927636
679	21502070.661	0.03296939181931723
680	21523306.314	0.03221705673168106
681	21543943.133	0.028856280156360267
682	21562407.409	0.04116067713313327
683	21583131.566	0.022889602288878784
684	21602637.631	0.033712264712773644
685	21625621.373	0.03109685479877254
686	21643931.94	0.04138679021828901
687	21663900.781	0.03270127309317527
688	21688119.059	0.044220488954058286
689	21706857.59	0.04016700860921523
690	21721620.861	0.03997634939444867
691	21739494.188	0.03744979612185878
692	21761598.554	0.046385463196152166
693	21781560.197	0.04259276771789348
694	21807951.994	0.04794783347537055
695	21835931.653	0.039666445868654525
696	21855803.737	0.04122163855387275
697	21873782.509	0.04492960871491136
698	21891413.246	0.05122823909528114
699	21908065.65	0.048237775055288305
700	21925044.544	0.03902830877628709
701	21940559.712	0.05100767775911211
702	21957530.042	0.04053878682146771
703	21978041.325	0.04972874377739623
704	22007039.62	0.046321524454615466
705	22033281.224	0.04221139333325681
706	22058445.364	0.043340979925529495
707	22076664.127	0.03237313834399695
708	22095279.385	0.034598649125716294
709	22119402.265	0.034450864991092706
710	22141251.101	0.03472819381386841
711	22161814.023	0.029761317336754748
712	22180807.772	0.031017991288271096
713	22200362.754	0.03164334138872266
714	22217835.445	0.029767071863348742
715	22236801.922	0.03919937417367027
716	22255421.765	0.023418473313264278
717	22276320.185	0.03664752664082427
718	22303247.544	0.013759245178302253
719	22324541.944	0.031382799343669276
720	22342344.809	0.027971895777750215
721	22358679.426	0.03846174335456701
722	22374025.497	0.03136078289337314
723	22390478.51	0.03399844154905599
724	22409056.99	0.03045343536650265
725	22428613.396	0.03557761378249379
726	22450429.641	0.034986334481717625
727	22471230.515	0.04015385460908276
728	22494043.389	0.042446363576796216
729	22532440.783	0.03336890679799951
730	22561165.515	0.029312959626119822
731	22589908.791	0.03759574304476439
732	22630360.26	0.04457911689086051
733	22686224.774	0.02636863655442666
734	22716818.499	0.030090754514944428
735	22739940.445	0.02654877149353496
736	22763007.858	0.03648209204222966
737	22783588.897	0.03720514257701835
738	22805642.571	0.03428342978003716
739	22824911.642	0.0309788956967105
740	22843985.436	0.033063807736713656
741	22863676.536	0.027747150037337555
742	22881152.271	0.028405516043043234
743	22897679.16	0.026314239783534605
744	22913055.05	0.025230208875038882
745	22932396.148	0.028691975044870817
746	22952360.843	0.030249993965710827
747	22970273.477	0.029227121631089967
748	22985761.286	0.030608976792051965
749	23001190.521	0.026049048634911417
750	23017338.393	0.029232543095719876
751	23035228.367	0.0351596002439359
752	23055176.9	0.03277656554113589
753	23074061.052	0.029777166895769237
754	23095233.774	0.03584177906666184
755	23116676.844	0.038004886411344085
756	23139100.229	0.037321876322444936
757	23161196.134	0.032764731967427234
758	23181393.389	0.026305607702006233
759	23205022.076	0.02775866877168192
760	23226126.993	0.02580746902432216
761	23243180.255	0.02801225760358662
762	23260656.603	0.03607197602059136
763	23278218.695	0.035577991989647145
764	23295706.108	0.03440227044141289
765	23312355.903	0.0300883052916713
766	23327785.395	0.022936889379245647
767	23352214.552	0.021101675020498138
768	23371323.778	0.029878737108259456
769	23386433.865	0.028259003050462885
770	23401927.54	0.0342472066057933
771	23416583.297	0.03861787270337683
772	23435169.076	0.036359116666206025
773	23453131.205	0.015802088398807413
774	23468852.939	0.017466417605946048
775	23488792.879	0.029216769424492795
776	23520206.144	0.031206543036583677
777	23539311.498	0.03574668033365954
778	23557943.804	0.0281397856078564
779	23574812.764	0.022848359477493665
780	23595177.837	0.03630058355044713
781	23620997.141	0.04131370534743283
782	23646880.656	0.03796028389449758
783	23668397.462	0.018158521118874008
784	23693003.575	0.035625928477558674
785	23719053.043	0.04201481351618795
786	23741727.895	0.04252224124260895
787	23764028.191	0.032533074507354806
788	23787237.713	0.03320157176468651
789	23809508.193	0.019122564491660693
790	23827338.197	0.02582429965576612
791	23852025.867	0.032528356098153036
792	23876282.251	0.032958987211680314
793	23900274.321	0.03444561384693499
794	23917313.209	0.029778275899561363
795	23938522.193	0.034827295331438926
796	23967107.889	0.0308111259205854
797	23993412.436	0.020154597304655568
798	24011865.312	0.04235493147898931
799	24035605.222	0.04301590405337542
800	24059496.707	0.04302874647608391
801	24083571.55	0.030697943375854433
802	24109797.128	0.032207859298704934
803	24133763.786	0.028474264203096254
804	24156277.198	0.03181236765163854
805	24178366.157	0.030317000106673025
806	24200650.447	0.03410184206852879
807	24222704.718	0.038036198868630265
808	24250774.48	0.03364157258209632
809	24273744.447	0.03910909806510671
810	24292715.051	0.049465557110464374
811	24309894.211	0.059610016862076017
812	24326610.243	0.034583156946431826
813	24344219.607	0.040020271038639865
814	24360201.86	0.035278398760661335
815	24375223.911	0.04351410809062807
816	24390965.121	0.04063506185937862
817	24407892.562	0.04255709068154553
818	24430526.794	0.041689673796115836
819	24453260.975	0.05177533978581918
820	24471820.109	0.05645690359422287
821	24489244.885	0.06378143729217052
822	24504888.841	0.053087057478230074
823	24520592.335	0.06550421481892814
824	24539767.723	0.058904731093430925
825	24561385.772	0.04677475417549996
826	24580776.675	0.03186368418821382
827	24595852.524	0.03683450515175602
828	24610497.195	0.04938619142512902
829	24630015.23	0.0403416387536708
830	24648073.97	0.0371806565309926
831	24667149.235	0.025385755017502933
832	24688590.944	0.03246189573621581
833	24718348.888	0.027278812591119028
834	24739692.116	0.029676604158219124
835	24759408.874	0.025881857037482314
836	24781363.466	0.03351028758538061
837	24803037.409	0.028069973185707777
838	24822274.031	0.028643139632775216
839	24844264.357	0.02144404563312684
840	24863799.502	0.028839942158759208
841	24883958.602	0.029011088914187026
842	24906663.219	0.023539040958425534
843	24928069.66	0.031303940604162625
844	24952036.964	0.037954479421944964
845	24977605.13	0.021682192103753637
846	25008623.768	0.03446152988671332
847	25032663.033	0.030196400230820705
848	25053231.973	0.02900924977753141
849	25072739.605	0.028409546243464392
850	25094402.15	0.0280159957277303
851	25120307.114	0.03689874001069052
852	25137936.188	0.030347718460608145
853	25160176.06	0.032298145492944734
854	25188165.871	0.04000134371030998
855	25225421.706	0.03332672858083288
856	25257461.526	0.04646975868021171
857	25280658.758	0.04581295756604709
858	25306191.447	0.07829765387991798
859	25340684.457	0.08859600516822642
860	25375543.539	0.10198989205149063
861	25404213.173	0.05458506491837846
862	25450587.318	0.02581913078619465
863	25490478.687	0.07852613235202022
864	25520017.834	0.06387724378644259
865	25547217.74	0.03271934780755023
866	25577579.612	0.040100026424419954
867	25604028.348	0.043074725503260504
868	25632983.985	0.01986160289238325
869	25656070.592	0.020684470573532406
870	25679154.517	0.019897877391154877
871	25699097.599	0.03307417389943146
872	25717633.179	0.03498616176438653
873	25735763.115	0.04355265867115289
874	25755897.19	0.03436242354562051
875	25773679.966	0.038838161252113486
876	25791698.806	0.02753587223804692
877	25810592.884	0.02239648065236454
878	25831472.386	0.03188349264891671
879	25852068.994	0.028603875284554874
880	25871886.921	0.030842993284584
881	25892647.55	0.026532856985745236
882	25914220.721	0.02991467524950432
883	25938203.897	0.030461552171512293
884	25957778.028	0.015985411544814462
885	25977808.048	0.023033539788215852
886	25997389.576	0.02743482582882599
887	26016586.395	0.027256321232273846
888	26034796.313	0.019932741373905317
889	26052412.403	0.021103920786931345
890	26072721.081	0.021639855096040182
891	26097732.786	0.0160633883764521
892	26138968.822	0.009741613032882512
893	26157492.007	0.01316022943355065
894	26175531.678	0.008633484741601518
895	26192651.214	0.014308484503899129
896	26209785.799	0.011710894242492824
897	26226038.881	0.02216660392016527
898	26242292.042	0.019345254709019287
899	26260317.825	0.02558482865917011
900	26280765.08	0.021446071487676265
901	26298645.768	0.021200663331514193
902	26316162.15	0.02381882416929386
903	26332962.679	0.011990248650308007
904	26349547.772	0.009047639331949133
905	26365520.784	0.016069403316807142
906	26383376.246	0.021399118114531126
907	26401921.729	0.02066136458219762
908	26419154.519	0.026634899624628696
909	26437136.952	0.031547117248236146
910	26454222.265	0.02231332707993419
911	26470967.653	0.019866675333818713
912	26490441.004	0.02769385333413949
913	26510284.453	0.026126794647298737
914	26531946.69	0.026681844356294112
915	26555146.615	0.03062700142084489
916	26572109.483	0.019727383504759177
917	26589620.231	0.03133406328456949
918	26608008.684	0.03931158815297864
919	26627945.788	0.020776249422044875
920	26645804.804	0.013849207813431916
921	26662826.93	0.026642245507062977
922	26677793.854	0.026438012195829943
923	26694030.981	0.015768696154320087
924	26712038.075	0.029365400685728082
925	26730480.053	0.027150782924463584
926	26748140.152	0.03742971607407412
927	26769330.014	0.04399017385364737
928	26785767.887	0.024565225576763286
929	26800035.104	0.011523206805750991
930	26816129.555	0.022070863956829747
931	26832264.672	0.017180605561794363
932	26850641.618	0.020021998861254726
933	26870857.085	0.025764030091732792
934	26891034.808	0.027704276468624715
935	26908896.431	0.021044935509901528
936	26927234.64	0.022365098353479634
937	26943756.028	0.023741473604190003
938	26957651.749	0.023382686765194574
939	26973841.129	0.036766132076821535
940	26989958.554	0.02833879257386718
941	27007301.813	0.020756638927345118
942	27027147.619	0.0055106825857022725
943	27051417.327	0.014470075094867417
944	27072619.665	0.024458051515029704
945	27092054.542	0.02046697604552891
946	27109079.816	0.03234472653611283
947	27129262.808	0.03032543749880898
948	27148225.472	0.018195220468319104
949	27164798.19	0.019434527368907505
950	27181750.313	0.016728567532409543
951	27199859.547	0.020258385050067964
952	27217187.518	0.015853813844757137
953	27238766.321	0.02149365428887896
954	27259747.303	0.01667437092939815
955	27278561.61	0.015986523372824902
956	27295020.945	0.01026123693710265
957	27312172.089	0.0206462068471692
958	27332960.924	0.020489781024650724
959	27350556.169	0.010668586599216077
960	27368457.393	0.02130737487687885
961	27390361.765	0.01463011266017846
962	27411302.646	0.0172888261448255
963	27432675.679	0.011511574559509914
964	27451354.729	0.02256193470366485
965	27475743.817	0.027263821093411213
966	27499206.613	0.022260322444290666
967	27520503.148	0.032208973868922436
968	27540962.675	0.016659618080772154
969	27561375.421	0.018199232608330205
970	27584461.14	0.030760196710554005
971	27604382.816	0.021601540063171804
972	27623733.252	0.037314845140529566
973	27642947.936	0.02260557234736166
974	27659833.067	0.01990471635845608
975	27675985.038	0.03530611866871139
976	27691731.396	0.03275739635359087
977	27707363.978	0.027066612318184573
978	27723070.077	0.02694735201132783
979	27739939.192	0.020715075963624346
980	27755459.789	0.021265210648429705
981	27771213.061	0.017175955774425152
982	27787177.642	0.031236289140397125
983	27804090.262	0.024852798764066954
984	27821820.642	0.02542469289447801
985	27836937.245	0.01999876734886377
986	27856678.905	0.024302071558387827
987	27874911.784	0.01935380168516738
988	27892786.15	0.01833351697991163
989	27910908.693	0.02450528416786076
990	27928667.178	0.018737512954705614
991	27945450.385	0.02749384239581231
992	27961080.382	0.02319592143964499
993	27975593.663	0.020995924375160627
994	27989699.437	0.02029097177196773
995	28006917.847	0.02513975565793332
996	28023126.234	0.022785947647378017
997	28038469.218	0.027262856192953336
998	28056638.157	0.031994420585291394
999	28071200.725	0.01901454609396665
1000	28085185.056	0.025593634249557972
1001	28099372.26	0.026975125196674894
1002	28116057.312	0.02967938430543561
1003	28133266.017	0.026508882257462358
1004	28149615.132	0.025513457724370484
1005	28169319.022	0.03841600015764541
1006	28184658.517	0.031526033637842614
1007	28200691.095	0.016125906350681
1008	28222566.266	0.008583444386445585
1009	28251228.503	0.017105504395222324
1010	28270503.745	0.022983652911275382
1011	28305740.516	0.03981077893976218
1012	28329998.617	0.019685201171000446
1013	28346295.135	0.023413766845954725
1014	28361219.796	0.021620268257827722
1015	28379966.622	0.02709540261370391
1016	28397676.444	0.03140043034863847
1017	28416759.754	0.04018543474748881
1018	28437893.493	0.03560720337416615
1019	28457644.01	0.037509637135657546
1020	28476337.893	0.022859345816562602
1021	28491534.69	0.017040125375121406
1022	28509848.744	0.02490400890472359
1023	28537880.903	0.02553682391671246
1024	28559460.834	0.029839078833233588
1025	28578239.427	0.036153559944786216
1026	28601133.816	0.033350092475643967
1027	28624535.016	0.04231841555575453
1028	28646307.088	0.0379046354410723
1029	28663343.197	0.026707968230306432
1030	28682026.811	0.0381463384335446
1031	28699728.466	0.029802184044484273
1032	28715194.898	0.026774351625876405
1033	28730222.884	0.03106450669210353
1034	28745869.045	0.031966124555497584
1035	28766919.795	0.037070440712491826
1036	28786486.006	0.0327501717321182
1037	28803238.932	0.04330454143351141
1038	28818572.816	0.0356614618747953
1039	28834172.667	0.023925083418540462
1040	28852016.449	0.032190678798561564
1041	28870284.384	0.02905525550724179
1042	28886975.549	0.03601861810171469
1043	28904701.842	0.03434678615394415
1044	28922868.372	0.017749334081755337
1045	28939586.066	0.01822077865042934
1046	28956453.595	0.03224327562271005
1047	28975039.937	0.03699661487334107
1048	28992253.212	0.0325957378156716
1049	29007219.755	0.030173968147536485
1050	29025857.754	0.020789965675733994
1051	29052608.368	0.02606799289771499
1052	29078907.149	0.022449778601219043
1053	29096041.462	0.03325298464988063
1054	29113779.34	0.03757105794324407
1055	29130460.851	0.018131308315306134
1056	29144795.105	0.031801702028221086
1057	29159389.318	0.028623525659428054
1058	29174300.517	0.013379925061670054
1059	29190285.62	0.02127354106735243
1060	29207452.132	0.02909770511892913
1061	29229399.246	0.024399963429916505
1062	29251948.921	0.02703287949511072
1063	29270916.939	0.03365759194283761
1064	29293384.131	0.021749159080950813
1065	29313299.634	0.026469470637873055
1066	29331193.027	0.02330260648715259
1067	29347542.015	0.01616807001644706
1068	29366013.824	0.027633734021040576
1069	29385357.043	0.036146554493428094
1070	29406332.086	0.0350032088174867
1071	29424377.423	0.021409058097039066
1072	29442611.641	0.0516523002265198
1073	29458580.948	0.03537108545644574
1074	29475376.518	0.03772263480710577
1075	29493846.5	0.03113455933952994
1076	29513847.827	0.035031281809579214
1077	29532177.206	0.02348381496936469
1078	29550448.178	0.0286414280878264
1079	29577095.266	0.02633297872824453
1080	29600679.144	0.026078772488064457
1081	29620245.789	0.02699561778973727
1082	29637884.46	0.026664621454710154
1083	29656106.167	0.032723968354723854
1084	29673374.418	0.023433619974866402
1085	29689846.69	0.043152045399150914
1086	29709137.576	0.02561145432401509
1087	29732098.209	0.03133478318428581
1088	29751723.364	0.024525644116230472
1089	29770441.906	0.03607715841744134
1090	29789019.141	0.03062573715004256
1091	29806533.725	0.037661100411940006
1092	29826345.589	0.0323100661292679
1093	29842746.19	0.026537922408649165
1094	29859016.529	0.030634301949616027
1095	29874251.176	0.023483792987529898
1096	29888758.076	0.023213660428826582
1097	29906048.816	0.02454943833959266
1098	29921580.443	0.022976067918065685
1099	29936972.893	0.037541857478863294
1100	29951068.181	0.034386197751574546
1101	29986665.995	0.022776485092145592
1102	30134050.321	0.016352341912667854
1103	30147101.994	0.010812605235785198
1104	30177095.72	0.029970077639294396
1105	30195338.319	0.03135573325152677
1106	30213167.374	0.035046601922712556
1107	30230198.65	0.038513019782633356
1108	30248597.113	0.036864862571087884
1109	30265861.353	0.024013650088281033
1110	30286973.704	0.02764672962418711
1111	30307275.487	0.04719091241282722
1112	30326644.694	0.03609771994672582
1113	30346995.632	0.04056057590257548
1114	30369030.536	0.030546184186506176
1115	30414152.076	0.026854231894492073
1116	30440414.663	0.007108862444380815
1117	30463205.097	0.01264879893769893
1118	30480128.663	0.00966809034233511
1119	30498332.901	0.010351124266079557
1120	30514597.214	0.014008703259142935
1121	30532579.31	0.018692531924027762
1122	30548856.981	0.012511028999849518
1123	30562618.76	0.01049820572615606
1124	30584361.258	0.01613068578295103
1125	30604649.374	0.024430567385804628
1126	30620725.832	0.0210040051447194
1127	30635261.413	0.017641227691353536
1128	30649221.799	0.02372520435004518
1129	30662184.658	0.028580100018231434
1130	30674630.496	0.019933317869687793
1131	30689928.021	0.03000968069419366
1132	30705486.21	0.02738333962044446
1133	30720146.681	0.020920328375180056
1134	30738064.194	0.02848602405267418
1135	30755271.129	0.023252623578797166
1136	30769667.469	0.022378189911231736
1137	30785636.883	0.02847833889712477
1138	30801279.874	0.039034967376957795
1139	30813998.205	0.029406418163905754
1140	30828446.515	0.04374368777970241
1141	30844424.934	0.027542516585941732
1142	30860087.927	0.03465209587252616
1143	30874997.701	0.030376035835193327
1144	30889779.364	0.03229775122286632
1145	30906031.46	0.03615825468008021
1146	30923859.631	0.05493025650571834
1147	30942356.241	0.03764953557083907
1148	30959196.522	0.028590940905914908
1149	30973495.804	0.013156964744414587
1150	30985884.794	0.02644553064606903
1151	30999855.61	0.02390744285940507
1152	31014021.517	0.010754908795784815
1153	31029520.389	0.007022758825448351
1154	31048153.216	-0.00483587375949717
1155	31065992.041	0.003648719293698306
1156	31078342.794	0.010819858171001173
1157	31092269.628	0.010687757443611052
1158	31104878.6	0.010257177631695853
1159	31117695.525	0.016221703691603053
1160	31130113.582	0.019587851993048515
1161	31145667.221	0.03783907095307486
1162	31162097.378	0.017713746360334532
1163	31174409.359	0.021425781256632064
1164	31191138.772	0.013026648297722944
1165	31205609.863	0.016687046521367748
1166	31219306.359	0.0038178607003163823
1167	31233154.288	0.01620643916608968
1168	31247456.944	0.017939679821913298
1169	31262631.37	0.007691743158734059
1170	31276078.342	0.00886105295406255
1171	31291904.364	0.009785863285905305
1172	31311247.979	0.018884837878509315
1173	31328155.791	0.012583526815167697
1174	31344397.886	0.012217086341586332
1175	31362398.586	0.029053732321404676
1176	31381284.511	0.026377697949791144
1177	31399041.002	0.013653577547737612
1178	31416714.513	0.009905608772062315
1179	31439616.013	0.018865270020271635
1180	31459077.027	0.015163389016833142
1181	31477975.198	0.021898006679297307
1182	31493514.072	0.014569525850182032
1183	31507186.337	0.01437390368721103
1184	31519349.878	0.01078202776386055
1185	31534393.956	0.01313816653244365
1186	31561732.063	-0.001718157608250576
1187	31583089.466	-0.003798552950801201
1188	31607608.67	0.0019712957551092617
1189	31630193.048	0.0037928543529366266
1190	31653247.653	0.004316932995294081
1191	31677717.771	0.0030421646986236142
1192	31699285.814	-0.002862115021481818
1193	31724468.741	-0.0007292071803749803
1194	31744641.676	-0.001345670999527494
1195	31768860.394	0.005549963356608666
1196	31788397.361	0.003475007007700616
1197	31808178.049	0.007954024087552579
1198	31830335.96	0.026821570104096932
1199	31848412.693	0.02051339629629975
1200	31869786.254	0.023709755505490062
1201	31895225.855	0.012641412923137686
1202	31911847.654	0.01728818144212716
1203	31930054.088	0.015713688000657783
1204	31946447.707	0.01784789687436851
1205	31966443.434	0.010440405176774826
1206	31986256.266	0.023743262065500866
1207	32003334.018	0.01565253790220513
1208	32018836.178	0.019153476556589482
1209	32032733.22	0.0220806980191391
1210	32047837.411	0.017449323621959292
1211	32065854.066	0.016594666527121306
1212	32082805.538	0.01918894759635701
1213	32099281.99	0.017218587432742665
1214	32116700.758	0.014490019628372883
1215	32133882.34	0.02385621015645656
1216	32153997.685	0.017188988398362554
1217	32172887.122	0.024859375162412472
1218	32189999.831	0.010835505492223773
1219	32206115.989	0.021075276490077424
1220	32221154.417	0.015343174768257202
1221	32237971.418	0.016276979286901118
1222	32256211.271	0.009660166857744712
1223	32275099.186	0.014897455620237117
1224	32292779.332	0.025272073960778563
1225	32309917.498	0.007407223095648711
1226	32326122.995	0.01588658200993102
1227	32345546.517	0.014379654090852866
1228	32371918.966	0.012052274624557414
1229	32393923.205	0.02262594946030221
1230	32415055.725	0.022067589259668823
1231	32437080.437	0.012684823075301993
1232	32453508.827	0.006704265025139089
1233	32470170.385	-0.000516937340987555
1234	32485119.912	0.005392607833217744
1235	32499844.671	0.005536431190307465
1236	32515144.145	0.012170564693628766
1237	32529051.617	0.013002306938037401
1238	32542911.622	0.0033769554931100394
1239	32555571.755	0.009995390347724332
1240	32569538.486	0.013618875043695284
1241	32587365.412	0.007087717673726096
1242	32600906.251	0.0002859103626465677
1243	32615816.866	0.010016703496403453
1244	32633920.755	0.024567462726505854
1245	32651341.633	0.02517100347761039
1246	32666860.425	0.021969392698568967
1247	32684033.47	0.01168282099471304
1248	32700627.124	0.005246221524867656
1249	32718780.358	0.014702574279839594
1250	32739275.762	0.016125177075039843
1251	32755959.723	0.0182154928524192
1252	32769594.58	0.014478653568882493
1253	32784453.634	0.013764076094581794
1254	32799819.656	0.0009764886175065257
1255	32815642.636	0.0026862690109663995
1256	32832102.26	0.0024922871089948
1257	32850943.314	-0.00073731926967623
1258	32869049.823	0.0037193011498298303
1259	32885562.648	-0.00010858514493542036
1260	32900636.931	-0.0033976478287987316
1261	32917411.532	-0.002301337711705778
1262	32932845.912	0.010439712999900475
1263	32948354.228	0.0036669128059507515
1264	32963375.137	0.012389743840557198
1265	32982989.4	0.015941994762117256
1266	33002315.631	0.022587968195263246
1267	33019831.881	0.006408531841107541
1268	33036897.3	0.004139034322518969
1269	33052203.44	0.0009822601381470832
1270	33068389.472	0.011272994173479373
1271	33089233.289	0.011753113317306824
1272	33106610.042	0.001964706954039815
1273	33126698.574	0.03315848986489016
1274	33141505.74	0.01693931099276116
1275	33158709.732	0.013170632676337371
1276	33180306.644	-0.0035817649080834963
1277	33196432.817	-0.010298487387681514
1278	33216113.196	-0.0017359988176059056
1279	33233068.931	-0.011017513666329155
1280	33248697.252	-0.028275444937938602
1281	33268071.262	0.016218428411704993
1282	33288805.661	0.005628380969244237
1283	33310432.966	0.0323423567030791
1284	33337087.052	0.0032602990987497843
1285	33354523.381	0.012312947336343747
1286	33370211.799	0.02214688593392662
1287	33387592.888	0.01613731937830033
1288	33406552.399	0.014062286845629626
1289	33427088.747	0.012947497442660261
1290	33445140.225	0.01515076499705153
1291	33463503.216	0.018366379233339305
1292	33482384.471	0.013506388880491459
1293	33502660.632	0.01232410461035345
1294	33520649.821	0.027213359889033076
1295	33539834.24	0.01385575408147497
1296	33556760.915	0.019621795353419944
1297	33575193.97	0.022813597753207265
1298	33593826.254	0.02143857081152923
1299	33611007.079	0.018034046731318882
1300	33627032.409	0.01422677076874384
1301	33645715.144	0.033555475742691285
1302	33664518.336	0.02998135005037349
1303	33681923.26	0.027795279888035682
1304	33698303.057	0.0234786647335674
1305	33715265.41	0.027864231018167363
1306	33732706.149	0.03001261830668645
1307	33751643.108	0.029116110846785555
1308	33774500.135	0.026174446986055363
1309	33793539.421	0.03791555002424406
1310	33807945.051	0.038270044037590586
1311	33825053.609	0.03335625497983153
1312	33843603.723	0.030634334445882823
1313	33859673.295	0.04303633685578347
1314	33877124.312	0.03078865654573475
1315	33891826.54	0.03540072740594464
1316	33909569.4	0.031521780486793105
1317	33926263.488	0.03653158982114983
1318	33944224.279	0.02770822338285632
1319	33963729.43	0.022779398591164745
1320	33978149.251	0.033452760515946395
1321	33991851.631	0.03157001267178436
1322	34006471.428	0.022169081529021747
1323	34022931.325	0.011859657131959559
1324	34039315.468	0.021777723125782848
1325	34055175.318	0.03375621889200552
1326	34072060.531	0.016952418506321926
1327	34092983.515	0.019815877354467184
1328	34109604.679	0.013912565509648533
1329	34132044.611	0.010633596857196176
1330	34159704.221	0.014588888441681075
1331	34176301.638	0.019105922839913643
1332	34191473.258	0.023787141382300057
1333	34207420.358	0.022307618162331184
1334	34226878.267	0.005084275444063482
1335	34248935.365	0.009816400672814786
1336	34270064.387	0.004351931777341502
1337	34285044.607	0.008697090667413828
1338	34303635.167	0.014763465332647625
1339	34329311.111	0.027504381643102708
1340	34349753.318	-9.048760612622269e-05
1341	34369483.75	0.03590425133435496
1342	34389601.137	0.03828020364215355
1343	34408258.89	0.022446550624828795
1344	34426050.396	0.022294875300938283
1345	34445435.208	0.036335973134019206
1346	34461309.453	0.03093016799534474
1347	34478673.21	0.02561289366698315
1348	34496914.963	0.028783541168139366
1349	34515018.572	0.030042507064531935
1350	34530188.825	0.017401939938336764
1351	34545099.743	0.025097558052079066
1352	34559125.083	0.038026697039207955
1353	34574306.545	0.03219734304299507
1354	34589957.416	0.03357359264374914
1355	34605387.214	0.020468822244327108
1356	34620550.852	0.01905353919035888
1357	34634883.378	0.02881535553138179
1358	34652875.436	0.03832104610651827
1359	34672521.205	0.016198284202127284
1360	34690136.05	0.01457415600256388
1361	34709146.688	0.026974940545107504
1362	34728647.469	0.020901922651540117
1363	34746653.679	0.0195069410890399
1364	34765884.075	0.02215854462583461
1365	34788609.992	0.02651703914079321
1366	34808085.987	0.02969439255897833
1367	34825736.946	0.02692114942104547
1368	34843600.358	0.025153715529166332
1369	34861864.438	0.02257664083774501
1370	34877260.745	0.027868131779769535
1371	34894055.712	0.023994402851725032
1372	34911418.407	0.03304171600061412
1373	34930370.006	0.024339988739151098
1374	34946363.171	0.022552660520052187
1375	34961329.234	0.020298845441013437
1376	34977841.62	0.024529464924012968
1377	34994050.036	0.026058232127828457
1378	35009976.471	0.020802276928486196
1379	35024414.615	0.022441897093924544
1380	35037763.643	0.026689471094915648
1381	35051625.291	0.03367730501780961
1382	35068526.359	0.03210550701369327
1383	35084553.624	0.03231403878535957
1384	35101885.603	0.01278462944595629
1385	35117013.521	0.021582661166197448
1386	35134788.299	0.02136561075756985
1387	35150205.535	0.02115490583678938
1388	35166413.44	0.02932356246765044
1389	35186248.091	0.027823240559694953
1390	35205186.924	0.027640033572453843
1391	35226379.779	0.026798779315202723
1392	35246911.191	0.03334852853130409
1393	35266453.071	0.032425882618745606
1394	35284028.53	0.03088780528433911
1395	35301689.279	0.03313602682370745
1396	35319221.25	0.023172510102887327
1397	35338186.91	0.024306204349468532
1398	35356355.563	0.030441768597764023
1399	35372913.004	0.024801337129814763
1400	35392884.605	0.036079758683630524
1401	35412685.409	0.024899276292533724
1402	35428564.163	0.030717236394390664
1403	35446713.352	0.021143064456877234
1404	35465252.767	0.031000108663068536
1405	35482654.48	0.035289677036995745
1406	35499313.922	0.035159996256992246
1407	35518379.185	0.03407758412274977
1408	35536800.855	0.03190419220279792
1409	35553591.436	0.030886252488421893
1410	35571004.873	0.02925465061071676
1411	35590944.336	0.027955404385405672
1412	35611693.817	0.036297073740785286
1413	35634074.576	0.04719327309744322
1414	35656352.754	0.03779368761799761
1415	35677496.095	0.022555449539626796
1416	35698927.812	0.022731035266455955
1417	35717702.246	0.034456115087100475
1418	35734957.456	0.05366971724190476
1419	35756703.599	0.03559026011434246
1420	35779401.911	0.040519693448011554
1421	35800207.898	0.032455974510516974
1422	35823985.314	0.03153261968178161
1423	35843401.755	0.030011830881268502
1424	35862338.154	0.02851038930434874
1425	35879862.137	0.031187722309487704
1426	35895964.477	0.030063809834164564
1427	35912366.842	0.03320258744071786
1428	35928205.082	0.01935045869948956
1429	35948015.138	0.03179276641329264
1430	35968404.629	0.03236539115360807
1431	35998662.02	0.036816514302629
1432	36020543.316	0.031541481634328544
1433	36039209.893	0.03421464797007759
1434	36055291.665	0.03523653528935721
1435	36073100.429	0.029412203131386483
1436	36089047.053	0.030123115325861694
1437	36105966.655	0.035872221215353516
1438	36126523.21	0.03241357709546419
1439	36150787.445	0.04213017540892999
1440	36171832.203	0.02779297978570345
1441	36194383.788	0.022213545445361638
1442	36217566.945	0.03133475360295611
1443	36235974.066	0.03195770608046165
1444	36253887.96	0.029814933971455928
1445	36273762.489	0.02168445683219218
1446	36291788.581	0.019757891574480428
1447	36310764.649	0.023338028520544417
1448	36330766.536	0.030138045687603657
1449	36350401.82	0.0202633528732755
1450	36369217.014	0.016712102275535465
1451	36387347.393	0.022217843003229567
1452	36409351.234	0.026728454111452193
1453	36432781.348	0.01013019667736469
1454	36456022.411	0.02382907076867347
1455	36476940.398	0.019869456189563456
1456	36497763.917	0.02158252170609639
1457	36519971.688	0.016560167448831122
1458	36540498.793	0.026972016374991258
1459	36560286.903	0.020621467349515588
1460	36581305.299	0.024121185952356357
1461	36604555.604	0.02688097572464625
1462	36628054.721	0.02723653455424639
1463	36655135.277	0.01515887892916806
1464	36677174.77	0.022880069410993693
1465	36700362.277	0.02368069348649108
1466	36721962.633	0.006091266290957009
1467	36740892.525	0.01861099756082049
1468	36759120.348	0.02892073259427504
1469	36775484.857	0.026007000991985642
1470	36790072.535	0.027719396669540736
1471	36807764.301	0.03463509437271541
1472	36824401.469	0.03308116764694468
1473	36840058.523	0.03569693035571973
1474	36855546.928	0.032409395756974727
1475	36873028.077	0.03545170100875693
1476	36894225.668	0.027799284427275275
1477	36913572.985	0.023037570490505043
1478	36930168.864	0.022835944839849104
1479	36948046.072	0.025511759744460894
1480	36971411.806	0.034554614733107024
1481	36990090.933	0.01948766016942061
1482	37007187.754	0.019336712534085136
1483	37023461.446	0.030625975501662277
1484	37072290.434	0.0319301498112494
1485	37109193.424	0.025952843379831895
1486	37144018.716	0.03048021932538698
1487	37168878.902	0.03687756312531313
1488	37188978.917	0.02965515819595702
1489	37207692.886	0.020963168354992158
1490	37224620.796	0.025574754603616374
1491	37241096.918	0.02384519988597972
1492	37257458.513	0.01680121085728888
1493	37277205.993	0.01569393891402556
1494	37303375.611	0.002426907605980807
1495	37414950.456	0.005791050827227835
1496	37441569.983	0.020404622327691583
1497	37461258.638	0.02720381030755488
1498	37483355.952	0.025341690866860028
1499	37503257.958	0.022938318313470877
1500	37529348.517	0.029201775603624358
1501	37549001.623	0.02983200536002067
1502	37564637.525	0.030497509957125857
1503	37584517.343	0.02880443526190347
1504	37606491.226	0.03190506581550189
1505	37627455.166	0.03556298798622193
1506	37648213.693	0.03299264545187459
1507	37675290.473	0.03421077100487148
1508	37696358.141	0.02806253148096716
1509	37712909.549	0.025223088979606307
1510	37736175.457	0.028798576535578265
1511	37759952.571	0.030733880098313907
1512	37783530.914	0.03300189935670155
1513	37806715.951	0.032423855718622704
1514	37833646.575	0.02952698206838507
1515	37856370.601	0.03167517202298514
1516	37882105.306	0.02818298905306826
1517	37904569.832	0.028638027960897136
1518	37924892.117	0.029118069924662707
1519	37945843.143	0.04077394032703017
1520	37968177.229	0.02328730617777002
1521	37990658.068	0.030480389325796338
1522	38009946.709	0.023020287736548344
1523	38027114.386	0.020891437024683605
1524	38048614.827	0.021631963246752917
1525	38071250.919	0.024578022161858296
1526	38089651.158	0.030761395524671983
1527	38106177.757	0.021062148193827575
1528	38127968.462	0.03438198108027021
1529	38157222.741	0.035069609616602306
1530	38185340.642	0.019661710611579633
1531	38212347.427	0.020384993105955845
1532	38233642.485	0.036393334016931414
1533	38252448.03	0.030466835714735088
1534	38274132.397	0.024081194067862303
1535	38293832.054	0.029987209942759895
1536	38315383.482	0.019356528343817677
1537	38340343.426	0.026788734949314115
1538	38360288.047	0.02860535440411972
1539	38377000.806	0.02645943888637916
1540	38395343.787	0.02803513236508718
1541	38412515.623	0.01752243078426565
1542	38428227.775	0.017249882198048766
1543	38445950.309	0.030682162743153486
1544	38463359.424	0.01875880437028988
1545	38479244.698	0.024337710735522915
1546	38497754.312	0.03325355690180217
1547	38525941.997	0.026646772454815275
1548	38546284.628	0.023441125153144428
1549	38566491.687	0.018687458265443893
1550	38586037.183	0.026097776307672835
1551	38607222.526	0.02482747301278325
1552	38627374.013	0.02797444555237634
1553	38650792.36	0.015515632127833173
1554	38674724.807	0.0007167227705970885
1555	38693926.819	0.011327833133751653
1556	38716194.515	0.027736684889518748
1557	38736028.872	0.026088101522520526
1558	38759586.833	0.027353163664237092
1559	38778412.572	0.024698074473173223
1560	38796233.226	0.025025015910077025
1561	38811730.537	0.031671843239996555
1562	38827015.956	0.03937775459020456
1563	38842514.965	0.030505640014129105
1564	38858374.66	0.013052384497365135
1565	38879818.85	0.016279508069070026
1566	38898864.524	0.01772260345790442
1567	38917050.34	0.023074812955624337
1568	38934145.68	0.026885339413874387
1569	38948730.027	0.03583522110357808
1570	38965836.12	0.03507302277127184
1571	38983608.91	0.0397251740665663
1572	39003558.343	0.03288094783354353
1573	39026305.504	0.03221724669793185
1574	39046337.679	0.02387847672922864
1575	39061978.084	0.020476140137099065
1576	39077616.178	0.02245130584518008
1577	39098571.445	0.026487612713144516
1578	39123476.401	0.034709966723633426
1579	39143577.367	0.0320886892238788
1580	39160678.781	0.033753904466042775
1581	39192091.206	0.02777069591069137
1582	39228066.496	0.034156224619741805
1583	39250435.539	0.03658258433795944
1584	39277076.907	0.007804832217168078
1585	39304666.064	0.027113307940917267
1586	39324295.741	0.018969518415638112
1587	39341576.753	0.03407748419116588
1588	39362184.123	0.01601478920173656
1589	39380900.769	0.01443822960805168
1590	39398286.987	0.023118246439193527
1591	39420145.732	0.02757236357671412
1592	39441070.316	0.03109663544128691
1593	39457121.085	0.032674409481445184
1594	39474894.376	0.029668642379838617
1595	39496192.836	0.03195108635299551
1596	39521048.904	0.028776505663808773
1597	39552063.682	0.018523549638147424
1598	39573134.822	0.029888527711434257
1599	39590723.973	0.03116495047948058
1600	39610015.957	0.03300464741191384
1601	39642224.94	0.031636307642028516
1602	39657389.906	0.03195625819321424
1603	39674234.531	0.022917535501738844
1604	39692682.058	0.028095552610217806
1605	39711326.384	0.03454288840545188
1606	39729484.597	0.03059676601702072
1607	39746667.962	0.035393344063575326
1608	39768960.816	0.04325945565100959
1609	39790274.947	0.03824095096209389
1610	39812650.013	0.03633262249614582
1611	39829258.315	0.03202564588167074
1612	39849428.441	0.029240732012909727
1613	39871496.08	0.029720057841894514
1614	39891521.799	0.03774858091226666
1615	39914211.421	0.03044598165298396
1616	39935406.717	0.03650893707494415
1617	39961945.608	0.03894922158487982
1618	39984962.264	0.02165653739183458
1619	40008385.269	0.022175198784733393
1620	40027183.246	0.03273483706530385
1621	40048864.361	0.0216986141192688
1622	40068978.549	0.019283524106778062
1623	40095809.062	0.025827934981096756
1624	40122342.097	0.036886412563088146
1625	40150327.86	0.04181033501297969
1626	40176399.476	0.04220796438172877
1627	40198926.974	0.026289740141469394
1628	40216774.075	0.029001341819029754
1629	40235907.651	0.03273987943781522
1630	40261022.443	0.026558831060044346
1631	40286233.2	0.028106631134332878
1632	40305585.624	0.02206056880501084
1633	40324188.603	0.022033633774082913
1634	40348617.985	0.022660420545950234
1635	40370387.807	0.02339420403780153
1636	40394140.099	0.029094592620252595
1637	40411644.174	0.023154140441182722
1638	40430652.073	0.020684959351296283
1639	40449579.246	0.025891014509597333
1640	40467866.894	0.00901652431708038
1641	40490965.446	0.02782174573279689
1642	40514349.287	0.03193501911739502
1643	40538997.684	0.022307600801345754
1644	40565065.228	0.015451183813259876
1645	40591574.64	0.025739403947294105
1646	40613391.125	0.017962527801518424
1647	40632354.973	0.025227373434326395
1648	40650774.705	0.01878152848787611
1649	40669068.386	0.031171289028798153
1650	40686873.488	0.02430692319137479
1651	40704826.805	0.020981557511305027
1652	40723164.218	0.030288161016751438
1653	40743965.755	0.03167168751917698
1654	40761879.991	0.032175118872054695
1655	40781736.835	0.02687927364849724
1656	40804422.118	0.03379400691634753
1657	40829040.474	0.034682923505596035
1658	40849639.882	0.0447606912604432
1659	40869714.273	0.03694109879417323
1660	40888867.957	0.03833004697163776
1661	40911693.282	0.03258456495587916
1662	40933944.735	0.028078255592696916
1663	40950504.538	0.028107209979924917
1664	40966762.825	0.026521548966351147
1665	40984487.941	0.03788702055331728
1666	41007335.35	0.023113159981981157
1667	41033870.194	0.017704030318411203
1668	41071707.22	0.028924307422425726
1669	41108416.249	0.027815957781763722
1670	41136813.684	0.020787142087789444
1671	41168329.45	0.03026579864858203
1672	41187289.883	0.030059101717152755
1673	41207251.726	0.0330133461032179
1674	41226770.698	0.03480874949107159
1675	41246390.765	0.019794857542974616
1676	41274314.255	0.02567977722769942
1677	41299115.932	0.029805481885911686
1678	41320318.613	0.021636703506182093
1679	41342656.25	0.03415676199196159
1680	41361362.821	0.033840172889815945
1681	41379561.26	0.03207004120810256
1682	41400918.673	0.032092647377320746
1683	41420341.169	0.028243932440218625
1684	41440361.215	0.032570161672856056
1685	41460951.187	0.03783985702969073
1686	41487450.302	0.028440593194080974
1687	41507575.207	0.033555162104225544
1688	41528708.647	0.02946966934667101
1689	41548674.361	0.037837646077387835
1690	41573191.409	0.031120059071870418
1691	41600472.906	0.031253802895705736
1692	41626936.336	0.040671887397033216
1693	41647162.643	0.03242138411856009
1694	41667233.278	0.03048118614447679
1695	41688234.98	0.02842976289799625
1696	41708743.31	0.030842874734028976
1697	41735579.178	0.03627890352962922
1698	41760950.604	0.03678607085217358
1699	41779423.851	0.026682660854407833
1700	41797500.255	0.03722079329501956
1701	41816549.536	0.03413850436945077
1702	41838740.416	0.033537767367048194
1703	41854723.89	0.031264706204713714
1704	41871469.246	0.03532483930114354
1705	41890835.889	0.027381380019163574
1706	41910917.786	0.027493217736931152
1707	41931601.871	0.026638343504312927
1708	41961699.232	0.025159415882247637
1709	41987576.11	0.030605314327371694
1710	42008133.742	0.03909123378780511
1711	42029070.957	0.04359477369100659
1712	42049504.005	0.03363888945900889
1713	42072197.958	0.03455212086905018
1714	42096489.06	0.02240865647547878
1715	42121643.778	0.01483801722192336
1716	42142566.584	0.023720490445104592
1717	42165604.228	0.017202238673696142
1718	42197053.13	0.0008231885242073204
1719	42219219.569	-0.0013631182111237124
1720	42231383.141	-0.0013141231770409604
1721	42244068.642	-0.0065419075536809965
1722	42256514.289	-0.008200246575802867
1723	42268886.776	-0.0076042385165074914
1724	42280758.819	-0.00907742007045963
1725	42294434.105	-0.006290453266678545
1726	42307165.263	-0.017226226586614775
1727	42318687.163	-0.009016688869529194
1728	42330644.656	-0.01620451008841976
1729	42343257.832	-0.01426236241059131
1730	42354773.171	-0.011289448957349964
1731	42365714.553	-0.010636676392261648
1732	42376975.881	-0.008924818424820222
1733	42388851.143	-0.012309517866514259
1734	42402488.038	-0.01336593026715206
1735	42415466.813	-0.014623557572361745
1736	42426594.381	-0.014133947649358776
1737	42436897.947	-0.015332168803179549
1738	42448807.448	-0.01350658286435811
1739	42459920.746	-0.014401577959817715
1740	42472175.123	-0.0201847570561755
1741	42485439.218	-0.008787816925191995
1742	42498389.953	-0.010876336509894887
1743	42509633.968	-0.008571236947714
1744	42522401.379	-0.003726406286211384
1745	42534699.865	-0.007123298319165662
1746	42547644.114	-0.005501646545260443
1747	42560357.767	-0.010519655283599855
1748	42573340.501	-0.005436946572791295
1749	42585720.614	-0.008449828107116846
1750	42597872.271	-0.0073198343912666995
1751	42609631.715	-0.0066589004047381125
1752	42621094.118	-0.00920379850991455
1753	42631925.507	-0.0050233679128805254
1754	42642833.671	-0.009636084328231848
1755	42653348.502	-0.005448399335924536
1756	42663832.154	-0.007496757240870009
1757	42674543.743	-0.007201222333841792
1758	42687108.257	-0.012367399587220792
1759	42700036.854	-0.01019542338467889
1760	42715185.03	-0.00620676681002026
1761	42728906.777	-0.003241990688004038
1762	42741525.377	-0.002778769403337081
1763	42753864.594	-0.008967455457654712
1764	42766080.44	-0.005570308393731452
1765	42778318.993	-0.01014604708918735
1766	42788528.806	-0.003535398883453794
1767	42801557.749	-0.004432170545591021
1768	42815391.878	-0.007046182178908658
1769	42829258.881	-0.0065495374417906494
1770	42839595.673	-0.007503636397003251
1771	42850099.285	-0.0031021610614891297
1772	42860822.51	-0.003435951178409394
1773	42871890.476	-0.0064235395212963045
1774	42884165.177	-0.006140246955577862
1775	42896154.304	-0.003634625469082667
1776	42909290.102	-0.0031271753613057738
1777	42923745.376	-0.0037125084728266396
1778	42936598.354	-0.0016618672682448595
1779	42956116.2	-0.0037436377906112832
1780	42972171.656	-0.0033531408004814738
1781	42987244.181	-0.006387348823835886
1782	42999131.991	-0.008322782134850073
1783	43010104.846	-0.008380215970991516
1784	43025768.084	-0.009150190113992105
1785	43043346.991	-0.004421468327523012
1786	43057442.127	-0.003729929918646291
1787	43069526.002	-0.0064169436060881315
1788	43082273.797	-0.005842302694231015
1789	43091474.906	-0.00366902394967025
1790	43101790.377	-0.004399885598234617
1791	43116793.839	-0.0012132816252247028
1792	43131886.115	-0.0041601637804813026
1793	43147549.495	-0.004175924728624084
1794	43158893.846	-0.0025318842606901876
1795	43169970.819	0.0023299131084809845
1796	43180495.33	-9.798269176834653e-05
1797	43191444.084	0.0022385128208042677
1798	43202137.517	-0.0013182910934092828
1799	43213646.805	0.0008377345778060736
1800	43223604.01	-0.0029605569131896108
1801	43234562.356	-0.0016435969867925127
1802	43245021.684	-0.000754916136562638
1803	43255328.729	-0.0012239717837016961
1804	43266192.888	-0.0008532030621500184
1805	43275547.946	0.0016620277178571634
1806	43284110.237	-0.0032153947585446202
1807	43294094.59	-0.0006007924224127472
1808	43306379.393	-0.002717603141496548
1809	43319436.173	-0.004454093498701633
1810	43329314.571	0.0010944551155753165
1811	43340054.36	-0.002067532895281656
1812	43351604.068	0.00028807622393934755
1813	43363815.558	-0.0009270811293246687
1814	43375377.95	0.001721142008539425
1815	43385586.127	-0.0004493280384610316
1816	43395012.324	0.0019832949784476706
1817	43408763.218	4.2271692695405236e-05
1818	43422798.125	-0.0016932100634061901
1819	43435365.316	-0.0034642493928685146
1820	43446022.551	-0.003285687552165785
1821	43457337.666	6.449168074858323e-05
1822	43470382.361	0.0017100450497885783
1823	43483138.97	-0.0024199010933176794
1824	43492591.9	-0.0035070638095671763
1825	43502393.405	-0.002108347835877249
1826	43512842.177	-0.0033305677645913633
1827	43524927.617	-0.007020442731987483
1828	43535802.598	-0.010498974210460019
1829	43546667.654	-0.007911515953180216
1830	43557990.62	-0.0062318103045813774
1831	43569174.449	-0.008041210402460055
1832	43582190.369	-0.004970964058558033
1833	43597103.588	-0.001277868861448569
1834	43609302.682	-0.0008073743179124987
1835	43618240.938	-0.0005188477967859592
1836	43630218.532	-0.004485734850820894
1837	43642330.0	-0.0030001642273017005
1838	43653271.938	-0.0031020049355041882
1839	43665480.243	0.0022493701805435537
1840	43679208.219	-0.0009831250370890814
1841	43691886.008	0.001675171228217561
1842	43701282.011	0.001278298456175546
1843	43711286.394	-0.00044713736204443047
1844	43722462.708	-5.823406738665001e-05
1845	43731876.554	0.0009090921800000545
1846	43741268.778	-0.0005195303678312621
1847	43753633.71	0.0023198220169941435
1848	43767697.796	-0.000990763715108286
1849	43781773.941	-0.0012640227281433976
1850	43795993.958	-0.0015910161957481193
1851	43808957.076	-0.0008232603438517176
1852	43823314.653	-0.0002605517157540641
1853	43835999.505	-0.0011765827116122732
1854	43846962.354	-0.002592745229014878
1855	43858019.014	1.622335427554428e-05
1856	43867803.79	-0.00043278943406529726
1857	43879412.8	-0.00027063494633140827
1858	43888928.691	-0.00010062821446782132
1859	43899344.918	3.17454028333403e-05
1860	43909994.738	0.002173604002777115
1861	43920673.266	0.0001192398633558303
1862	43930184.642	0.0004990482980143699
1863	43941083.66	-0.00030696842108746423
1864	43952677.233	0.0027426799480299055
1865	43964846.846	0.0024772552491190095
1866	43975540.039	0.00010059250034314735
1867	43988120.292	-0.0008536287586957042
1868	44001899.205	-0.0003328573568274856
1869	44014203.076	0.0009705714966139069
1870	44025060.428	-0.00040714934091646513
1871	44036326.47	0.0015951944994395788
1872	44050333.606	0.000948802747417673
1873	44064269.341	-0.0001213877298547984
1874	44075230.463	0.0018815047398762974
1875	44085005.842	0.0005856597282486505
1876	44093909.298	-0.0012053784417443674
1877	44103216.208	-0.0010004353475384054
1878	44114814.69	0.0013652014990239141
1879	44125049.715	0.0017202168899243982
1880	44135462.783	8.781268710261195e-05
1881	44145898.063	-0.000700023848573337
1882	44158198.357	0.00098143207553681
1883	44191811.656	0.01179941376436395
1884	44207457.668	-0.0002975834271825112
1885	44218718.609	-0.0014322093556559837
1886	44230613.067	-0.0007308431000343026
1887	44241204.266	-0.0031592731798025936
1888	44250799.777	-0.000851039123771706
1889	44261367.206	-0.0017758466241006377
1890	44280208.319	-0.0016282604956836457
1891	44300361.084	-0.001157224514739453
1892	44315468.751	-0.004137753837240415
1893	44325601.134	-0.0024692090233080543
1894	44335756.201	-0.0021869660343700466
1895	44347723.532	-0.0040741244166109325
1896	44359897.224	-0.0012815978369812415
1897	44376334.947	0.0032965339017234194
1898	44392672.464	-0.004227534480720958
1899	44413219.037	-0.0016554514012765273
1900	44446110.831	-0.003460892092877052
1901	44455924.012	-0.0026079946376831274
1902	44465654.854	-0.0016782083976232204
1903	44474957.6	-0.003377360761968965
1904	44485766.506	-0.002354374503602733
1905	44496219.573	-0.006006393490881585
1906	44507697.677	-0.001919376672080396
1907	44520243.286	-0.0013441716948274568
1908	44532603.291	-0.00023694642341350454
1909	44543070.484	0.00012597277769852986
1910	44554209.54	7.116141389983225e-05
1911	44565148.017	0.0006459343335404441
1912	44576001.833	0.0016624695972050133
1913	44586867.696	-0.0019237758938513618
1914	44599163.574	-0.0007335816971707412
1915	44612494.886	-0.0009187382462963965
1916	44624337.216	-0.0004672655747462649
1917	44635928.066	-0.0016370406038039317
1918	44645804.262	-0.0015493681567957174
1919	44655297.694	-0.0003812753349550569
1920	44667363.603	0.0014682171676402352
1921	44678694.668	2.5678920754896766e-05
1922	44688638.016	0.0014456098633164615
1923	44699265.843	0.004619394459110151
1924	44712441.758	0.0016060523776305498
1925	44722719.553	0.003366484771607788
1926	44734260.513	0.0042297388064837715
1927	44751970.825	0.0043873361091087675
1928	44765732.427	0.007720843775727703
1929	44778708.12	0.0051639802993162206
1930	44791128.623	0.0009341606248031734
1931	44801727.431	0.00047877021041649006
1932	44812394.861	0.0005667433514300584
1933	44828841.805	0.004777742840216609
1934	44872298.726	0.0033115031256545314
1935	44885206.23	0.0026994585263565587
1936	44900326.467	0.0012407393689766774
1937	44912576.643	0.0007462742355239979
1938	44924731.653	-0.00014880168688318363
1939	44938208.917	-0.0009703103566568288
1940	44949591.436	-6.824375314914696e-05
1941	44962170.664	0.0012458245416554921
1942	44973697.056	0.002403826217709944
1943	44989613.951	0.0027854222711813773
1944	45006940.731	0.0014940683084085843
1945	45043930.173	0.0016082297258296799
1946	45058488.382	0.004143988345047897
1947	45071711.975	0.0037881475643506144
1948	45081682.133	0.002505041184429428
1949	45099244.331	0.004831822960936858
1950	45114945.91	0.003428711070627658
1951	45125785.731	0.003361846655848373
1952	45135733.332	0.0030515932853982033
1953	45145060.51	0.002345309372875723
1954	45155128.223	0.0025830210468588332
1955	45164730.128	0.0018429493765868162
1956	45174353.756	0.005435549941258962
1957	45183827.072	0.006206759696642028
1958	45193119.737	0.006905906421373968
1959	45202775.924	0.0030772782246870157
1960	45212857.154	0.006394324837408434
1961	45223325.484	0.004748213759316354
1962	45233640.187	0.0035610817470557647
1963	45244716.723	0.0017426808766530227
1964	45256923.85	0.0035547736921592624
1965	45267643.651	0.009207203165571392
1966	45277502.608	0.007486121638587749
1967	45287878.513	0.0070626069871932064
1968	45297660.007	0.008091989207460352
1969	45308934.605	0.005469437682019078
1970	45321808.714	0.003036036142575765
1971	45334462.175	0.0023451342678346082
1972	45345817.344	0.005035311672322391
1973	45357407.768	0.006004258780116622
1974	45368346.139	0.008404857114251253
1975	45379170.544	0.006690118928360891
1976	45390574.086	0.007097233879174062
1977	45401461.23	0.003424107443364184
1978	45411385.95	0.005187736856186385
1979	45422749.633	0.002533796829527895
1980	45433188.162	0.007494611853870844
1981	45444721.924	0.004348968369143552
1982	45455859.913	0.008466336948385122
1983	45466508.129	0.0023638948947011956
1984	45475807.702	0.003726045102956252
1985	45485815.326	0.0007942726149268264
1986	45495985.69	-0.000752423228647055
1987	45507500.555	0.0008096500264870602
1988	45518086.601	0.0010611786659255123
1989	45527514.019	0.00022769447798921184
1990	45537519.304	0.0022995442680076865
1991	45549495.266	0.0015284907979573588
1992	45561098.802	0.0010299981509954887
1993	45573024.24	0.001392706149384027
1994	45584904.539	0.0017531840702001893
1995	45596826.587	0.0012462532034954383
1996	45608768.446	-0.0006937481956288952
1997	45619699.076	0.0009144227659379099
1998	45631081.984	0.0007941058634167007
1999	45643477.999	0.0005983126033994248
2000	45654585.165	0.0008949936972960655
2001	45664494.032	-0.0014961727518565495
2002	45676596.16	-0.0004765574391269488
2003	45692596.238	0.0013034841852297022
2004	45702500.119	0.004129989827129655
2005	45711689.558	-0.00026857359491363683
2006	45720494.783	0.002174147872051435
2007	45731774.754	-0.0028718652665332776
2008	45743602.614	0.0005827981337021405
2009	45756776.731	0.00430232135334373
2010	45769939.861	0.0018140309935857134
2011	45782885.412	-0.000747957913281035
2012	45795131.118	0.003333247141770996
2013	45806179.269	-0.00036500884324762337
2014	45818790.867	-0.0004611145290961752
2015	45831790.702	-0.0007340938389678173
2016	45844851.788	-0.0009276682474783246
2017	45856092.452	-0.0020126191731572097
2018	45867529.24	-4.668134565882174e-05
2019	45877872.42	0.001815239409674159
2020	45888518.369	-0.001247653628978068
2021	45902577.406	-0.003868540304375553
2022	45916323.434	-0.0044753205206444725
2023	45929126.192	-0.0037332269708373915
2024	45942559.668	-0.0065861741151613945
2025	45953872.048	-0.006386929354163399
2026	45963997.001	-0.008258143680750375
2027	45974819.986	-0.006712054261642585
2028	45995431.161	-0.009779857462695926
2029	46011093.199	-0.00638024003817379
2030	46022984.272	-0.005237212968580898
2031	46033639.126	0.0016243865554339738
2032	46045317.214	-0.0030846023236532558
2033	46057556.542	-0.0011226226787960398
2034	46068247.722	-0.00410246761485665
2035	46080420.141	-0.00361886421415857
2036	46094952.476	-0.0015493692849196145
2037	46106935.708	-0.0012236792934055155
2038	46118252.546	-0.0022805104517452874
2039	46128363.76	-0.0011599914449869455
2040	46138966.732	0.00021950373202529023
2041	46149572.565	0.0011603979153463246
2042	46160921.659	-0.0015769406885885351
2043	46172839.208	0.0005155126114434268
2044	46186929.569	0.00030135475144068375
2045	46201877.276	0.0011558817568578699
2046	46214024.393	0.0012037930037030872
2047	46224950.619	0.002774367996244957
2048	46236005.274	0.0028849481562627814
2049	46247856.156	0.0017185903774741234
2050	46260951.342	0.0012126288301642525
2051	46275371.97	-0.0005506045423913054
2052	46289856.954	0.000668848303186631
2053	46303744.381	-0.0011254124446875772
2054	46315339.318	-0.0010325159022446292
2055	46336919.357	-0.0012154562875531425
2056	46362736.786	-0.0016562903890200672
2057	46375242.759	0.0005336652279604389
2058	46387745.516	0.0033647378093971778
2059	46408016.529	0.00399523652310889
2060	46425856.639	0.00156220831418199
2061	46436407.13	-0.0015016475638210745
2062	46446805.559	-0.0029186985924746526
2063	46457990.167	-0.0012902282111898159
2064	46468969.631	-0.0027445087928850394
2065	46480041.055	-0.0011584045578296059
2066	46490662.341	0.001154252113827434
2067	46500806.159	0.00025792864453725006
2068	46511375.54	-0.001319575434913718
2069	46523386.0	-0.00249775764243314
2070	46537674.502	0.0008229957439734372
2071	46548138.883	0.0012444923590623296
2072	46560272.758	0.00023537225178624476
2073	46572400.996	-5.476489804952673e-05
2074	46584968.947	0.001030692332630865
2075	46597369.999	0.001451276734897376
2076	46609912.14	0.0006325197795275254
2077	46621143.883	0.0015095329065930101
2078	46633669.683	0.0005232359730315235
2079	46648884.837	0.0004928939560116627
2080	46659248.862	-0.00028312314522390547
2081	46668482.33	-0.0011778490473800896
2082	46678455.959	-0.0020557038237551126
2083	46688085.212	-0.0015446688717113185
2084	46695826.899	-0.0010179703728820581
2085	46706680.291	-0.0019826568704599456
2086	46723196.302	-0.003101353205234453
2087	46750231.083	-0.0006743750353860576
2088	46765062.331	0.0002628758380201329
2089	46777274.015	-0.0004428245065855997
2090	46789170.242	-0.00040863136266756494
2091	46799239.215	0.0002601521185149282
2092	46810267.525	-0.0017849487955712636
2093	46820349.88	0.0020006966846898857
2094	46831926.264	-0.0011243444946268382
2095	46845229.152	0.0016896127819467774
2096	46856923.897	-0.00012173369174249284
2097	46868824.944	-0.00015484238556010178
2098	46883732.235	0.0003308169972958093
2099	46899458.383	-0.0012607272142880293
2100	46914004.613	0.0016138398568519507
2101	46927601.25	0.002402141885989668
2102	46939753.7	-0.0016028213349156219
2103	46950360.874	-0.0018322731812908575
2104	46961568.932	0.0006855516279671237
2105	46974666.064	-0.0002605846257569061
2106	46990174.149	-0.0014279962228050185
2107	47004247.609	-0.00013233581777734375
2108	47015573.157	0.0008538054638105801
2109	47026342.106	-0.0003729983457248149
2110	47036785.656	0.0005738128334387534
2111	47047107.145	-0.0012361647733901643
2112	47057741.558	0.0004034525235281262
2113	47068422.315	-0.0022415220706891617
2114	47080883.451	6.715134658324565e-05
2115	47095431.01	-0.00036214554659243735
2116	47108812.565	0.00027215033643902256
2117	47122039.879	-0.0016665727330912612
2118	47139785.422	-0.000581186475654869
2119	47154663.81	0.001614857464180154
2120	47165753.957	0.00016887822451462458
2121	47176664.62	0.0018494265534923096
2122	47189499.077	0.0025736642303156487
2123	47202379.762	0.002393149208901949
2124	47213873.029	0.00140707521963687
2125	47226014.08	0.0023465441442751213
2126	47240577.494	0.0008113968369489179
2127	47255159.258	0.0017527546305284145
2128	47275286.09	0.00022585379076730288
2129	47289848.543	0.003162776027671703
2130	47299933.997	0.002296877913103687
2131	47311025.206	0.0031795370082628683
2132	47322590.219	0.002717923624203253
2133	47334466.288	0.0015741134262170597
2134	47347287.809	3.440030438420484e-05
2135	47357859.047	0.0012533081955916933
2136	47371725.52	0.002000472476952402
2137	47384826.387	-0.0008163562087331026
2138	47398136.47	0.002138565701429357
2139	47411057.601	-0.00042260778672541856
2140	47422658.941	0.0011172208465663827
2141	47437989.673	0.00041433114742896887
2142	47450319.849	0.00261989009453023
2143	47461802.887	0.0030952710268221423
2144	47474871.322	0.0025365162525194758
2145	47487051.005	0.0029152758107319934
2146	47498649.699	0.007171060717274873
2147	47510898.884	0.007044446802331213
2148	47523172.948	0.005608298697008837
2149	47534785.664	0.004467380331646741
2150	47545368.202	0.006840084289508815
2151	47556527.552	0.0037699313944091276
2152	47567783.679	0.004734053501312299
2153	47578292.465	0.004123155361778093
2154	47588332.438	0.003966091989944251
2155	47599495.888	0.003987297479396733
2156	47613308.656	0.0010038814749320096
2157	47624236.023	0.0042730789892176275
2158	47634733.627	0.003448772344940166
2159	47652709.259	0.0001875551157767175
2160	47677180.127	0.0033989492860625487
2161	47712481.118	0.0013563667330897364
2162	47726558.082	0.00019124063400401248
2163	47739049.347	0.00044574033763848425
2164	47752514.488	0.0007689561470912885
2165	47768302.018	0.001001452150964611
2166	47781996.607	0.0012761865704705268
2167	47798772.177	0.0001437389422851812
2168	47811428.401	-0.0019353295852266694
2169	47821548.668	-0.0017165054218340903
2170	47833342.996	-0.0005084662801509565
2171	47846197.031	-0.0009745147535813718
2172	47858814.421	0.0005390589814167713
2173	47870161.333	-2.354261113393604e-05
2174	47881042.314	0.0019637144130390132
2175	47891976.187	-0.0012760633337879548
2176	47903018.142	-0.00014193833294784213
2177	47913896.448	-0.0033388143365728133
2178	47923540.903	-0.0028187069733028496
2179	47932323.402	-0.0016399677857091447
2180	47940423.69	-0.002171339482685589
2181	47947957.298	-0.002642733888909647
2182	47956546.076	-0.0006965942318940739
2183	47965590.591	-0.0014564554936750832
2184	47975788.222	-0.0007772034931614095
2185	47987180.28	-0.003001793112140621
2186	47998757.75	-0.0009785876524241364
2187	48008696.301	0.0008450996056623586
2188	48019428.038	-0.001588590784375038
2189	48030322.598	-0.00263438213874153
2190	48041881.182	-0.0018186486415064363
2191	48055475.259	0.000582660543445055
2192	48068751.071	0.0004021761126529389
2193	48081722.232	0.0013961438826017255
2194	48094544.692	0.0006769631397223153
2195	48107316.485	8.108828716657237e-06
2196	48120717.627	0.0005733088563203684
2197	48133961.795	0.00020547620963575316
2198	48151651.647	0.00034938474406852755
2199	48171325.016	-0.00018601759086981298
2200	48183445.61	-0.0011180530854409006
2201	48196180.374	-0.001163854232520034
2202	48209593.409	2.6376298039149068e-05
2203	48223586.162	0.00035186917083143666
2204	48236950.235	-0.0009717901251351424
2205	48247568.951	0.000619555601807055
2206	48258779.836	-0.0005126433885986068
2207	48269944.92	-0.0003560663321211883
2208	48281631.075	0.0010752844893891684
2209	48294055.745	-0.0008836722965130444
2210	48306197.133	-0.001821529982994554
2211	48317119.907	-0.0001509797880707075
2212	48326296.077	-0.000470681596643418
2213	48338463.7	0.001094546242439056
2214	48351999.638	0.0006755297266845349
2215	48364765.46	4.837527269273631e-05
2216	48378759.564	0.0016689820831346353
2217	48391625.856	-0.0008500373492467295
2218	48404150.618	0.0006249649911125509
2219	48417259.017	0.00024149558459421382
2220	48430173.42	-0.0004282870319633309
2221	48444143.203	0.0015501841907834364
2222	48458796.781	0.0007381953478162877
2223	48471289.42	0.0026403457103810527
2224	48485858.696	0.001197996831891318
2225	48498506.272	0.0009802128670115845
2226	48509669.718	0.0006813280668590081
2227	48521032.501	0.0020584742295544096
2228	48531785.446	0.0016935112461478705
2229	48548041.053	0.005503999398272541
2230	48563209.438	0.0009982398575207314
2231	48576875.473	0.0005991883473434866
2232	48590644.27	0.0013437744489223978
2233	48602416.203	0.0011230899323502318
2234	48615237.299	-0.0008558867550122078
2235	48629674.219	-0.0015099594153211201
2236	48641810.921	0.0008151167944130486
2237	48652041.058	0.00034934165648440625
2238	48662475.274	-7.269401739434851e-05
2239	48674326.4	0.001085684258667132
2240	48686186.517	0.00017456043904507204
2241	48698505.571	0.0012848457394283295
2242	48711045.663	0.0013691930124780304
2243	48721685.963	0.0014328495264199757
2244	48733872.792	0.0032823765329849973
2245	48745581.378	0.004858230412658324
2246	48758108.082	-1.9409416454807692e-06
2247	48771983.237	-0.0010994783182357959
2248	48784850.956	0.0008029418137121682
2249	48798786.591	0.0016102007792619317
2250	48812905.41	0.0008857371618506654
2251	48829405.281	0.0030463725365080705
2252	48843492.766	0.00189168445739922
2253	48856343.526	0.0013296992849270574
2254	48869761.899	0.002310943138220575
2255	48882237.835	0.0008408649903268768
2256	48895618.034	-6.725311633455904e-06
2257	48909521.59	0.0015069646896221486
2258	48923233.904	0.0007345767782683158
2259	48938329.931	0.0033071040014939577
2260	48954081.691	-0.0003690898355512918
2261	48973261.97	-0.0034656899232135365
2262	48988615.5	-0.0002659270592060271
2263	49004843.012	0.0005812972592373361
2264	49022665.991	0.0015223174066482804
2265	49036148.304	0.00806290797093217
2266	49049771.896	0.0021054315345459124
2267	49066219.71	0.0038285316284299565
2268	49089749.303	0.0010020650455554248
2269	49111188.518	-0.0008732204356884395
2270	49135339.71	-0.000973684733912258
2271	49166524.289	-0.0006921499939815506
2272	49203969.946	0.0001702761612370854
2273	49247045.171	0.0005762019918880611
2274	49294677.036	-0.0004414844705425887
