midpoint	PBS
20730.258333333335	0.007614784468013879
37315.85	0.010685548949701211
51616.68083333333	0.008545738286951774
64760.323333333334	0.00653462218980422
78480.7725	0.006171658072544669
94494.43083333333	0.0031751774838137854
110573.66166666667	0.011227078966727755
123353.46083333333	0.013247545670576967
136027.51666666666	0.005315173447833947
149178.03583333333	0.009886465736179921
160552.18833333332	0.010895880930570622
170805.24916666668	0.005658165327458874
181891.13416666666	0.01028329307735549
195027.40916666668	0.010008120141364924
207746.785	0.001950899552842379
219297.67916666667	0.0009629937565552693
232121.4275	0.0059892221924700215
244244.21333333335	0.008278581176569422
254076.3425	0.007734029559700215
262408.20666666667	0.005020038577499681
269814.9575	0.001879793366185544
277093.7991666667	0.0006263159575040484
285453.94583333336	-0.0002525916376075934
298195.29583333334	-0.0004735740285720108
311447.32	0.002355418065618774
320752.41333333333	0.004387804109167405
329372.70416666666	0.004730265583168539
339122.2375	0.005935136189370939
348546.02416666667	0.004435854410525487
356644.98833333334	0.003453644411721068
364415.025	0.004017698183118593
372741.51666666666	0.0036057194245199685
383255.91	0.002244552969240061
394619.4175	0.0009383202607603359
402638.88166666665	-0.0007918075618292989
408651.7158333333	0.00102038323469737
416078.9866666667	0.004655494845965586
424372.7608333333	0.000983373394535585
432063.53833333333	0.00030324332221895364
439711.51666666666	0.005994936743405921
447494.8375	0.0065741340325910945
454797.00333333336	0.0028536032535206907
462562.4875	-0.00023249127709824545
471006.01666666666	-0.0003831942271111196
478682.14666666667	0.0036913844133656367
485258.06666666665	0.008385089358424044
491484.24666666664	0.008490179419782135
497285.32666666666	0.007031548617303505
503335.57416666666	0.0024018532555707584
510087.7875	0.0011037727830436825
517070.8591666667	0.004330403423384348
523565.8125	0.005541919568852156
531793.1875	0.001618220372521588
541390.4733333334	-0.0020546350521835695
549633.2458333333	-0.0049397583168885656
556776.3466666667	-0.009466234749521867
562919.6675	-0.0050807377973542634
568699.8508333333	-0.00320762442715844
574672.0366666666	-0.003910554568509949
581198.8133333334	-0.0015999154887934817
587824.2008333333	-0.0025557077012354967
594496.8716666667	-0.00020817961599038184
601560.325	0.0018020626792014354
609862.925	0.0005095982601378349
618989.7216666667	-0.0012348893185899561
626695.6941666667	0.00022244802591432283
633053.0225	0.00084208830741554
638936.205	0.0004201151300429576
644658.1091666666	-0.002206052443604973
651356.2858333334	-0.002721944981282516
659083.9608333333	0.002433770832707929
667139.4975	0.00716046317968262
674403.925	0.0053859162853822935
680823.8366666667	0.0026095605548741418
687088.7358333333	0.0028133206360604055
693065.7041666667	0.002664077052479118
699749.725	0.0018741802936722688
706860.8941666667	0.002429874227745312
713671.44	0.002674320304189215
719976.5541666667	0.002351059874303928
726398.8491666666	-0.00037897864728715717
733309.365	-0.00125796068502389
740416.2266666667	6.437832479296864e-05
747582.0933333334	-0.001402272427901162
755144.4925	-0.0013144163997691341
762285.2775	-0.001358250469574836
768182.0633333334	-0.002572033017452127
774159.3075	-0.0030169795402876674
782380.6683333333	-0.003787590230841399
792138.1025	-0.0022959268178235877
801322.6116666667	-0.0002141211093365907
809692.3958333334	-0.0016749182123972615
816796.2366666667	-0.0018882846870440122
823081.9091666667	-0.0004714986944821535
829173.9841666666	-0.001236135943315125
835522.5983333334	-0.0012548657520016142
842295.96	-0.0027372516176660195
848957.2691666667	-0.003779881863629634
855181.8158333333	-0.0019637863287558822
861945.7975	-0.0018953940228083528
868976.3591666666	-0.0025500148267367834
875986.3541666666	-0.0013962268049842002
883446.6425	-0.0005395345331092698
890733.9308333333	-0.0016927880791906883
897594.655	-0.002601654729551889
904250.4633333334	-0.004352358361555359
911525.3025	-0.004477417956022653
919720.6583333333	-0.003590231613891816
927884.8158333333	-0.0025993151096836754
936166.5066666667	-0.0022697231753631988
944680.7741666667	-0.002804452395679422
953806.8516666667	-0.002706349336634687
962598.9866666667	-0.002990067356927901
970488.205	-9.882314814966684e-05
978777.3791666667	-0.0006995256720811094
987243.645	-0.0020863758177900333
996698.1225	-0.00234328391481617
1007460.2341666666	-0.0032573599812193675
1018444.365	-0.0013977548924636737
1029045.7941666667	0.0010883471958656888
1038015.7741666667	-0.0006738642399126653
1045494.5641666667	-0.0024935051531220927
1052239.2866666666	-0.0029855772320945074
1058613.1775	-0.004045449521846147
1065321.0058333334	-0.003064046303840021
1073168.945	-0.0030833071320266322
1081102.9875	-0.0032993332749455483
1088233.3641666668	-0.0007112292033116842
1095550.2933333332	0.0011862856992780825
1102826.895	0.0006570761783494339
1109657.0491666666	-0.0004561090743886099
1117981.0875	0.00045150005273091525
1126371.1591666667	0.00031320229511778703
1132486.6891666667	-0.0005411980726189863
1138693.8041666667	-0.0021348466102954745
1145470.8266666667	-0.0033833184943290735
1152088.8791666667	0.0006320211682872002
1158438.3383333334	0.0019409892071929277
1164670.2758333334	-0.0018008893859785629
1170754.5416666667	-0.0020117176891505735
1176550.7616666667	-0.0013777833914230206
1181722.955	-0.0002588577496346297
1187146.79	0.0018596081727486223
1193690.5716666668	0.002621370447814476
1200454.425	0.0035479713066553496
1207195.6525	0.0025408766516228577
1213716.2225	0.002284072005310801
1219923.9166666667	0.004406272106943837
1226470.4258333333	0.0040719477242589204
1232788.7808333333	0.003243064834137039
1240034.0691666666	0.0024603208138302235
1248817.2675	0.001676002267845608
1257918.0191666668	0.005930676045050097
1266680.8866666667	0.00953058249761644
1273959.5975	0.006259533694397286
1280776.0316666667	0.006964704787118613
1288113.49	0.008626949699649724
1295222.8125	0.0050436056522955635
1302874.5025	0.004517671658819207
1310836.4941666666	0.0032909788220635973
1318381.9441666666	0.004557386622075679
1325728.3516666666	0.012359046855279528
1332912.9216666666	0.013346320240056992
1340433.65	0.009392208674257465
1348202.6925	0.010406851265126625
1355205.74	0.014358380218471216
1361372.105	0.014492946536948853
1367168.9558333333	0.008828634192794435
1373370.9525	0.007894135701040412
1382398.5325	0.009059943506822817
1391748.8525	0.008432178200944536
1398774.2808333333	0.012158494286480326
1404489.2933333332	0.012809796657429925
1409680.0825	0.01001852220923552
1415151.8225	0.010759944695476038
1422476.71	0.008480583472254407
1430805.7283333333	0.004718385880605166
1437682.3441666667	0.013853844267935716
1443715.6566666667	0.01699762128564209
1450051.4458333333	0.010672587831947031
1456875.2858333334	0.008760853776838462
1463430.4316666666	0.00620306069551733
1469785.6233333333	0.00568876135438987
1476148.0533333332	0.004054146157044588
1482311.6658333333	0.00471284204990848
1488166.8266666667	0.0057945619121450576
1494123.1466666667	0.006278637754950259
1500060.4983333333	0.00660998685442121
1505674.8991666667	0.002580127096437034
1511140.8525	0.0005071013438525652
1518165.4666666666	-6.434274565040995e-05
1527349.9	-0.00012665280271771762
1535252.1641666666	-0.0011840008816257407
1541583.4266666668	-0.0027912920275709645
1547977.3166666667	-0.004096908312438158
1554941.6208333333	-0.0024234666740268057
1561580.4658333333	-0.00028147422807151066
1568607.3883333334	0.00046134978712614725
1577730.065	0.004428622151420577
1586551.2641666667	0.006728196858431279
1593629.8225	0.0051872876314085796
1599631.6841666666	0.0036409318239769848
1605378.3641666668	0.00413770244119387
1611806.3083333333	0.004307530292856658
1618476.495	0.005306293721740042
1624508.2408333332	0.004073979551353841
1633120.8516666666	0.0014783577819591778
1643461.4025	-0.0013873207618573496
1650867.2883333333	0.0016652063234679215
1656593.0908333333	0.004890848995096743
1662482.7675	0.006209878206358044
1668470.11	0.006518441438402615
1674392.9466666668	0.005555094702737354
1680545.8908333334	0.0072993929824897875
1687107.5883333334	0.009615931577820588
1693621.3125	0.007597617206940187
1699786.2341666666	0.006638757212553576
1705705.4775	0.010860815448396626
1711531.5691666666	0.006153587293599575
1717243.1741666666	-0.000904755629423694
1724392.1483333334	-0.002145332154761017
1732113.5575	-0.000739343541340925
1739364.9458333333	-0.00022716507654945822
1746004.715	-0.0022526718034082548
1753155.1141666668	-0.003284887180130466
1761138.8433333333	-0.0026058408198921714
1767498.6516666666	-0.0017866617308489798
1773791.6408333334	-0.0010660057342073293
1780647.2166666666	-0.0009545948611056062
1787230.9075	-0.000252562116779825
1794018.6291666667	0.001483021315373304
1801776.1266666667	0.004449907252244003
1809510.8408333333	0.005500486093428858
1817523.0558333334	0.004455525942886993
1825439.3508333333	0.002421287800687582
1835141.3775	0.002494212853613439
1851700.9191666667	0.006817902079100547
1867514.4391666667	0.007230940507647237
1877003.58	0.005216338116984713
1884228.3858333332	0.007569886045588281
1890489.24	0.006320893996504134
1896318.7791666666	0.005661561681150136
1902164.6375	0.005739761195230661
1907877.6316666666	0.004939366485641213
1913556.0633333332	0.0030127371509259685
1919638.2475	0.0013997541100833608
1925612.065	0.0043609403662235825
1931533.8625	0.0035742196111479808
1937622.6408333334	-5.7077867484860986e-05
1943858.9891666668	0.0008504165717954582
1950415.075	0.0025388338506247025
1956578.0633333332	0.0023497307035996
1962593.1558333333	0.0025937056607748315
1969745.3	0.000199243594532795
1976897.26	-0.00019652034822170312
1982754.8383333334	0.0020430607861107106
1988644.1075	3.4098374218731636e-05
1994875.945	-0.002079885279698891
2001295.4575	-0.0009328124469554545
2008337.2266666666	0.0011769650969709988
2015338.8175	0.0004082536726419545
2022917.7608333332	-0.0003208254070702432
2031148.7983333333	0.0008246871003187175
2038438.4366666668	0.0010890154231823568
2045157.1991666667	0.00028139645768254367
2052088.3341666667	0.0017510672744724277
2059434.3058333334	0.0037256442003662923
2067533.2116666667	0.002826043311967491
2075383.3383333334	0.0010167225247471473
2088249.0491666666	0.0022169522200861072
2102911.66	0.002976699580856437
2111512.446666667	0.0016947118323365426
2117963.44	0.004136788219362599
2124694.8183333334	0.005016270727165972
2131669.904166667	0.004681242115054124
2138829.245	0.003215210424368661
2147596.7183333333	0.002957065490049614
2159613.1883333335	0.003854356548439252
2170562.930833333	0.004962084499480073
2178618.9233333333	0.005068407513789151
2185625.605	0.0015941725798581895
2191708.545	-0.001730205679882888
2197606.565	-0.0002667240025124408
2203239.5258333334	0.004300683507608958
2209392.3116666665	0.00426600565821615
2216080.8116666665	0.00387278631420274
2222398.9033333333	0.006662511225607072
2228756.1991666667	0.00399441232500727
2237248.505	0.0013661609840589439
2245191.845	-0.0008892168977593829
2250783.2483333335	-0.0005534744642700906
2256821.1591666667	0.005038565260291357
2263684.0975	0.004807318828061574
2271915.265	0.0027859433035122023
2279291.6258333335	0.002561785932233836
2284807.8675	0.002307412147225833
2290328.29	0.00320234055931146
2296188.654166667	0.0058412394434435525
2302462.6958333333	0.004734394127480802
2308824.526666667	0.008147031354158393
2315574.754166667	0.01026267022130808
2322131.7083333335	0.005449442159423665
2329096.098333333	0.0061071455924966815
2336696.3516666666	0.0057047411412425005
2344036.365	0.0069142909975232125
2350659.9191666665	0.00854897676206486
2356808.805	0.007494760856745329
2362915.618333333	0.005921917012657954
2368876.9758333336	0.0021110110712571715
2375505.89	-0.0019463782926612198
2383762.89	0.0009239274179838529
2391310.13	0.002173434504371532
2397002.3891666667	-0.0005097186343564843
2402498.7675	0.0007796529983004833
2407914.0575	-9.318340885372963e-05
2413537.4433333334	-0.0012522246671013558
2419347.07	-0.0035120917012056233
2424857.174166667	-0.0021159399943197215
2430385.430833333	0.00011002657331150989
2436542.8825	0.0018876479190063171
2443136.5866666664	0.0037414348125580275
2449394.6325	0.004369919066564412
2455318.8316666665	0.0043888795955851
2461011.3066666666	0.0031865174896326077
2467051.8808333334	0.005895547498619014
2475795.065	0.009480660780420477
2485761.6366666667	0.006886143643348444
2493462.8925	0.0023728856929621637
2499138.2516666665	0.0014160939075520778
2504049.8808333334	0.0018374171167973648
2509335.325833333	0.0011923216658012302
2514743.466666667	0.0019075023736397096
2519789.4408333334	0.004392850298003578
2524963.953333333	0.0043292897144092376
2530327.1666666665	0.00010929980094559218
2535732.740833333	0.0011512249532987103
2541011.04	0.0020873903793773288
2546543.214166667	0.002150614685338851
2552336.5383333336	0.000301449588614069
2558624.5616666665	-0.00023384872842978073
2564805.2983333333	0.0003302887586462784
2570949.2983333333	0.0006622606237753899
2577652.1375	0.00024273215568750735
2584246.1641666666	0.0014871748304157264
2590635.0183333335	0.0022552099192567343
2599601.111666667	0.00016847016840908628
2608676.515	-0.00035367305683224663
2614671.5483333333	0.00113482102000896
2620593.115	0.0009109241313724361
2626765.4158333335	0.001075968526656814
2632659.9025	0.0031519285098778787
2638445.6016666666	0.006033535739792368
2643919.1825	0.0025619666550641424
2649478.9066666667	0.0035731741259212636
2655186.805833333	0.007254460554213022
2660692.6933333334	0.006382398099442784
2666344.805	0.0044939916806472505
2671830.32	0.0024522811803569266
2677110.58	0.005233670696563057
2682608.2183333333	0.007402878630901134
2688577.83	0.006621537932671535
2694970.685	0.004180366547001469
2701590.8241666667	0.003381191696497293
2708349.4491666667	0.004618088371157469
2714907.3108333335	0.002986338843835405
2721152.8183333334	0.0008252101737934009
2727082.1083333334	0.003524280127607577
2732893.4625	0.003980671872520428
2738934.6325	0.001623192313718519
2744788.1266666665	0.007296739967717675
2750226.66	0.00767907459642219
2755495.7941666665	0.0037401077218130346
2760834.8366666664	0.005324998687077744
2766247.236666667	0.004920458791896314
2771304.1325	0.004723395180984411
2776966.7058333335	0.0052844943576554875
2783236.995	0.010293978927110713
2789122.694166667	0.0148217531314714
2795484.1658333335	0.010296492630997895
2802405.546666667	0.009010369886048824
2809777.3383333334	0.014030046161153796
2817464.6933333334	0.011586222341439885
2824688.435	0.00979073267513779
2831489.8775	0.011786669289937605
2838304.3575	0.020925113912578095
2844698.8566666665	0.02331218446688962
2850616.2841666667	0.015907976297662656
2856875.8525	0.01263641288209187
2863921.4716666667	0.014348848197834808
2871232.5191666665	0.017178006514805347
2878016.2175	0.013515840187804525
2884932.4191666665	0.0055215749279400594
2892984.046666667	-0.00213623061970587
2906113.0625	-0.003353392778450671
2920169.3325	-0.0034047605523770987
2932255.1375	-0.004410140100575355
2943201.609166667	-0.006154178627643539
2951264.3575	-0.006107610821825793
2958732.908333333	-0.0017688327420816732
2965929.5933333333	-0.0035956790099658177
2972840.81	-0.005970378312803142
2982800.2975	-0.00374457709466008
2995388.4916666667	0.0023422991518903917
3005183.071666667	0.0045678089847270035
3012512.3108333335	0.0011888571253372928
3020137.134166667	-0.0003785492405724332
3027920.6483333334	0.0025612315382396817
3035720.3875	0.004421231207897986
3044131.3316666665	0.004688688089892954
3056737.5883333334	0.003826201350297816
3068772.0008333335	0.0059108076936160445
3075971.6758333333	0.01018397207949417
3084749.1491666664	0.009638888610666916
3093259.19	0.004964691861419754
3099258.7916666665	0.0028728503004706875
3105014.3725	0.004613778822303157
3111045.243333333	0.006287216531997912
3117465.8	0.010373251459636136
3124178.315	0.009733843803322989
3131095.0608333335	0.009728851991021751
3138092.3825	0.013307970352260938
3144587.3233333332	0.014856370580018078
3150863.2083333335	0.016523026787247284
3157064.1216666666	0.019456009175228453
3163076.36	0.020628236644333966
3169128.3783333334	0.018885293900831174
3175806.678333333	0.014123829438211971
3182933.4566666665	0.011156623679922114
3189534.2775	0.0095177603146832
3195535.6841666666	0.006067076576002534
3202884.904166667	0.00783655554926843
3211274.1241666665	0.009183223629110851
3218811.6491666664	0.010265783597258667
3225467.1533333333	0.009060367304733835
3231563.92	0.007339808892079966
3239223.444166667	0.0040192409735316514
3248124.7683333335	0.0006703942397055696
3255473.2241666666	-0.00017391158440422603
3262049.0616666665	0.0014941053740447343
3268508.0391666666	-0.00034448152510401355
3274372.453333333	0.0041317602583667975
3296080.44	0.013117655626735353
3333347.553333333	0.013916858691607938
3355383.9175	0.009066695323465318
3361741.5516666668	0.006469917576531823
3368074.25	0.013121705574773209
3375181.828333333	0.014517874083892273
3381468.3116666665	0.009284657694134914
3388308.2058333335	0.005902343041917751
3395891.055	0.0034189032966787224
3402601.3933333335	0.007302305863289288
3408850.2908333335	0.007329177900620093
3415367.0816666665	0.005106055533998293
3423034.515833333	0.00831312807567199
3431090.4316666666	0.009209351430452657
3438433.7758333334	0.0044620842760849395
3445071.990833333	0.003093534967126935
3451177.52	0.0013537146332739775
3456714.81	0.0013053188280337457
3461961.8091666666	0.003612142410327121
3467685.5433333335	0.003352283365937819
3474564.575	0.002366395644199245
3482443.2158333333	0.0032503481089612334
3489709.085	0.004955551122666001
3495961.2883333336	0.002856955792740202
3502368.986666667	0.0009165754426251745
3508014.109166667	0.003430142291223601
3513535.3675	0.007382430718263262
3519348.8691666666	0.006243310656272092
3524786.385	0.005844807092332555
3530539.47	0.009910478491599616
3536733.12	0.009065873989636533
3543181.5633333335	0.005330772140965252
3549594.509166667	0.004897716434700022
3556512.5241666664	0.00501743914063342
3564928.4275	0.007081285328325258
3573600.4966666666	0.004911372099909348
3581233.868333333	0.0024290942555632872
3588196.098333333	0.0010329387434164445
3594679.8425	0.00046536703512575566
3601261.5058333334	0.00225069072000473
3610278.200833333	0.0026504858939611006
3621126.045	0.0017946232113585268
3629835.4275	0.004034700200900749
3636902.9608333334	0.0032907347505808596
3643743.485	0.0015080960522959362
3650003.9583333335	0.0017585645767333967
3656324.4816666665	0.0005679018609852806
3663225.9883333333	0.00038021945059881526
3670737.058333333	0.0026536798703355397
3677755.9258333333	0.0020903862793856223
3683957.4608333334	0.001386499528610438
3691321.9966666666	0.0037186049590275556
3698926.0675	0.006039559756514034
3705864.0525	0.003977784598258335
3712776.505	0.0014692559028115914
3719201.9258333333	0.002972542467473173
3725353.5391666666	0.001739911658451971
3731829.1391666667	0.0008423327029665682
3738283.6258333335	-0.0004935282167905215
3744494.1125	-0.0016367964712657385
3750748.220833333	-0.001672385140627389
3757129.4166666665	-0.0030497610863296732
3763617.105	-0.003887103901287191
3769410.82	-0.010057846750635202
3774990.7291666665	-0.009936840812446904
3781077.7333333334	-0.008301094566186312
3787470.125	-0.01128097486534799
3794297.055	-0.011799953442441372
3801464.285	-0.011231465321680295
3808232.6475	-0.010359620076661533
3814414.6775	-0.010479748062255805
3820899.785	-0.00594141506274025
3828531.0366666666	-0.00018660176578523435
3835828.2908333335	0.0007435175364917058
3841941.3241666667	0.002188534208323098
3848345.720833333	0.00112406616183061
3854760.680833333	0.0014045341585205023
3860642.52	0.005169704046381355
3866363.4633333334	0.004234214641240617
3872960.5033333334	0.002414481245360526
3879852.21	0.008956615554351278
3885647.5925	0.011713618770591594
3891552.3766666665	0.007005401590949645
3898258.629166667	0.007315272740013843
3905823.08	0.008581579384465347
3912575.7	0.006294458572765996
3918062.609166667	0.004728770915277769
3923852.6758333333	0.011772010483700109
3930044.085	0.01567110487992803
3938789.759166667	0.008497962277435498
3947251.5141666667	0.008150467561607635
3953234.5416666665	0.010842961468552029
3959684.615	0.012131196620196872
3966485.8241666667	0.017017828731673543
3973116.066666667	0.014735641662479253
3980807.515833333	0.011700493973193888
3988813.5108333332	0.013404006238370191
3995947.9683333333	0.01032979878659385
4003265.995	0.00688124129401627
4010267.74	0.010934853467266241
4016505.5541666667	0.012121768434197884
4022360.8625	0.009519788221003975
4027906.5966666667	0.010427831978286893
4033455.0216666665	0.00897433937849103
4039142.558333333	0.006728232150282284
4044998.279166667	0.0079594790674218
4051045.825	0.011442340839974263
4056776.2066666665	0.01057830296602676
4061976.7725	0.008901036106073184
4067330.0141666667	0.008641811122104284
4074019.1725	0.004159178017165255
4080899.575	0.0054971507863628396
4088826.08	0.007514590868207676
4098159.6125	0.005313711467975545
4105630.2891666666	0.012790300520233758
4111644.7041666666	0.017974057540973268
4117420.2083333335	0.014419773197648549
4123050.2708333335	0.012826826082208878
4128816.4458333333	0.012685005918286899
4136207.046666667	0.012237138734181929
4145968.2116666664	0.015577973566124921
4155467.053333333	0.01940231034753327
4162222.685	0.01432141736242716
4167766.2933333335	0.011386375509550517
4174093.888333333	0.01237663888034657
4180526.410833333	0.013523817070198844
4186368.013333333	0.015903394719798153
4192202.885	0.016985007970817916
4197832.849166667	0.014002363195888358
4203169.9925	0.0055410117369404654
4209196.86	0.004509508656005128
4215422.0616666665	0.007999155449552976
4221368.0525	0.009500933074247495
4227537.5725	0.008016524071207244
4233979.5275	0.005423503269869145
4240609.9158333335	0.0036820013279783076
4247440.23	0.007286491550440147
4254673.489166667	0.01244735388382522
4262129.7175	0.018072037970504305
4269454.328333333	0.02235906417237455
4276831.47	0.021738357469834275
4283570.260833333	0.023785650329378644
4289828.089166666	0.022636911323443996
4296655.3675	0.02588088337507955
4304196.601666667	0.031721567222450474
4312061.2725	0.022199005360585285
4319894.226666667	0.011174004776768345
4327505.471666667	0.025774188331908924
4335243.220833333	0.030136597105836403
4343092.293333333	0.02959620688761489
4350966.1	0.02662476920502144
4357838.0075	0.022075234269192657
4363759.833333333	0.03393552164443309
4370285.653333333	0.041192274721984445
4377620.9825	0.05069251290194367
4385482.98	0.05577179945489964
4393653.816666666	0.04988513252297789
4401429.263333334	0.04497608599553453
4407988.6575	0.04536108608999365
4414533.145833333	0.04158159601819883
4421480.861666666	0.02873342004510274
4428228.389166667	0.020928945050203013
4434666.54	0.018336922329462647
4441784.473333334	0.02715735247628774
4449160.2375	0.027100920648841325
4456508.558333334	0.025572539965269286
4464189.566666666	0.029914615281987442
4471542.244166667	0.027966348354332763
4478636.84	0.0295467964148537
4485759.4591666665	0.029981041053086115
4493237.134166666	0.02215525522370585
4500789.998333333	0.017906697064231307
4508649.9875	0.02522744390882981
4516132.591666667	0.024008904593676734
4523678.0975	0.01517700012174825
4531144.8075	0.01782516163004016
4537893.451666667	0.019334081246526337
4544653.281666666	0.019942204714508447
4552177.121666667	0.022660812503133194
4560459.86	0.01865570986649401
4569471.066666666	0.016780347457519013
4577981.629166666	0.02301742018755003
4584632.5375	0.025513735687662287
4591426.2125	0.02274331477135978
4600376.005	0.017200402939596817
4611088.266666667	0.012381963897633965
4619938.610833333	0.011179739407647191
4626298.6866666665	0.008186697566487136
4632335.848333334	0.010042578514539048
4638397.398333333	0.01102293575154117
4644109.775833333	0.010375963166184332
4649555.4375	0.012289783646784276
4654535.013333334	0.01370756030826676
4659340.764166667	0.01449723311557848
4665551.923333333	0.014765643565992075
4674878.466666667	0.016709287538038062
4686408.3725	0.014743238418467785
4695365.466666667	0.009549079004925798
4701362.205833334	0.007897193345106664
4708446.120833334	0.010732546923684532
4716065.600833333	0.011056643438146102
4722943.189166667	0.011251877440710982
4730460.464166666	0.013705355746017283
4737616.760833333	0.01042685582256661
4744215.873333333	0.00940271607685042
4751568.385833333	0.013819411955599553
4759053.160833334	0.01293549860581835
4766292.8925	0.009983814069977804
4773373.301666667	0.012121847121452978
4780626.975	0.012704157388156698
4788067.260833333	0.01343473041886723
4795579.385	0.0134854767993941
4802936.348333334	0.017554980847610986
4809969.1825	0.017842637381805908
4817096.991666666	0.012157621270033392
4824070.0475	0.013179074233760624
4831012.033333333	0.017214029563528195
4837725.2	0.023107346825323137
4844546.340833333	0.023882637491774678
4851973.3	0.017669689966620977
4858797.295	0.016484413781983627
4865459.869166667	0.01604125943081879
4872230.5325	0.016385073561991845
4879923.826666667	0.026660148055562063
4888034.204166667	0.022807075118175053
4895638.5216666665	0.018463150081929034
4903890.024166667	0.019769484346530895
4911748.653333333	0.016499872427593754
4918599.775	0.01989599111162425
4927118.884166666	0.024922072700529287
4936753.28	0.024727476396993412
4944951.029166667	0.021497245653589937
4952955.989166667	0.02313964037359195
4960870.231666666	0.021088443764611543
4968361.886666667	0.015197955433187702
4975655.116666666	0.014730521261068896
4985467.828333333	0.019115508006207982
4997003.158333333	0.018776606393813167
5007219.045	0.012212096151039327
5015903.761666667	0.015325639561083087
5022780.886666667	0.0211710520987221
5028951.850833333	0.020325921953179605
5035726.003333333	0.01204584991259278
5043493.543333333	0.00903494866114013
5051227.4783333335	0.009474028646160109
5058375.284166667	0.005908796646320872
5065080.886666667	0.004480384285583911
5071456.934166667	0.007337539030348638
5077789.925	0.011102741921561349
5083940.178333334	0.008340273228034671
5090252.411666667	0.006718632507357711
5097029.733333333	0.0056944192278420465
5103637.3116666665	0.005441058187019146
5110135.705	0.01040162199331217
5116834.32	0.013670572210470877
5123852.580833334	0.01349090119883703
5131127.095	0.006560123972213442
5138004.691666666	0.004985847175022559
5143974.495833334	0.0068157293798685745
5150206.545	0.009356095862975698
5156883.3225	0.007057940630915305
5163259.925833333	0.004562341314001017
5169161.946666666	0.0063530336619875595
5174730.2175	0.006748817533635388
5180602.349166667	0.007410666234215451
5186207.534166667	0.005289082929145319
5191865.284166667	0.0034282532424098158
5197912.893333334	0.004846159336043472
5204284.085833333	0.0020753277698145303
5211012.6	-0.00071002285515739
5216917.765833333	0.002943468555690992
5222407.005833333	0.0036974356167686425
5228262.535	0.0003752255465069201
5234078.8625	-0.0004101951807377775
5239478.298333333	-0.0005899694861004754
5244692.6866666665	-0.0014236357564537648
5249694.616666666	-0.0018248085198144955
5254477.126666667	-0.0022796248394641883
5259582.418333333	0.0029479184979650814
5265098.241666666	0.007329023956872558
5270604.925833333	0.004985305189613183
5276336.199166667	0.003841323091030114
5282330.844166666	0.003673825226689953
5287954.528333333	0.002154431237299996
5293263.924166666	-0.00041750299132018386
5298552.681666667	-4.452280625574536e-05
5304322.380833333	0.0013041643379945063
5310537.245	-2.6008246356216577e-05
5316553.236666666	-0.0027303383450420987
5323096.200833334	-0.00241803203169851
5329703.431666667	-0.0015559181269428144
5335955.933333334	-0.003136842076811969
5343215.974166667	-0.0022728812936204023
5351500.973333334	0.0017591875116314156
5360478.770833333	0.002738060782720785
5369291.185	-0.000767214964217764
5376884.875	-0.0017955907547614353
5383741.594166666	0.0031874120944061423
5390358.429166666	0.008615495089633652
5396649.61	0.006634819272871142
5403428.6475	-6.823128520109388e-05
5412630.37	-0.0053556051364120885
5421775.743333333	-0.005609856047582704
5428669.965	-0.002069692146156345
5435656.739166667	0.002974375300987613
5442688.104166667	0.004682936769322284
5449192.393333334	0.001507117670305637
5456726.9625	0.0031122074253415195
5467112.9991666665	0.004554836666945974
5476666.879166666	0.0036914772127906678
5485002.099166667	0.007276034139253643
5493340.203333333	0.009984826263546215
5499736.043333333	0.006441023333804693
5506077.700833334	0.0034772564951234303
5515103.119166667	0.006710493637917276
5524391.990833334	0.0071442861426056735
5531169.380833333	0.0025904177291859614
5537564.574166667	0.002125855780639264
5543857.7491666665	0.006419399925202679
5549117.325833334	0.008920868540522474
5554518.6275	0.009368221420763918
5560680.925833333	0.0059900792573906545
5566344.785	0.002840009674522583
5572400.726666667	0.0053060520635268135
5579407.724166667	0.010785988503992433
5586045.789166667	0.014124288577332939
5592554.216666667	0.012787067519916812
5599199.6325	0.004660395310813946
5606383.55	0.003387357440760271
5613916.154166667	0.0027522390470794684
5621330.096666667	0.002176549320983571
5628837.9575	0.006023737255204735
5635987.131666667	0.0019121210529048694
5642571.574166667	-0.0041041994460136065
5649381.221666667	-0.0035812115736096237
5656581.601666667	-0.004367169656798953
5663164.796666667	-0.005731241226971392
5668946.215833333	-0.005782785934638595
5675720.293333333	-0.005732222581188461
5683130.595833333	-0.0042706256096347855
5689752.296666667	-0.003651335748808919
5696211.129166666	-0.001983659949291939
5702459.3675	-0.0023326005789261867
5709005.206666667	-0.004069378698967861
5717269.264166667	-0.004657069527240899
5727197.11	-0.0023795315423693767
5737794.278333333	-0.0012892510391740277
5747684.471666667	-0.0028056785007016414
5756059.468333334	-0.0028322383247235427
5763162.661666667	-0.0024749786509988057
5769981.498333333	-0.0011481438519528762
5777084.4975	0.0011243268605453636
5783824.548333333	-0.002293006745051695
5792004.0075	-0.0023121987194569143
5804546.699166667	-0.0026095606232169064
5815432.956666667	-0.0036338190063021636
5822035.440833333	0.00019877093495024404
5828624.333333333	0.005682151917070336
5834897.516666667	0.005453555626818653
5840948.141666667	0.0037556282401468664
5849060.683333334	0.0016441089686032278
5858744.254166666	-0.0015641892108828046
5866711.533333333	-0.0003110299730360708
5876028.591666667	0.0018060888845291604
5889748.6275	0.0008546497373994433
5905058.35	0.00017395773622284232
5916585.955	-0.00027507059539250345
5924400.2491666665	0.0001958173488308795
5931922.4625	-0.00023509460095056243
5938923.983333333	-0.0029948297682343052
5945066.62	-0.0027265295559323493
5951055.99	-0.0012513343678023524
5957717.6258333335	0.0006137693653985496
5964810.275	0.0011635355366126407
5972085.550833333	-0.0016943610928051413
5978784.473333334	-0.004353772440175269
5985184.5125	-0.005595454098358505
5991624.3475	-0.00516272938609502
5997896.230833333	-0.006459317324495045
6004092.795833333	-0.0067729469177963166
6010183.0775	-0.002919285459436833
6015867.7716666665	-0.002044858146019868
6021517.204166667	-0.0047929173691701795
6027962.191666666	-0.0036207029179797855
6034597.63	-0.0007709188315321081
6041013.820833334	-0.0006536567177968159
6047135.889166667	0.002204741969556283
6052848.8675	0.0026882533548041663
6058967.079166667	-0.00030183276330350664
6065597.971666667	0.0033584546584998045
6071967.898333333	0.0031448287264614267
6078352.07	-4.622081012043176e-05
6085190.511666667	0.0016189566015700756
6091830.023333333	0.0006626799196861929
6098038.465	-0.0009704583304318186
6104149.0475	-0.0009989097425445869
6110273.006666667	-7.207959171144017e-05
6117033.878333333	0.0023278740956213244
6123405.7125	-0.0005215444700470296
6129551.635	-0.004091464367454244
6135948.8225	-0.003786570624723715
6143159.216666667	-0.0021009053120890978
6157903.858333333	-0.0014635745591452807
6174337.448333333	-0.0009327876502931036
6186963.299166666	0.0013172600214877322
6197932.0725	-0.00038388684316686966
6205732.123333333	0.0005548748407656731
6212425.86	0.006142976298679716
6218818.455833334	0.00937636583571102
6226826.8341666665	0.006067756223624317
6235376.0633333335	0.00832704343252904
6243216.346666667	0.008022281379193424
6253328.360833333	0.0035152576167499132
6262855.075833334	0.0047976768707336664
6269521.593333334	0.00427279667620576
6276154.556666667	0.0024042807176893584
6282641.610833333	-0.0008235616429047379
6289233.2375	-0.0024060074907040208
6296587.9325	-0.0032849249501478383
6304049.3275	-0.0020768834467262175
6311314.543333333	0.0005523345541637178
6318832.508333334	0.0022437171112971504
6326675.531666666	0.005627951508109876
6337923.6975	0.00896576163120786
6352940.200833334	0.01658445939343627
6364526.366666666	0.01805724118074467
6371737.108333333	0.01756920060273443
6378713.0	0.015369963330355854
6385378.260833333	0.009894557900692994
6391372.635	0.006124422568888078
6398420.66	0.005467805724682391
6405609.5875	0.00836542416397018
6411762.683333334	0.008540706771649002
6418737.21	0.014042029154337386
6425499.726666667	0.01718482648718294
6430808.559166667	0.009449840263634105
6436559.210833333	0.005816898027425255
6443996.08	0.003321399860058781
6451928.560833333	0.0035819689618192914
6459576.1325	0.004540121845893501
6466860.053333334	0.006888880547185766
6473861.645	0.014699068840129406
6480400.294166666	0.01587044876595969
6486650.668333333	0.015807439297841105
6494104.1925	0.015435912263976986
6501657.536666667	0.017084374196290414
6507965.635	0.021279787786605286
6514856.0408333335	0.020640245786756675
6522435.535	0.01830902350823537
6529134.263333334	0.014879161515599157
6535046.3741666665	0.011180231872211946
6541319.235833333	0.01589139881512651
6548668.030833334	0.02045371513580363
6556224.214166666	0.020814272437887315
6563703.0408333335	0.015888011539181682
6570643.0375	0.012605327165400792
6576478.72	0.009066392584186504
6582103.189166667	0.008069586670144653
6588275.5875	0.010136909775500195
6594424.538333333	0.008760228693705442
6600005.5075	0.011125356006375757
6605408.045833333	0.011965410353312212
6611223.22	0.010549338215156677
6617378.070833334	0.012092520539264425
6623238.59	0.012395409420837854
6628811.430833333	0.010092792636929509
6634390.913333333	0.007244276838151739
6640389.046666667	0.00785152537532545
6647232.498333333	0.007157196301210774
6654788.068333333	0.006685988864621534
6661237.176666667	0.007077838998660523
6666467.858333333	0.006780164866174543
6672298.681666667	0.007613826941454103
6679124.948333333	0.008912937893057938
6685953.5633333335	0.005696596156884007
6692467.490833334	0.0032679945792609415
6698985.929166666	0.007128135031231873
6705247.644166667	0.012994953196630663
6711416.894166667	0.014508288801898962
6717073.2091666665	0.01051187604768553
6722290.220833333	0.008729766769679024
6728100.6725	0.006547362010563636
6734515.226666667	0.006976534657760533
6740960.136666667	0.005493877639693915
6747454.7508333335	0.004022181671839446
6756558.630833333	0.004226459234487405
6767670.713333333	0.006216804369312578
6781207.289166667	0.007726958921103252
6795363.189166667	0.003914693253625688
6806037.394166667	0.00019975167353914258
6814388.394166667	0.0014574256342152541
6821324.093333334	0.0041779256205043865
6828183.690833333	0.0021302665342490166
6835072.3625	0.0015368515059379277
6841053.9125	0.005179778626680963
6850583.634166666	0.0038840897441832136
6865649.9175	0.004177188291876084
6877525.78	0.003325678883328903
6884113.448333333	0.0029987982742556703
6890307.670833333	0.003105932609750402
6897563.885833333	0.006392733840766349
6905481.770833333	0.014012996307627024
6913424.830833334	0.013498085689583115
6920825.0325	0.00777769214828049
6927252.8	0.005441673308851943
6933157.900833333	0.004524469116775816
6939690.66	0.0016291155746779445
6947058.475	0.002088639565475393
6953925.514166667	0.003461103131600351
6960251.5975	0.004486550585045267
6966422.18	0.007241156515508227
6973632.708333333	0.003810760476927793
6981495.304166666	0.0018878488901345016
6988275.200833334	0.005550750041448103
6994075.491666666	0.007336858118463313
6999476.068333333	0.008017898044117469
7005572.2	0.00750497194647724
7012444.659166667	0.006029817498454844
7018827.424166666	0.011982642731743239
7024919.706666667	0.020451061981461124
7031429.161666667	0.02100930356666952
7037567.280833334	0.0196325798769874
7043220.596666667	0.022401786949851666
7049276.1775	0.024120160483447898
7055924.0875	0.024466765115154363
7065076.3025	0.017294723081501907
7074928.100833333	0.012890190718482396
7082884.259166666	0.012811289264715309
7090078.854166667	0.018722835991193985
7096852.615	0.018328328106059277
7103437.0008333335	0.012327916067780739
7110515.2925	0.012845601937222414
7118454.784166667	0.011026117812000257
7125939.3975	0.007643172397857203
7134629.164166667	0.00861612730714333
7144091.656666666	0.01170841887557882
7153214.071666666	0.0068297845892838676
7162194.140833333	0.003550423806441791
7169705.616666666	0.0049620129216992334
7176601.994166667	0.0011082852821207828
7184440.22	-0.0058190067537941
7194387.038333333	-0.010823817460716777
7205939.6675	-0.007808350467499096
7216466.755	-0.002368975831871591
7224946.696666666	-0.006002434162907223
7235822.961666667	-0.007939763314846119
7247974.890833333	-0.005291494016811009
7257057.0008333335	-0.010202782523355457
7264390.966666667	-0.01136403834906412
7271623.109166667	-0.008572608887166164
7282813.955833334	-0.008342255746495655
7297850.0775	-0.007200387747666079
7311818.070833334	-0.00982491743874879
7322604.319166667	-0.00891359946477854
7333360.33	-0.007661641034797714
7344107.7508333335	-0.013375691890396588
7352262.5375	-0.015330458182899775
7359966.704166667	-0.010257388070615497
7369128.185833333	-0.008217497803644825
7379061.67	-0.007717366235884185
7388180.718333334	-0.007955247920893914
7396879.6225	-0.007908773414678088
7405345.373333333	-0.004618709197347564
7413179.736666666	-0.006090909221568793
7419884.488333333	-0.00878963238323144
7426019.058333334	-0.007189154614006642
7433611.096666667	-0.006606414451501705
7442103.5525	-0.008329882432879595
7451950.409166667	-0.010086741869609917
7463034.443333333	-0.013278679501852585
7472782.033333333	-0.022126401646867636
7480687.379166666	-0.022494999281341806
7487673.206666667	-0.01484455426202954
7495167.601666667	-0.013626567661410162
7503131.365	-0.01267300463618111
7510694.01	-0.013928577325950714
7518324.585	-0.015561361582773929
7526767.2425	-0.010947871145782669
7535273.1225	-0.009774803611901887
7542902.659166667	-0.012963460056877967
7550844.995833334	-0.013485309444150242
7558312.606666666	-0.013243534785706725
7564263.361666666	-0.017278790794578076
7570460.653333333	-0.02167644754142178
7577433.201666667	-0.023225446499239834
7585634.5841666665	-0.020350454369000716
7598291.270833333	-0.014536702782290821
7619646.956666667	-0.0073084464901871735
7639530.589166666	-0.006397871395960718
7651427.143333334	-0.0057237103137047956
7660995.195833334	-0.005986347843667882
7669335.6658333335	-0.010676588974626219
7676905.3825	-0.011434335926516765
7684539.511666667	-0.004273595968424189
7693959.151666666	-0.002497241187343101
7705987.850833333	-0.005969150942119858
7719226.560833333	-0.008452814900890922
7734263.185	-0.008469572361066546
7751958.099166667	-0.0038494948731425532
7767121.2716666665	-0.006908626658224987
7777772.1883333335	-0.009477788598730741
7788298.070833334	-0.004187452839011425
7799390.805833333	-0.0034654777397445553
7809348.094166666	-0.00461617343087579
7819904.395833333	-0.005504877285235819
7833134.95	-0.006999369868461517
7845467.479166667	-0.0031854562598962423
7855344.179166666	-0.0017837299532615326
7865339.905833334	-0.003418392747830374
7875480.883333334	-0.005296806454472632
7885735.498333333	-0.007428513545878224
7895020.906666666	-0.00787579161350975
7904622.920833333	-0.006335627331479593
7916305.463333333	-0.006073013387636648
7926735.094166666	-0.009137872228932553
7934890.27	-0.008278732729309679
7942826.734166667	-0.0010653247735889582
7950706.3375	7.771314770938721e-05
7959017.270833333	-0.0024745715601454787
7967515.676666667	-0.0023595963910238963
7977044.675	0.0015957044547017037
7987702.829166667	0.006399497974644155
7997636.658333333	0.010643651931954518
8006176.934166667	0.014164419843609891
8013546.5875	0.017438041177476295
8022205.2775	0.010925844952304122
8032676.4725	-0.0009305826606319311
8043092.6925	-0.005325666234963049
8052145.9325	-0.0063620142761422775
8060506.056666667	-0.0062227683788482705
8069500.1241666665	-0.005493823005244138
8078384.015	-0.005116553265475311
8087052.766666667	-0.005661878697528257
8095557.633333334	-0.005976134318350256
8103658.0575	-0.00676093945731658
8113116.141666667	-0.0037951186063535647
8124680.275833333	-0.00466955636838381
8137080.991666666	-0.00795934403612707
8148380.106666666	-0.007561521275851423
8157289.6025	-0.0025277622267233816
8164879.428333334	-0.002270217949483083
8172735.7025	-0.004892983550188783
8180792.7625	0.0024116594428879533
8188921.3375	0.0021691571600997253
8197273.96	-0.00030803130033149937
8205757.961666667	-0.0004380934795079088
8214148.173333333	-0.002745041806031929
8222878.383333334	-0.001964562427810726
8231141.8525	-0.00016755809396170959
8238592.030833334	-0.00276822452856761
8246000.055	-0.005422447817215091
8253464.985833333	0.000287879965114464
8261291.306666667	0.0020585545533138862
8269888.430833333	-0.002436392481187178
8280118.648333333	-0.001822723925375823
8289187.694166667	-0.00013589027248179554
8295870.114166667	0.006532051948176339
8302214.51	0.008002947523847982
8308543.989166667	6.507942790264067e-05
8315007.923333333	0.0006848300878801104
8321500.076666667	0.005764597581504146
8327639.2025	0.005175952997133418
8334166.185	0.0021319470597186063
8340800.890833333	0.0037171224868223374
8346849.5625	0.005117428664077417
8353282.3225	0.0014232022381388699
8360336.339166666	-0.001150503176225465
8366961.851666667	-6.351197149735169e-05
8373538.523333333	0.004102864139963141
8381760.139166667	0.0033667586994016027
8390416.764166666	0.00025054220295865544
8397516.8675	0.0023078734247188033
8403869.23	0.002820179691831871
8410453.064166667	0.002180571693072632
8418075.73	0.0021191072565598917
8430335.855	0.001891065489653278
8444215.205833333	0.0010290180190778942
8453777.106666667	-0.001215728855076877
8460722.7125	-0.0026377889027395336
8467845.094166666	0.0006166460177889912
8474691.421666667	0.0001956512011837183
8481171.055833334	-0.0016717139708942645
8488356.933333334	0.0024544028870301777
8495662.575	-0.0015836448007787883
8502425.2375	-0.0067452346374363755
8509490.96	-0.004093287093756413
8516530.524166666	-0.004894091880565414
8523502.175833333	-0.006966332671386637
8531240.165	-0.009165437244338083
8538901.583333334	-0.008774893935388463
8546072.474166667	-0.00545898596418723
8552835.246666666	-0.00890461849322305
8559855.015	-0.014230864346326012
8567038.5925	-0.010869566280338075
8573842.385833334	-0.006661396157423395
8581559.615	-0.004599038995744672
8589775.551666666	-0.00608320526540363
8596632.7275	-0.010826660592481187
8603302.966666667	-0.00888669541010154
8610280.943333333	-0.006845137470573474
8617106.229166666	-0.005911823701320533
8624029.975833334	-0.004964850625326024
8631634.321666667	-0.0067349535248305255
8640954.8975	-0.010751748909427284
8650501.5725	-0.014549657692121765
8659082.601666667	-0.01474828216462742
8667077.636666667	-0.0041056369659382376
8679198.993333334	-0.0016531928145220968
8693221.150833333	-0.005714990607630761
8703304.1325	-0.00982998632366738
8711432.839166667	-0.013422800637932665
8719177.91	-0.013890372717715505
8728121.7225	-0.02252774574167863
8737596.906666666	-0.03038237885109675
8748720.569166666	-0.027077024031566352
8763166.714166667	-0.02185274257090002
8775777.743333334	-0.019660005657618336
8787197.471666666	-0.014409149262977098
8800791.363333333	-0.007153298914875994
8812608.950833334	-0.00026984024267165456
8822471.508333333	0.0021738295257493277
8832023.1425	-2.7083998932656362e-05
8841655.510833334	-0.006767368049778229
8850597.745833334	-0.012418383470551193
8858914.725	-0.01648216031287524
8867623.36	-0.0144190890260942
8875189.14	-0.00945056227465228
8882282.161666667	-0.012402731549251278
8890012.2025	-0.007151205340942129
8897350.91	0.000476533883005198
8903775.184166666	0.0006467276354874759
8910763.805833334	-0.0037904552714911484
8918046.085833333	-0.009463347750970269
8925102.304166667	-0.008940454701065338
8932433.185	-0.0010096322687694755
8939846.2275	0.004556603856893993
8949470.365	0.0015317857077910876
8962499.619166667	-0.008143277296432348
8975947.819166666	-0.012580127783314887
8986604.351666667	-0.006213986674697802
8994202.5875	-0.0015956265675431487
9001224.793333333	-0.0016609089269679206
9009045.9475	-0.0027493402660884645
9016895.485833334	-0.00019900165418651418
9025912.055833334	0.004772547223173218
9035016.190833334	0.015635661364665494
9043116.040833334	0.014614190577817774
9051680.545833332	0.01049105925351188
9060268.310833333	0.016093897657041407
9069413.340833334	0.0053469940063895745
9079070.030833334	-0.010068352844439226
9088548.168333333	-0.007417597293708288
9098589.604166666	-0.0031181543643024503
9108346.9025	0.002179008577879818
9117106.67	0.009706218524076963
9125760.911666667	0.015964215453154455
9135989.1425	0.011151334950017744
9148610.990833333	0.010164751351859272
9161991.163333334	0.013501901026727225
9173708.7475	0.003109222942132728
9185130.140833333	0.008587972574920522
9197064.271666666	0.01593205493065795
9208740.53	0.03853461827842473
9221146.818333333	0.051260358808922914
9233310.549166666	0.04209628737599887
9247346.278333334	0.0404829547340532
9260868.948333334	0.03500987144618229
9271310.203333333	0.02667804692874883
9281822.1475	0.029361011636695127
9293668.020833334	0.015399127515900233
9306905.5425	0.006277430081567702
9317290.156666666	0.006844904293867813
9325127.304166667	0.0052401543325562225
9333764.106666667	0.0017580029456111044
9342503.666666666	0.0015623613301253838
9351623.430833334	-0.004757123109186833
9362047.909166666	-0.0022737774305072807
9372388.469166666	0.008232733400568118
9381762.001666667	0.0027096686259225444
9393005.510833334	0.006693713590177932
9404990.64	2.8863902505538122e-05
9415378.299166666	-0.023229804887213483
9426091.41	-0.026984558929081557
9436633.355	-0.022558719478715777
9445509.201666666	-0.015018068419304543
9453751.925	-0.008158873071204347
9462887.576666666	-0.0013431855123234376
9473003.045833332	-0.0053214256825508295
9484734.2975	-0.006754367054635295
9496154.4525	-0.007708086945630817
9507037.813333333	-0.010168333049731172
9517489.209166666	-0.00766669302694225
9526890.585833333	-0.011007416907853776
9536548.569166666	-0.01873336907290034
9549643.255833333	-0.03080977188557914
9563128.68	-0.036236579590204765
9572831.385	-0.03153825795120088
9583061.704166668	-0.02188790344960902
9593976.865833333	-0.014427726224459016
9605080.679166667	-0.014231951438331367
9616968.5925	-0.01339494247768863
9628083.038333334	-0.012424502522979532
9638729.879166666	-0.011775436734955012
9649844.85	-0.006737585122776831
9659990.975	-0.0016026705961046676
9672438.1875	-0.0006120364119157265
9684950.403333334	0.002114756781213298
9695191.876666667	0.00042028445255782096
9705255.42	-0.0006816876216374616
9714045.5225	0.0013085522992898767
9722729.574166667	0.0026008293466231367
9731209.774166666	0.0015590242819985924
9739325.578333333	-0.000477107562688557
9747422.2025	-0.0037063463936535955
9754955.0725	-0.00549796209860519
9762568.2675	0.00046838759300567615
9770187.484166667	0.0026437178731864184
9778053.849166667	0.004523488286842419
9786664.973333333	0.006578286411544788
9795886.211666666	0.005977169043831637
9804946.3825	0.006029176510851199
9817796.363333333	0.008287857576014674
9833654.594166666	0.010568612505299868
9846130.590833334	0.009578401428727595
9858209.0375	0.007547976707109171
9869757.914166667	0.0043629660392046354
9879178.7475	0.0035606956307399793
9891203.535833333	0.0033299197773214153
9902196.471666666	0.0032543776343209683
9908981.045	1.9679616873724264e-05
9915390.625	-0.0007652878311819479
9922936.991666667	0.003813454998997056
9933153.336666666	0.008959230343709412
9943204.683333334	0.0071608110505270856
9951865.851666667	0.0029238569765794665
9961393.19	-0.00071597041132359
9970648.133333333	-0.005129477789889497
9978710.619166667	-0.002861925066171944
9986687.570833333	-0.0014497599461032347
9995561.368333334	-0.0003237532190825282
10004596.613333333	0.0033425965019809488
10013732.628333334	0.0060321314394369075
10023116.5275	0.011949694650756819
10031924.895	0.019301690613465677
10041327.46	0.030033109121157014
10050463.465833334	0.03289483394758451
10058013.9325	0.03153413572270183
10067227.055833334	0.03252353298849614
10077327.825	0.024131622621106772
10086065.963333333	0.028560068131397512
10095425.504166666	0.03330208163441468
10104953.654166667	0.030516336255741648
10112994.435833333	0.030625680606525103
10120234.085833333	0.03056199543844978
10128412.0425	0.030518999634986232
10137717.318333333	0.026023426326114294
10147261.825	0.024932507492904946
10156419.383333333	0.027896992053712884
10165605.189166667	0.03217149977022883
10176178.595833333	0.03299508483722773
10186173.849166667	0.03653459797760023
10193679.954166668	0.04834699182251385
10200734.7775	0.0532970354128499
10208069.993333334	0.046559566708120025
10215036.995833334	0.03859150345068654
10222748.719166666	0.04264506357602527
10230705.321666667	0.04312261090310205
10237553.458333334	0.034721121839613324
10244577.5775	0.03799571091973051
10251881.1825	0.05254281924739033
10259004.375	0.056356595363986815
10266039.221666666	0.0507419799854458
10273381.0725	0.02913463933182847
10280559.981666667	0.013406313855244453
10287424.665833334	0.012153406259334415
10294445.394166667	0.0051724560168612006
10300686.695	0.0019746836931137397
10306491.471666666	0.004942100623177316
10312850.801666666	0.005257246972785406
10319639.251666667	0.004506927397577249
10326701.688333333	0.003548549489006763
10333862.763333334	0.00237620455123401
10341323.458333334	0.0018926617396132152
10349042.273333333	0.005364754952615857
10356572.094166666	0.007309323462144935
10363635.515	0.005661570366222717
10370174.759166667	0.006187472710095782
10377088.228333334	0.005756003130588709
10384008.520833334	0.005139419503528128
10390553.8825	0.004807653272065041
10397375.165833334	0.005006021135779169
10404954.005833333	0.004734876666083196
10412850.689166667	0.00321955868202976
10420357.5725	0.0046135853082864085
10427110.276666667	0.002285181207757432
10433554.908333333	-0.0005081495439504801
10440366.208333334	0.004079831631977557
10447005.989166666	0.006120145589497713
10454529.155	0.003535016254220687
10462884.389166666	0.0016186052661619598
10470928.455	-0.0016034209099734112
10479470.1675	-0.001399469517866146
10487756.9325	-0.001530251001517605
10495666.8075	0.001151971754633309
10504049.975	0.004552291969954753
10512908.85	0.0028237453688146506
10521520.074166667	0.0038261880221215163
10531949.393333333	0.006792941049504235
10541364.836666666	0.005439189549397095
10547666.778333334	0.004686922017894777
10554579.699166667	0.007436810609547267
10561183.891666668	0.005003905587232813
10567212.4525	0.0017939525379362616
10573220.6625	0.01622579182365279
10578974.1875	0.021642899150814177
10584445.851666667	0.011898941157484784
10590528.934166666	0.008436966431157128
10598102.321666667	0.010052225865403969
10605597.5025	0.012785148611050077
10611978.516666668	0.009145977777087422
10617772.5925	0.009461642545502271
10623001.378333334	0.011196903901450478
10630789.335833333	0.008779312194564662
10640156.975833334	0.007675685929218749
10647923.871666666	0.00630912689406943
10654829.695	0.00477400568434457
10661283.61	0.006360584395004842
10667893.164166667	0.008036266801930507
10677312.353333334	0.007674204070321249
10689846.374166667	0.010778734636429707
10701053.608333332	0.012336450546400663
10711392.480833333	0.007391311428803007
10720827.8875	0.006161229170441046
10727276.049166666	0.007889809847201463
10732558.931666667	0.011595453382630792
10737920.554166667	0.008640371371016057
10743757.401666667	0.00468563962947081
10749902.333333334	0.011129199910059671
10756002.574166667	0.014786025781554328
10761939.364166666	0.016563613181080065
10768618.8325	0.017383616409351352
10775108.12	0.012843041447106287
10781071.889166666	0.011805158051718749
10787965.161666667	0.012344485191303729
10795087.758333333	0.013727477100246688
10802114.006666666	0.009002271897585188
10808235.9225	0.00670729647046166
10813473.970833333	0.005962646834456775
10818619.035833333	0.0038967114822391824
10823801.995833334	0.006156249174510301
10829740.056666667	0.00649800348343691
10835625.849166667	0.00538702517341005
10840704.955833333	0.006304073421175818
10845520.075	0.003798899452590427
10850526.189166667	0.0024424633423360226
10855883.975	0.005317069166675152
10861519.120833334	0.007102400294018173
10867697.698333334	0.00855064206688867
10873829.659166666	0.006362057998331366
10879439.4125	0.0017416384243368183
10885153.423333334	0.003266563825833464
10890798.895	0.004230242732109788
10896861.120833334	0.005117675947625066
10903494.1725	0.0049488240421676375
10910044.919166667	0.0013996465262092902
10916304.3375	0.001987924708161211
10921959.688333333	0.0025264980305096784
10927674.469166666	0.002434003635602321
10933412.931666667	0.004075616302898861
10939150.22	0.005779400864214013
10945460.468333334	0.006326769042664628
10951744.3475	0.003622900827362735
10957710.1375	0.0031068212265280867
10963649.911666667	0.002191041719531573
10969966.778333334	2.2206854453078344e-06
10976414.95	0.0010653684300923859
10982708.394166667	-8.38203386126676e-05
10989831.518333333	-0.0024542730335135447
10996757.169166667	-0.003281822535086011
11003260.2225	-0.0016270071627207652
11009499.515	-0.000857502529258907
11015262.430833334	-0.001429531559867669
11021075.3675	-0.00426345504848985
11027304.004166666	-0.00021747642319499893
11034341.130833333	0.004632353077882305
11041931.984166667	0.0037056234111707757
11049588.348333333	0.0008231088351069058
11058614.019166667	0.006975301294900302
11071729.218333334	0.006447475188364795
11084921.441666666	0.0015444404226610895
11093595.61	0.0013205517667743147
11100596.676666666	-9.885549384663728e-05
11107704.175833333	0.0035308574226126377
11114061.3925	0.0034367944360413597
11120860.595833333	0.005231679905029647
11128275.315	0.009065187604942128
11134889.454166668	0.009344006684278193
11140928.665	0.00834712541441117
11147390.774166666	0.007978375440897453
11157085.403333334	0.006455245342838337
11167142.079166668	0.006103468810227376
11174844.026666667	0.007292710060314602
11181950.423333334	0.004805601515415564
11188489.73	0.0020115037837346614
11196898.974166667	0.0033208270141353827
11208916.9675	0.003148006737062244
11221674.903333334	0.003326058417903245
11231247.74	0.006075372424361979
11239589.293333333	0.0053646258474338996
11248129.088333333	0.0015194475287842156
11257423.0325	0.0010468091778110713
11266367.059166666	0.00029243112093335974
11273424.171666667	-0.0014920367008365632
11282084.343333334	3.2394598458110916e-05
11298504.140833333	0.006998373670874863
11319840.166666666	0.007772916513466341
11333881.901666667	0.004615614287765215
11342933.160833333	0.003871246030408277
11355771.334166666	0.0025895702058201515
11372235.925	0.00416418166848501
11389508.094166666	0.005714958719441673
11402082.959166666	0.006306503247093637
11410926.936666667	0.0032138094173341757
11420421.291666666	0.000490637263735332
11429348.348333333	0.0025181010770871748
11437632.889166666	0.005084329444364036
11445802.151666667	0.003466566095037633
11453362.415	0.0017539838416870887
11459972.041666666	0.003463035557090177
11466265.991666667	0.006876399488323571
11472362.2425	0.00554026983266207
11478550.595	0.004211111361901151
11485193.691666666	0.006287774623400247
11492408.846666666	0.00731821389854224
11501168.620833334	0.009892967017781558
11510527.639166666	0.01670652655976917
11520245.906666666	0.01809284636171492
11530745.995	0.01768852132736559
11539251.758333333	0.017157454455428312
11547870.2025	0.012190672751286269
11557081.134166667	0.011279797396875187
11565080.795833332	0.009795320975069832
11572991.773333333	0.006917852592485162
11579765.475833334	0.011467271035627198
11586414.815833334	0.013204171684720881
11595142.216666667	0.008903851667939416
11603156.4475	0.010071886879235669
11614749.134166667	0.011914213739554307
11631207.848333333	0.009690042775492685
11645325.6175	0.014294677094365462
11656250.159166666	0.015582103357324779
11664838.3575	0.01047481351124146
11672368.426666666	0.0073831002014061505
11679338.715	0.008810802124216123
11688534.438333333	0.009743569485517167
11702371.563333333	0.008179522883995522
11716046.248333333	0.008151958989158175
11725273.294166667	0.00894863855523705
11733293.871666666	0.009319653887072801
11741516.4725	0.006803798411032072
11750545.5675	0.005009845904205214
11759521.5025	0.002623893428857782
11767143.4275	0.002370834679569613
11774804.469166666	0.005464578138776306
11782077.759166667	0.006861150387101821
11789190.6	0.00680669557510812
11796677.3175	0.009078377635186978
11805956.275833333	0.006613527701642204
11817738.978333334	0.0019663042939727913
11833502.404166667	0.0039837296237205415
11847307.874166667	0.005059333165510703
11855560.916666666	0.004506743717503464
11862973.3775	0.004836276650358045
11869626.399166666	0.0038106479396824602
11875836.2725	0.0038928599823545365
11881798.564166667	0.002149826359771443
11887981.924166666	0.0015247488571161045
11894734.4325	0.0064381279588139224
11901321.003333334	0.011353599195783286
11907778.451666666	0.013048057288595647
11914467.925833333	0.015897718216290605
11921949.755	0.010686763448744448
11929798.141666668	0.003908281624638437
11937142.855	0.0036217154923237835
11944332.325	0.0033802181175928425
11951390.729166666	0.0030259696664257977
11958788.769166667	0.005684861385606577
11966263.594166666	0.004512107611067755
11972636.0425	0.0001825177663797381
11979116.085	0.0025596550859871047
11986455.289166667	0.001997236330071377
11994016.278333334	0.004899701833661202
12000944.5525	0.007107815401107641
12007355.495	0.007028313437190189
12014557.849166667	0.008053525017502882
12021194.130833333	0.006279804784827933
12026871.413333334	0.005079375935968036
12032692.444166666	0.005684659983650292
12039009.119166667	0.008255630405250992
12045869.775	0.011945430172008109
12052919.850833334	0.014997619196848881
12060340.273333333	0.012860941136680609
12068550.529166667	0.011047988762236388
12076960.218333334	0.010171112111880024
12084590.218333334	0.010140548368304865
12092254.315	0.011697371921377387
12099813.071666667	0.01112682313621632
12108066.035833333	0.011211100131592362
12117888.9675	0.008683443518070088
12127391.8175	0.005814275736767948
12135810.415833334	0.004828290227670379
12143454.8975	0.0070820477902311905
12150975.843333334	0.010706792977124272
12158603.6425	0.009929227387635176
12168631.6825	0.01107309370248638
12181765.4425	0.013756581269726455
12192058.083333334	0.011572252158139916
12199139.313333333	0.01088619692889056
12205754.880833333	0.014574438267186537
12211550.481666667	0.014156675133715345
12217442.200833334	0.010852416923742817
12223351.969166666	0.007406030829890576
12229746.385833334	0.008982546268947381
12236637.189166667	0.013702910306346733
12242789.983333332	0.012131252255136688
12249480.153333334	0.013025409255247896
12259050.185833333	0.014421712864756325
12268187.3325	0.012213605432099178
12274450.021666666	0.011863950395071644
12280236.501666667	0.015512467904860624
12286260.373333333	0.01653821930549136
12292310.2325	0.014685128864980208
12298725.455	0.011860862071460306
12305446.549166666	0.008443464655158113
12313075.150833333	0.012507723005228965
12320732.1	0.01910968233886073
12327740.426666666	0.016577648875615636
12334682.9275	0.013019110874597168
12341232.295833332	0.012115974654636102
12347573.460833333	0.008614190366381204
12353447.785833333	0.0097756056172543
12358808.853333334	0.017586411091187686
12364190.749166667	0.01819150614457211
12369636.0575	0.013655213888967106
12374918.335	0.010291553538172418
12380507.475	0.006068902177363524
12386147.619166667	0.010093472514905668
12391720.62	0.01363442041277295
12397516.461666666	0.012070834926336383
12403176.683333334	0.010950745558773548
12408962.750833333	0.010261565932963032
12415029.391666668	0.009216784250792611
12421348.600833334	0.010997493011767442
12428009.966666667	0.02020999617755423
12434877.334166666	0.02006327205640159
12441667.595	0.01525705884819546
12448748.525	0.017039404395967458
12455720.441666666	0.013462158320222241
12461839.533333333	0.014773008516835173
12468250.425	0.01777965365871262
12475382.08	0.014397684365803205
12482920.193333333	0.012427745089629499
12490559.103333334	0.015914083594928838
12498128.954166668	0.01639639626370972
12505348.413333334	0.011788291985033308
12512049.389166666	0.009114234439300675
12518880.018333333	0.015662220784218108
12526406.45	0.02361215531703663
12534836.565833334	0.017742249674227755
12543548.679166667	0.014622969499045027
12551427.7225	0.015920609107610124
12558879.095833333	0.01449627412971102
12566561.751666667	0.011877511696281746
12573977.616666667	0.009816151037380958
12580969.774166666	0.015766634987132305
12587835.458333334	0.02071623136329683
12595112.861666666	0.019617347581874913
12604841.405	0.014518598279287006
12614101.041666666	0.011138874049752827
12620685.920833332	0.011601091106207101
12630415.235	0.012899268208763812
12652974.296666667	0.011489042718024816
12675282.990833333	0.005039624242857492
12686426.221666666	0.004135327795471138
12695133.095833333	0.005434946230530417
12710032.04	0.006507534429125039
12727111.476666667	0.0011159266518970653
12736519.79	-0.0023975834775083714
12743821.920833332	-0.0044173672893883555
12751689.266666668	-0.003964098306636647
12760855.6075	-2.8483277581971343e-05
12769886.886666667	0.004428404651873778
12777439.151666667	0.004000357658914329
12788799.918333333	-0.005703797561834242
12806108.144166667	-0.009700755364685756
12819576.024166666	-0.007172007384151299
12830828.535833333	-0.006605552842468071
12845070.653333334	-0.004760693772037757
12855290.41	-0.0033157514825783844
12861709.015833333	-0.004112627799074373
12868391.069166666	-0.004548165441847795
12875778.685833333	-0.00629687810385326
12883020.604166666	-0.0063610426364775095
12889302.659166666	-0.006771690267398633
12895236.755	-0.009518387502073995
12901393.3875	-0.007050802480576832
12909497.915	-0.0007653533309255316
12917914.0175	-0.0022323801131502066
12924208.483333332	-0.0016736585637260018
12931588.705	0.0017626710667462677
12942049.433333334	-0.00022478510327274932
12952192.47	-0.001027970278056535
12959569.893333333	-0.00012381580759289557
12966203.829166668	0.0015733212704557421
12972242.210833333	-0.00012719833924385292
12977943.170833332	-0.005120698618055602
12985594.230833333	-0.005289125765329904
12994980.915833334	-0.0028000907898105133
13002858.9125	0.002593170762613958
13009041.204166668	0.004632269146247811
13014947.133333333	0.0011588653532505172
13021269.344166666	0.003426283362712858
13028212.015833333	0.006595460197301064
13035151.78	0.004891510151855446
13042324.059166666	0.002881822463820563
13049772.6125	0.0023592108827618793
13057296.718333334	0.0009549182410816668
13064320.183333334	0.0013950442337341646
13073578.086666666	0.007681807294636013
13083183.308333334	0.010571521599507371
13090060.439166667	0.012119847603249656
13096437.15	0.008027369833600358
13102627.504166666	0.0030290871379602784
13109541.321666667	0.004428919466943279
13117022.815833334	0.0048576446174182445
13124061.729166666	0.003885830818260421
13130760.558333334	0.003782528900785997
13137481.721666666	0.005349682568919207
13144072.525	0.0058978901318519775
13150931.563333333	0.007798490155990034
13159040.1	0.0075317300154743045
13167800.473333333	0.0034080288719165763
13175226.370833334	0.0029586809570009546
13181427.286666667	0.0036538339288674374
13187646.195833333	0.0011714602906193906
13193901.478333334	-0.001913130322200801
13199872.116666667	-0.002428432795656557
13205667.0675	-0.0014704734653981884
13211877.500833333	-0.0014990265318466937
13218893.440833334	-0.0013476264744127753
13227716.4025	-0.0005037835985599856
13238288.846666666	-0.001670107729223314
13246793.2925	-0.0010442965096376239
13253036.915	-0.000216996747464512
13259155.224166667	-0.0014831224861799267
13265838.765	-0.0006752572989449536
13272275.675833333	0.0007581567148346175
13278697.880833333	0.0003273394017451531
13285162.796666667	-0.0008668803634076565
13290465.2175	0.0003849761593572788
13296025.4	0.002339649406029674
13302146.041666666	0.0005794000882519864
13307713.455	0.0006198229739668533
13312920.164166667	0.0026598435080293003
13318583.1625	0.0032222007123485314
13324635.730833333	0.00024364797623162992
13330785.805	0.0003235856369736617
13336939.21	-0.0001916824058475331
13342946.695833333	-0.0012984786309018753
13348751.04	0.003647535875269432
13354608.785	0.003270797520326264
13360946.605833333	-0.00022089351379560136
13367140.621666666	0.0023824334420304953
13373436.4775	0.004368802096034927
13380316.760833334	-0.0011391404040619725
13386543.8475	-0.0008832463986710423
13392176.803333333	0.0018301439175310045
13398036.524166666	-0.0016845868610864093
13405003.464166667	0.00037725900036243747
13413178.418333333	0.002727829991083547
13421272.814166667	0.0010419582329191117
13431059.815	0.0032002107299639645
13449937.548333334	0.0023144984169601035
13469601.03	0.00023701905447236254
13485116.7625	0.0012303538672221806
13498448.445	0.0003333435353586177
13507183.848333333	0.000124034327217324
13514927.655833334	0.00018138309301786906
13523823.300833333	0.00015182420142895674
13532506.9575	0.0010075157428525614
13538997.621666666	0.004055480485016969
13545169.983333332	0.0027736434065407595
13551388.035833333	0.0015539003115805539
13557786.739166666	0.0003448577821575922
13564752.75	0.0020238280386877024
13571591.645833334	0.0036616479113328417
13577567.171666667	0.003269365978882761
13583138.224166667	0.0034681321627526678
13589044.871666666	0.0009711878531141008
13595407.333333334	-0.0019008243490414153
13601671.776666667	-0.001202381300282503
13607854.474166667	0.0008196019902066779
13614269.015	-0.0021183501802134862
13620773.473333333	-0.0028111231473894735
13627282.813333333	-0.0015453486353948624
13633320.951666666	-0.0022612582589666935
13639079.07	-0.00044489536950285805
13644786.5625	0.0006086696849294308
13650263.7275	0.0009400208066759196
13657182.241666667	0.002370042336266189
13665344.1675	0.0020044651222016923
13672899.635	0.00039837198956000757
13680147.42	0.0017186851972566637
13687754.8925	0.0021833355495307705
13696005.011666667	0.000840258999050928
13704095.390833333	0.00019918271512145037
13711711.0125	-0.0024799651472960857
13719059.03	-0.0019707196919697585
13726095.0	0.0009179727542948039
13734834.19	0.002263448219589172
13744393.528333334	0.0012574716767136103
13752800.079166668	0.0037119465877617744
13760340.120833334	0.005182096005645701
13770072.171666667	0.0015419102244212952
13782893.754166666	-0.00019876817230285516
13793237.38	0.0006559798408175382
13800669.254166666	0.0025808376446762567
13808490.214166667	0.0023621735674264665
13816598.9175	0.0009979383134428956
13826175.483333332	0.00216169076878572
13835636.8525	0.0024523853331629188
13843252.460833333	0.0025734287154089977
13850337.991666667	0.006546687920509961
13857858.079166668	0.00799630784875248
13865247.386666667	0.004266238065961381
13871583.690833334	0.002302642065620842
13878380.249166667	0.0038963642049377537
13886353.096666666	0.0034615769428666195
13894353.958333334	0.00219051493037905
13902504.326666666	0.003978129746377464
13910961.725	0.0032829994993079027
13919358.78	-0.0016520007871221956
13927747.730833333	-0.0006055581133850371
13940123.129166666	0.0007362174830500071
13954819.493333334	-0.0036110988029271125
13965767.404166667	-0.010279992203648008
13976077.925833333	-0.010539628044587995
13986422.833333334	-0.006297850717034729
13995016.718333334	-0.005822139904936251
14002438.483333332	-0.007900676017812509
14009241.161666667	-0.007044873016914265
14016078.539166667	-0.005002755545436207
14023106.048333334	-0.008878043936595673
14030255.270833334	-0.014672866094958357
14037248.235	-0.016162177060153552
14043957.5025	-0.015934588314383904
14050486.285833333	-0.01591157169025964
14056557.385833334	-0.018846983787417965
14063316.0675	-0.01705870477605843
14070130.4025	-0.011615314336568386
14076788.950833334	-0.004736730170495607
14083790.700833334	0.0025129457903944772
14090150.6875	-0.002240201199350846
14096544.980833333	-0.00033995398732186336
14103332.1025	0.001870860055351899
14109629.486666666	-0.00014058703568594258
14115193.930833334	-0.006969652373761478
14121400.308333334	-0.011099343734374477
14128029.78	-0.011325219924855667
14133763.691666666	-0.014237901169865317
14139366.549166666	-0.009659288802909397
14145907.311666667	-0.005023499177331626
14152615.870833334	-0.003679334609893413
14158726.6	-0.002019704897084735
14164831.4425	-0.004241589598572186
14170908.4525	-0.00340646940598252
14176876.311666667	0.0012906363206789647
14183281.716666667	0.0015780809144355615
14190222.518333333	0.002098896032723717
14197133.963333333	0.00342545202794725
14203827.7125	-0.0015250325504665293
14210323.699166667	-0.006856364950244321
14216583.108333332	-0.007388884648818927
14225998.394166667	-0.005574879276016682
14236291.38	-0.0056066552307377695
14244895.394166667	-0.00024172043283957254
14254853.67	0.0024269620101757257
14264699.585	-0.000461453283723911
14273631.986666666	-0.0006574291930120767
14282161.383333333	0.0012604570231304864
14290646.795	-0.00023290780686364163
14299712.026666667	-0.002893881622835201
14311745.815833334	-0.004594080234012807
14324037.2225	-0.004144770784679568
14333082.571666667	-0.004523517078980518
14342279.1225	-0.0028582114453150377
14356089.171666667	0.007413225104863904
14370318.056666667	0.009019013501770328
14379511.4575	-0.0010602502775056203
14387325.615	-0.0024048951901418786
14395543.226666667	0.002165448977526161
14403758.276666667	0.0029241584315406553
14414329.738333333	0.001852548584865072
14425772.644166667	0.001420065139356415
14434948.834166666	0.000973641506453642
14444926.4875	-0.0012401399141451503
14454977.189166667	-0.0009498517015022371
14463273.1925	0.00024977284612493416
14471217.860833334	0.004236873170513228
14479177.326666666	0.007887537773455123
14487144.464166667	0.0053588807691827695
14495728.415833334	-0.006333687552560611
14504949.020833334	-0.014691156827662958
14514009.596666666	-0.018889094788568362
14522672.155833334	-0.01985814902741414
14531164.2225	-0.01390337879850354
14539608.800833333	-0.01371893348964625
14553569.1375	-0.011771232769312415
14567971.141666668	-0.009192300625630955
14576926.5175	-0.012124003873517102
14585175.426666666	-0.011476437137064492
14592614.1175	-0.008571769030645483
14600197.468333334	-0.003336934456355128
14608313.309166666	-0.008542106455302203
14615554.860833334	-0.015206389922967509
14622120.043333333	-0.009298074776522367
14628437.134166667	-0.0007926931998155458
14633633.96	-0.005923060051396598
14639076.581666667	-0.010258813816912698
14645777.063333333	-0.006262874612383699
14653145.104166666	-0.007831646952779226
14660484.736666666	-0.01187559222268069
14667179.188333333	-0.011675465612595508
14674101.2875	-0.008020741340368023
14681000.92	-0.00556145575436023
14687867.923333334	-0.005481379234905071
14694920.663333334	-0.015964491098255536
14701741.235	-0.01757200825582017
14708363.669166667	-0.015298257316826996
14715554.119166667	-0.013910829047326826
14723457.764166666	-0.013375181645075247
14730761.594166666	-0.015348106131796203
14738448.0325	-0.01605409484464164
14747527.9325	-0.024264978780945457
14756561.02	-0.03039218873719985
14765550.285	-0.028790629912622104
14774652.173333334	-0.0271228360092648
14783304.035833333	-0.0275775057777111
14791985.289166667	-0.028273598298143854
14800436.035	-0.022848772599164745
14808490.074166667	-0.013088060298520254
14817200.654166667	-0.011515970081144874
14826886.298333334	-0.013737251430816149
14838902.735	-0.014994620116912015
14854861.2675	-0.017151251532475986
14870662.483333332	-0.018137350670437872
14882428.2575	-0.02019705878517234
14891782.296666667	-0.01590145201110954
14903704.920833332	-0.013052458003557395
14919135.575	-0.019442896378159314
14933033.5925	-0.022301389214580764
14946051.815	-0.022227585154298752
14966637.341666667	-0.02027093375891815
15028022.944166666	-0.019288632872741178
15096803.611666666	-0.026062997338879384
15124468.6375	-0.02912574503510822
15139287.913333334	-0.026671759216549837
15153827.205833333	-0.02203677246886668
15169870.989166666	-0.0211716167110446
15186405.949166667	-0.02035514691940143
15200572.075	-0.02076417084575682
15220323.826666666	-0.027442033838723713
15243519.911666667	-0.028821156760456223
15260921.145	-0.02910567073438905
15274244.2225	-0.024774552650367005
15287508.834166666	-0.02698776028868682
15301450.2675	-0.03326346306605508
15315463.681666667	-0.030603908004298075
15329536.845833333	-0.02889302906928672
15344813.471666666	-0.028614424050449543
15364302.7225	-0.024257651462137774
15385506.004166666	-0.011586417792162393
15406376.7175	0.0084644604733085
15429526.255833333	0.010233592758643195
15450810.910833333	0.00571373961867214
15467551.3375	-0.001564850509117349
15482083.661666667	0.0014150052872162634
15495826.185833333	-0.0009440268966588527
15508621.124166667	-0.014650413730025645
15519599.231666667	0.0009769104899649138
15530011.753333334	0.010330959649311619
15540664.565833334	0.00478976009334423
15551984.58	0.0006088208438580232
15563533.635833334	-0.0065934370577793834
15574891.159166666	-0.011554984907963113
15588761.304166667	-0.006154180146530605
15602367.335833333	0.0053829418617126566
15613689.871666666	0.008793601732201548
15625358.8675	0.008337420995564608
15636502.235833334	0.006699581595627301
15647113.110833334	0.006458225510693327
15659740.3975	0.010503214831737523
15672674.5275	0.014161010469052479
15684096.95	0.01044929231550535
15694523.178333333	0.011460733350183931
15705450.123333333	0.013924638716417316
15718806.6925	0.013584501335205433
15735855.226666667	0.009299819639702741
15752083.038333334	0.001459645473277409
15763636.896666666	0.002518349582088996
15774145.635	0.005098582363378115
15784977.298333334	0.01401294255700745
15794936.915833334	0.015075043821425044
15804112.503333334	0.007061424614568088
15813794.474166667	0.00038242939130767116
15825015.473333333	0.0035095506944246204
15838630.039166667	-0.0026743839459782625
15851927.389166666	-0.003472254476751622
15865936.239166666	0.0012569244351573596
15879987.479166666	-0.0036087554322829086
15890350.649166666	-0.0014106123203922556
15899075.878333334	-0.0015216024149613489
15907780.575833334	-0.008046336362761747
15918120.858333332	-0.0005302170392064309
15929561.55	0.007437272260572871
15940198.514166666	0.007025141349775991
15949676.506666666	0.005900307196222544
15958389.299166666	0.008861888171995277
15967317.325	0.01414348724926715
15975368.831666667	0.016430702857527284
15982572.203333333	0.011765108977290556
15990060.735833334	0.005955847635830035
15997779.985	0.004634912278174051
16005709.211666666	0.009915899793228553
16013647.364166666	0.01717082090354723
16021978.808333334	0.017772254748460933
16029949.943333333	0.013083263681463625
16038022.625	0.009360056635861052
16046561.248333333	0.012342544144388751
16054217.41	0.022042400418685174
16062289.586666666	0.023363432700892743
16071276.0775	0.013839355329194485
16085591.9	0.006878481556610173
16101364.718333334	0.013517090272041092
16113407.55	0.007888507978944049
16124657.150833333	0.002539094272086277
16134693.958333334	0.007663717023485117
16145806.4325	0.008317133957583007
16160818.440833334	0.005746623928171505
16174015.878333334	0.012101580602889794
16182586.945	0.018125915889170115
16190754.826666666	0.011634604764552846
16198502.245	0.0083460996475101
16205940.861666666	0.009367688130438336
16213695.438333333	0.008867823670349323
16222338.493333334	0.008761849745991677
16231385.064166667	0.00432251270659027
16239897.830833333	-0.004425210641376619
16249434.6025	-0.00860478308375504
16260117.160833333	-0.006605343821092148
16271150.326666666	-0.005488664076960809
16281395.38	-0.00862701288782974
16290825.346666666	-0.013063331359247327
16301093.3	-0.011362564250006271
16311405.533333333	-0.015118146779840741
16321495.1275	-0.017447969874392507
16331041.499166667	-0.012274331181485763
16340204.645	-0.007090228750750754
16349588.99	-0.003696600231107882
16359741.421666667	-0.008421337293376432
16369829.996666666	-0.010936003538162698
16379171.528333334	-0.010844691389311314
16388480.2475	-0.010123892132306155
16398139.734166667	-0.006877321340486345
16409385.9175	-0.01356014864680217
16421831.199166667	-0.013229240011737618
16434165.005	-0.01000812978438778
16444861.768333333	-0.010144330278279198
16454441.708333334	-0.009379371155963202
16464525.4625	-0.008895923006350821
16473876.560833333	-0.000555734769740849
16483003.615833333	-0.003796126392311096
16492638.75	-0.009838637134740476
16501560.569166666	-0.006808561288097452
16509573.2525	-0.005264099257595861
16517999.044166667	0.0018320912257427941
16527401.836666666	0.006317425939143603
16537909.051666666	0.0015061369251335751
16548181.454166668	-0.0029950648304168867
16558061.8875	-0.0014630058260272957
16568010.603333334	-0.0020189338293849727
16577699.274166666	-0.0052784866397873175
16588064.498333333	-0.006404572610471165
16598704.249166667	-0.0064037832052338695
16610321.931666667	-0.005714476176666638
16622513.105833333	-0.004388304774538767
16633367.164166667	-0.007962250872567599
16643906.604166666	-0.007263305106462861
16654435.725	0.00899786914795457
16665040.845	0.014725418266995888
16676519.6625	-0.0007986108641752702
16687745.661666667	-0.004913926197455259
16702655.924166666	-0.004021118276661948
16723383.7275	-0.0067672496947586026
16741449.28	-0.0065495251717553995
16752905.21	0.0038725682239456106
16762802.093333334	0.005362891083265829
16773857.328333333	0.002197017007554905
16784969.948333334	-0.0035893422395911795
16797014.904166665	0.002032403670480173
16811271.425833333	0.00832644145310957
16825424.8	0.0015626332695379496
16837377.6425	-0.002249302502855908
16847825.629166666	-0.001973354909574729
16857623.56833333	0.005780759213514612
16867214.754166666	0.008732570786753316
16876468.0225	0.005766714313396304
16884683.4125	0.004038600053083009
16893223.743333332	0.005338045226569627
16902815.028333332	0.005534982082856777
16912570.2225	0.00486452190423751
16922465.68166667	0.001815949359669256
16934919.178333335	-0.00013394079283587376
16952577.493333332	0.004098740127600994
16969076.98	0.005069147999505022
16981327.08	-0.00767891502816411
16992726.028333332	-0.010501923249069942
17004080.354166668	-0.0006563393911936338
17015375.641666666	0.0036646339929041973
17026664.6375	0.0041009880751221705
17039929.313333333	0.0021885053409866385
17054997.435833335	0.004249592614768815
17069188.221666668	0.004525572099456452
17084941.52166667	0.0033437533830389947
17102283.720833335	-9.755803936761667e-05
17119943.589166667	-0.004761420597927478
17144410.165	-0.0009190585405522147
17169645.526666667	0.028205693413204013
17186835.68	0.026516902020132998
17200506.54083333	0.009577048624823285
17214732.688333333	0.011548494673736469
17228587.66	0.004499790921989303
17241738.7875	0.006521244082343548
17254563.786666665	0.008310458963447568
17271734.105833333	0.0033478652930237327
17307376.56833333	0.00018166626600553846
17344521.475	0.0014688073352016333
17365270.308333334	0.0009121795863634997
17379777.411666665	-0.004177171799421163
17392729.3475	0.0002626391973431456
17410169.213333335	0.008491777739433
17428970.791666668	0.003966214503674625
17444546.371666666	0.003897078128457174
17459748.226666667	0.00931268916832617
17474583.470833335	0.008256381186342802
17487844.919166666	-0.0016690348991790648
17501523.2025	-0.004087621618450011
17515993.761666667	0.0012727220437616594
17528628.814166665	0.0032788364969912665
17540798.18166667	0.0006742849073240325
17555066.0575	-0.0012842450484426286
17569575.488333333	-0.0017744524733217931
17582511.8925	-0.0005482044757097023
17596683.360833332	-0.00237754832866803
17611918.641666666	-0.009914369790295662
17625621.225833334	-0.004384017606664551
17638219.523333333	0.00013905616173130495
17652541.16583333	-0.0024850687471351346
17671732.631666668	-0.0007048343630327043
17690449.579166666	0.0033524063481615036
17705233.156666666	0.0055087893015613905
17719771.145	0.0020642730507059977
17732033.074166667	-0.004045184160121761
17742859.410833333	-0.0025726567847713776
17755050.166666668	-0.0006313022722492645
17767026.07	-0.002215228153869445
17777770.605833333	-0.0007866772515839415
17788801.083333332	0.003728363353777068
17801801.2825	0.007309416746935478
17814518.335	0.008110798318055239
17826644.914166667	0.006131478553405353
17840414.04	0.007005583240272438
17854304.583333332	0.005620641992000617
17866741.10333333	0.005675387140750289
17878653.705833334	0.007447604055316261
17890829.878333334	0.006323607839039721
17903298.426666666	0.006497663860087356
17915492.6475	0.008111173047892582
17927189.410833333	0.005622050514740196
17938483.766666666	0.004358278673055734
17949955.53	0.007176475359780377
17961048.993333332	0.006490613972961484
17972598.939166665	0.0027810268868532053
17985598.838333335	0.004640484822678057
17998461.4175	0.0038809395483030526
18011401.270833332	0.004046697724226668
18024458.325	0.009696459614393978
18037995.573333334	0.01076929393370331
18053390.58	0.010064779166437386
18068347.571666665	0.0077582347057225725
18080860.669166666	0.0064937067067628185
18092672.72	0.005628121799164896
18105477.501666665	0.0061627286728968686
18121492.965833332	0.006352031446532703
18138792.955833334	0.00467125237399251
18153006.8475	0.004066861100582136
18165287.161666665	0.003411224487853157
18177058.27	0.004793572370607791
18188060.770833332	0.005812832248401483
18199239.401666667	-0.000525588786788383
18210669.356666666	-0.001980237751959992
18221976.215	0.004473321595514929
18233891.740833335	0.007876995412971636
18246116.073333334	0.005355985851589725
18260068.675	0.005609755560271066
18281705.36166667	0.009722779148666594
18308894.325	0.00835745613527828
18330746.016666666	0.011689595421421202
18346056.46	0.012181465244285051
18359261.586666666	0.009910286105196526
18372155.466666665	0.010283040032992491
18386415.936666667	0.006779715395129988
18400635.835833333	0.004721416922613038
18414438.643333334	0.006954132466285081
18427270.9925	0.008791098703926971
18439089.305	0.005715897815093684
18451210.600833334	0.006960342143022113
18462825.14	0.009906068664355987
18473934.475833334	0.0073008912591436825
18485191.641666666	0.009904755987184032
18496805.101666667	0.01933575209650184
18507940.831666667	0.018908487932935005
18518481.830833334	0.010502431439891071
18529223.065	0.009055801651417516
18540860.945833333	0.008979837665697453
18553847.6775	0.008439858755703375
18567620.356666666	0.009340110450472927
18580705.84	0.009371028508280792
18592968.68	0.01065134121666485
18605197.905	0.012133882491232496
18616337.321666665	0.015560189185470575
18626581.25583333	0.013016462424316871
18637366.655	0.006957087936734077
18648875.701666668	0.007784366311191281
18662040.7875	0.01234262208044001
18675378.225833334	0.0145998722405996
18688828.5675	0.00959024354287876
18704421.723333333	0.009695063552820949
18721439.751666665	0.011223286283549969
18738663.963333335	0.015182658455524233
18754778.786666665	0.013139279281763236
18769536.241666667	0.010590501871033242
18785378.365833335	0.00916405885667413
18810674.508333333	0.005984349974688471
18834882.0525	0.005719450029483608
18849566.57	0.008454157091246438
18863627.8375	0.00859436346971787
18877954.685833335	0.00855672707277882
18892275.234166667	0.0023444335632777816
18908414.955	0.002323922075933928
18924771.270833332	0.01065785679850208
18942304.911666665	0.012687783576098188
18972293.835	0.016661900058468883
19005472.961666666	0.00814870834510111
19030720.214166667	-0.0022334180970436427
19050968.12	0.009949378635792424
19067108.4325	0.023533190076370968
19081625.928333335	0.017532568614511045
19096254.220833335	0.00772542068293562
19111496.868333332	0.018694582521401302
19125642.270833332	0.03115084038892757
19138870.190833334	0.029547377089774604
19153581.525	0.020605174532329126
19168998.1675	0.018073335429321262
19182945.941666666	0.020038121991649303
19196141.716666665	0.015541017608875938
19209626.378333334	0.015628412910740377
19223040.264166668	0.016540850043123747
19235267.923333332	0.018351541307144174
19246518.894166667	0.029561722194326633
19259641.941666666	0.031135691185327254
19274297.238333333	0.029073062659491576
19288465.740833335	0.0288141833025689
19301622.2575	0.030604627559357223
19314613.68	0.025336142615088007
19327871.461666666	0.0034859703558630757
19340435.505	0.0021877082134393396
19354863.605833333	0.007052185512694278
19370432.899166666	0.017809216987583726
19384800.350833334	0.030707142426124434
19398806.84	0.027898709078479002
19411985.378333334	0.021755990707785406
19424068.176666666	0.022370907443031975
19435432.79916667	0.01783919964309399
19446595.678333335	0.015570406090497094
19458927.475	0.010594594211843195
19474839.0275	0.00659416484103876
19496814.95	0.006680172583924409
19516253.3475	0.006755469678887934
19529843.828333333	0.006149261987742568
19543267.099166665	0.010246655452057987
19556684.14	0.0041283163459970035
19576992.394166667	0.0011956230856677626
19602565.429166667	0.005848091477104953
19621980.140833333	0.006005480797983064
19636935.730833333	0.007627293938454471
19652203.004166666	0.00525070577295961
19667567.57583333	-0.002375916494013817
19689196.79	0.0005594343785800891
19713005.371666666	0.0028923167817514837
19735764.008333333	0.003855234585515911
19764431.870833334	0.006359263395586324
19788762.579166666	0.002344259530286593
19805963.69333333	-0.0028612155903734973
19822631.548333332	-0.0009626490781389805
19838452.980833333	-0.0016773251500927283
19853974.288333334	-0.001104583552964901
19869993.850833334	-6.154452885072818e-05
19888904.059166666	-0.0002491603529559856
19914807.860833332	0.005482083142065441
19951283.559166666	0.010209272941818793
19980652.059166666	0.010639631782239875
19998924.234166667	0.022472466907155167
20022181.210833333	0.0188084585329415
20056624.6725	0.007891953641471784
20093409.8825	0.0068315702710171075
20120605.934166666	0.0024544408695652653
20142848.533333335	0.0004311524797124809
20175142.67416667	-0.0021104940165713264
20238081.246666666	-0.00045953008700608006
20328328.683333334	0.0012171438330908352
20394007.008333333	0.006809253946902448
20435909.5625	0.00511172637573795
20491174.764166668	0.0035647647101795937
20553779.769166667	0.0035410519416721273
20607140.135	0.0007532372508392028
20643121.395833332	-0.0018211303242006618
20677869.31	0.005255853680996181
20713407.411666665	0.013803365652733372
20745782.178333335	0.006337176921547988
20815872.309166666	0.00358368599968872
20911642.233333334	0.006723437659603054
20975724.765833333	0.00549607545089676
21011698.29916667	0.005213789382730961
21041693.755	0.012088419725695127
21077384.984166667	0.005493278414321817
21127374.939166665	0.006719051786082771
21179939.260833334	0.011325961818346374
21226010.524166666	0.005463499203288609
21275756.750833333	0.002363263917116223
21314557.6725	0.004992163618732815
21336085.485833332	0.014779197977864837
21364647.296666667	0.008533350210435617
21406875.624166667	0.0007644442706408913
21451634.43	0.0016630638868319458
21501227.153333332	0.0020782854135822076
21544801.0425	0.0017742402290364984
21576351.749166667	0.004021257064452004
21608551.585833333	0.002019292209240832
21640686.035	0.0017719651727948445
21676972.1875	0.0031709366559206217
21716906.595833335	0.00176890989807287
21767419.485833332	0.004634879132587906
21816523.07583333	0.00906047438039239
21860054.288333334	0.009435028483863895
21915682.77166667	0.004775431206628437
21980138.9675	0.00233724754594383
22044849.09	0.002859226520912735
22087862.47	0.010280142940664538
22111378.791666668	0.01659686133816378
22136173.44	0.012819561417389184
22162786.3775	0.010923793275337967
22187283.938333333	0.01052485751643319
22215513.089166667	0.003959728193360943
22243022.803333335	0.0014531998372418913
22274463.74	-0.00235566356738878
22314474.223333333	-0.0044691552585474316
22365373.419166666	-0.005078496748258515
22415906.733333334	-0.002931228947138564
22447332.608333334	0.004165598964158297
22476496.455833334	0.0076950937851025265
22509040.80666667	0.008969847582667126
22539332.45	0.01063437875681197
22589817.844166666	0.0027071255880861656
22686071.048333332	0.0027153012483793113
22759926.001666665	0.005086926739435638
22781677.06	0.012689990518197568
22802240.8625	0.013692185867162915
22828876.418333333	0.007183044090675322
22881402.859166667	0.006593143457364798
22947837.645	0.00501520163779248
22997186.883333333	0.004258392564777758
23049694.926666666	0.0019356204914128335
23131175.401666667	0.0003294534944131885
23206192.194166668	0.001486813107976031
23251706.375833333	0.0016937815964655142
23293184.759166665	0.0025778231339118798
23336957.8675	0.005587652635826054
23373044.279166665	0.0065917559164103984
23419787.38083333	0.003950708672991625
23474572.733333334	0.0060700831975083955
23517099.929166667	0.005364226148776401
23555233.326666668	0.0005397464347898627
23592928.716666665	-0.0016809019902173808
23641775.7525	-0.0019467451296912525
23699849.996666666	0.0005336575561874132
23747331.13	0.0026227636063074944
23792738.075	0.0015304664116626376
23836780.184166666	0.0017459250200669366
23892456.280833334	0.0006782611236233095
23951539.879166666	0.0009232673991535894
23988912.548333332	0.007443289614601562
24037197.7625	0.007564653044336526
24092966.378333334	0.010205344284295351
24139129.598333333	0.0009833043177854854
24195481.97	0.0005664217654155112
24242985.816666666	0.005421377092466095
24276686.176666666	0.010683419041207872
