midpoint	G12
42526.0	0.02951388888888888
69716.0	0.034722222222222224
94999.0	0.03038194444444444
119595.0	0.03125
138306.0	0.02690972222222222
153475.0	0.028645833333333332
169378.0	0.02690972222222222
183632.5	0.027777777777777776
201390.5	0.02690972222222222
216130.5	0.028645833333333332
230892.5	0.02690972222222222
245362.5	0.02690972222222222
256763.0	0.02604166666666666
264894.5	0.02604166666666666
273880.0	0.02604166666666666
281777.5	0.02604166666666666
293666.0	0.02604166666666666
310618.0	0.02604166666666666
319989.0	0.02690972222222222
329685.0	0.02604166666666666
340769.5	0.02604166666666666
352022.5	0.02690972222222222
361371.0	0.02690972222222222
370647.5	0.02690972222222222
381555.5	0.027777777777777776
395465.0	0.027777777777777776
403929.5	0.027777777777777776
409483.0	0.02690972222222222
417681.5	0.02690972222222222
426962.0	0.02690972222222222
432843.5	0.02690972222222222
441796.5	0.03038194444444444
447966.0	0.03038194444444444
455300.0	0.03038194444444444
462033.0	0.02604166666666666
471515.5	0.02604166666666666
478358.0	0.02951388888888888
484452.5	0.02951388888888888
490970.5	0.02951388888888888
496824.5	0.02951388888888888
501990.5	0.02951388888888888
508085.0	0.02951388888888888
514128.5	0.02951388888888888
520442.0	0.02951388888888888
525788.5	0.02951388888888888
536048.0	0.02604166666666666
543514.5	0.02604166666666666
552035.0	0.02604166666666666
558109.0	0.02604166666666666
563412.5	0.02604166666666666
568522.5	0.02604166666666666
574333.5	0.02604166666666666
579871.5	0.02690972222222222
587521.0	0.02690972222222222
593314.0	0.02604166666666666
599608.5	0.02690972222222222
606353.5	0.02604166666666666
617178.5	0.02604166666666666
623786.0	0.02604166666666666
630539.0	0.02604166666666666
635382.5	0.02604166666666666
640644.5	0.02604166666666666
645530.5	0.02604166666666666
652344.5	0.02604166666666666
659502.0	0.02604166666666666
666056.0	0.02604166666666666
673395.0	0.02604166666666666
678045.0	0.02604166666666666
684092.0	0.02604166666666666
689089.5	0.02604166666666666
694014.5	0.02604166666666666
699919.0	0.02604166666666666
707491.0	0.02604166666666666
713622.0	0.02604166666666666
719360.5	0.02604166666666666
724944.5	0.02604166666666666
731212.5	0.02604166666666666
737345.5	0.02604166666666666
742866.0	0.02604166666666666
748283.0	0.02604166666666666
756359.5	0.02604166666666666
760973.5	0.02604166666666666
766507.5	0.02604166666666666
770324.5	0.02604166666666666
775823.5	0.02604166666666666
780758.0	0.02604166666666666
790475.5	0.02604166666666666
799298.5	0.02604166666666666
806897.0	0.02604166666666666
814127.5	0.02604166666666666
819421.5	0.02604166666666666
824507.5	0.02604166666666666
829981.0	0.02604166666666666
834364.0	0.02604166666666666
841116.0	0.02604166666666666
847120.5	0.02604166666666666
852605.0	0.02604166666666666
857474.0	0.02604166666666666
863929.0	0.02604166666666666
869264.5	0.02604166666666666
875285.0	0.02604166666666666
882806.5	0.02604166666666666
889716.0	0.02604166666666666
895277.5	0.02604166666666666
901514.0	0.02604166666666666
906868.5	0.02604166666666666
915117.0	0.02604166666666666
923310.0	0.02604166666666666
930350.0	0.02604166666666666
938235.5	0.02604166666666666
944251.5	0.02604166666666666
955358.5	0.02604166666666666
964651.0	0.02604166666666666
972584.0	0.02604166666666666
981431.5	0.02604166666666666
989111.5	0.02604166666666666
998077.0	0.02604166666666666
1006333.5	0.02604166666666666
1017723.5	0.02604166666666666
1028577.5	0.02604166666666666
1037156.5	0.02604166666666666
1044859.0	0.02604166666666666
1049521.0	0.02604166666666666
1055695.5	0.02604166666666666
1060564.0	0.02604166666666666
1066702.0	0.02604166666666666
1073803.5	0.02604166666666666
1082176.5	0.02604166666666666
1088413.5	0.02604166666666666
1096399.5	0.02690972222222222
1103538.5	0.02690972222222222
1110039.0	0.02690972222222222
1121078.5	0.02690972222222222
1126609.0	0.02690972222222222
1132420.0	0.02690972222222222
1137897.5	0.02690972222222222
1144565.0	0.02690972222222222
1150169.0	0.02690972222222222
1156597.0	0.02690972222222222
1162653.0	0.02690972222222222
1168365.5	0.02690972222222222
1173273.0	0.02690972222222222
1178602.5	0.02690972222222222
1182662.5	0.02690972222222222
1187119.0	0.02690972222222222
1193145.5	0.02690972222222222
1198949.5	0.02690972222222222
1204541.0	0.02690972222222222
1211464.5	0.02690972222222222
1216564.0	0.02690972222222222
1221704.5	0.02690972222222222
1228685.5	0.02690972222222222
1232917.0	0.02690972222222222
1239575.0	0.02690972222222222
1246100.0	0.02690972222222222
1254715.0	0.02690972222222222
1262609.5	0.02690972222222222
1269280.5	0.02690972222222222
1275700.0	0.02690972222222222
1282315.5	0.02690972222222222
1290435.0	0.02690972222222222
1296929.5	0.02690972222222222
1305089.5	0.02690972222222222
1313560.5	0.02690972222222222
1321466.5	0.02690972222222222
1326949.0	0.02690972222222222
1335148.5	0.02690972222222222
1341919.5	0.02690972222222222
1349147.0	0.02690972222222222
1355484.0	0.02690972222222222
1360401.5	0.02690972222222222
1365455.5	0.02690972222222222
1370805.5	0.02690972222222222
1376862.5	0.02690972222222222
1388327.5	0.02690972222222222
1394294.5	0.02690972222222222
1400536.0	0.02690972222222222
1404581.5	0.02690972222222222
1409578.5	0.02690972222222222
1414449.5	0.02690972222222222
1418335.5	0.02690972222222222
1427409.0	0.02690972222222222
1434937.5	0.02690972222222222
1440170.0	0.02690972222222222
1444906.0	0.02690972222222222
1450753.0	0.02690972222222222
1456822.5	0.02690972222222222
1463402.0	0.02690972222222222
1468494.5	0.02690972222222222
1475810.0	0.02690972222222222
1481255.0	0.02690972222222222
1486501.5	0.02690972222222222
1491456.0	0.02690972222222222
1496982.0	0.02690972222222222
1502033.0	0.02690972222222222
1506783.0	0.02690972222222222
1511307.5	0.02690972222222222
1517293.5	0.02690972222222222
1526304.0	0.02690972222222222
1532726.5	0.02690972222222222
1538971.5	0.02690972222222222
1545202.0	0.02690972222222222
1550107.5	0.02690972222222222
1558355.0	0.02690972222222222
1563363.5	0.02690972222222222
1569989.5	0.02690972222222222
1578521.0	0.02690972222222222
1587724.0	0.02690972222222222
1593256.5	0.02690972222222222
1599354.0	0.02690972222222222
1604577.5	0.02690972222222222
1610457.0	0.02690972222222222
1616620.0	0.02690972222222222
1622143.0	0.02690972222222222
1627579.5	0.02690972222222222
1640451.5	0.02690972222222222
1646543.5	0.02690972222222222
1652079.5	0.02690972222222222
1657419.5	0.02690972222222222
1663041.0	0.02690972222222222
1668435.0	0.02690972222222222
1673468.0	0.02690972222222222
1678399.0	0.02690972222222222
1684272.5	0.02690972222222222
1690221.5	0.02690972222222222
1695939.5	0.02690972222222222
1701051.0	0.02690972222222222
1706405.0	0.02690972222222222
1711271.5	0.02690972222222222
1715709.5	0.02690972222222222
1723683.0	0.02690972222222222
1729760.0	0.02690972222222222
1736478.5	0.02690972222222222
1743899.5	0.02690972222222222
1748434.0	0.02690972222222222
1755965.5	0.02690972222222222
1763461.5	0.02690972222222222
1768208.0	0.02690972222222222
1774376.0	0.02690972222222222
1779760.0	0.02690972222222222
1785343.5	0.02690972222222222
1791428.0	0.02690972222222222
1796309.5	0.02690972222222222
1805126.5	0.02690972222222222
1811424.5	0.02690972222222222
1817271.0	0.02690972222222222
1825810.5	0.02690972222222222
1831742.0	0.02690972222222222
1854568.5	0.02690972222222222
1866450.5	0.02690972222222222
1875771.5	0.02690972222222222
1883094.5	0.02690972222222222
1889168.5	0.02690972222222222
1894484.5	0.02690972222222222
1900008.5	0.02690972222222222
1905600.5	0.02690972222222222
1910148.5	0.02690972222222222
1915950.5	0.02690972222222222
1922562.5	0.02690972222222222
1927572.0	0.02690972222222222
1933700.0	0.02690972222222222
1939180.0	0.02690972222222222
1945456.0	0.02690972222222222
1951848.0	0.02690972222222222
1957168.5	0.02690972222222222
1963421.5	0.02690972222222222
1970469.0	0.02690972222222222
1977313.0	0.02690972222222222
1982161.0	0.02690972222222222
1987115.5	0.02690972222222222
1993046.5	0.02690972222222222
1997484.5	0.02690972222222222
2004206.5	0.02690972222222222
2010878.5	0.02690972222222222
2017159.5	0.02690972222222222
2025233.0	0.02690972222222222
2030745.0	0.02690972222222222
2038719.5	0.02690972222222222
2043931.0	0.02690972222222222
2050401.5	0.02690972222222222
2055445.0	0.02690972222222222
2062808.5	0.02690972222222222
2070636.5	0.02690972222222222
2076269.0	0.02690972222222222
2090495.5	0.02690972222222222
2104445.0	0.02690972222222222
2111669.5	0.02690972222222222
2118412.0	0.02690972222222222
2124988.5	0.02690972222222222
2130914.0	0.02690972222222222
2138135.5	0.02690972222222222
2144967.5	0.02690972222222222
2154303.5	0.02690972222222222
2167677.5	0.02690972222222222
2176102.5	0.02690972222222222
2183193.5	0.02690972222222222
2188399.0	0.02690972222222222
2194788.5	0.02690972222222222
2199194.0	0.02690972222222222
2204529.5	0.02690972222222222
2210491.0	0.02690972222222222
2216434.5	0.02690972222222222
2223441.0	0.02690972222222222
2228403.0	0.02690972222222222
2239371.5	0.02690972222222222
2244618.0	0.02690972222222222
2249762.0	0.02690972222222222
2254317.5	0.02690972222222222
2259989.5	0.02690972222222222
2266492.5	0.02690972222222222
2275465.5	0.02690972222222222
2280150.5	0.02690972222222222
2285385.5	0.02690972222222222
2289795.0	0.02690972222222222
2294671.5	0.02690972222222222
2300797.5	0.02690972222222222
2305975.0	0.02690972222222222
2311459.0	0.02690972222222222
2316521.0	0.02690972222222222
2322655.5	0.02690972222222222
2328525.5	0.02690972222222222
2337108.5	0.02690972222222222
2342436.5	0.02690972222222222
2347850.5	0.02690972222222222
2351848.0	0.02690972222222222
2357827.0	0.02690972222222222
2362913.0	0.02690972222222222
2367671.5	0.02690972222222222
2372621.5	0.02690972222222222
2377550.0	0.02690972222222222
2387100.5	0.02690972222222222
2392053.5	0.02690972222222222
2396624.5	0.02690972222222222
2401294.5	0.02690972222222222
2405907.0	0.02690972222222222
2410282.5	0.02690972222222222
2415880.0	0.02690972222222222
2421259.5	0.02690972222222222
2425994.5	0.02690972222222222
2430230.5	0.02690972222222222
2435510.5	0.02690972222222222
2440971.5	0.02690972222222222
2445407.0	0.02690972222222222
2450063.5	0.02690972222222222
2454584.0	0.02690972222222222
2459563.0	0.02690972222222222
2464441.5	0.02690972222222222
2470597.0	0.02690972222222222
2479460.0	0.03038194444444444
2488792.5	0.03038194444444444
2493757.5	0.03038194444444444
2499500.5	0.03038194444444444
2503673.0	0.03038194444444444
2508267.5	0.03038194444444444
2513233.0	0.03038194444444444
2517799.0	0.03038194444444444
2522798.0	0.03038194444444444
2526962.5	0.03038194444444444
2531864.5	0.03038194444444444
2536639.0	0.03038194444444444
2541828.0	0.03038194444444444
2546134.0	0.03038194444444444
2551970.5	0.03038194444444444
2557113.0	0.03038194444444444
2562954.0	0.03038194444444444
2566963.0	0.03038194444444444
2572818.0	0.03038194444444444
2578378.5	0.03038194444444444
2583425.5	0.03038194444444444
2588552.5	0.03038194444444444
2593298.5	0.03038194444444444
2604525.0	0.03038194444444444
2611147.5	0.03038194444444444
2615203.5	0.03038194444444444
2621289.5	0.03038194444444444
2626286.5	0.03038194444444444
2631014.0	0.03038194444444444
2635326.5	0.03038194444444444
2640772.5	0.03038194444444444
2644739.5	0.03038194444444444
2650218.0	0.03038194444444444
2654246.5	0.03038194444444444
2658796.0	0.03038194444444444
2663797.0	0.03038194444444444
2668819.5	0.03038194444444444
2672825.0	0.03038194444444444
2677286.5	0.03038194444444444
2682238.0	0.03038194444444444
2687201.0	0.03038194444444444
2692403.5	0.03038194444444444
2698205.0	0.03038194444444444
2704555.5	0.03038194444444444
2710791.5	0.03038194444444444
2716421.0	0.03038194444444444
2722556.5	0.03038194444444444
2727823.5	0.03038194444444444
2732733.5	0.03038194444444444
2738809.5	0.03125
2743823.0	0.03125
2748644.0	0.03125
2753353.5	0.03125
2757972.0	0.03125
2763523.5	0.03125
2767719.5	0.03038194444444444
2772203.0	0.03038194444444444
2777788.5	0.03038194444444444
2783766.0	0.03038194444444444
2788744.5	0.03038194444444444
2793994.0	0.03038194444444444
2799944.0	0.03038194444444444
2805133.5	0.03038194444444444
2810563.5	0.03038194444444444
2817978.5	0.03038194444444444
2824428.0	0.03038194444444444
2831521.5	0.03038194444444444
2836749.0	0.03038194444444444
2842688.0	0.03038194444444444
2846962.0	0.03038194444444444
2852288.0	0.03038194444444444
2857731.5	0.03038194444444444
2862714.0	0.03038194444444444
2870566.5	0.03038194444444444
2875298.0	0.03038194444444444
2880030.5	0.03038194444444444
2886777.0	0.03038194444444444
2892176.0	0.03038194444444444
2900827.0	0.03038194444444444
2917156.5	0.03038194444444444
2924911.5	0.03038194444444444
2937322.5	0.03038194444444444
2943993.5	0.03038194444444444
2950583.5	0.03038194444444444
2956107.5	0.03038194444444444
2962846.5	0.03038194444444444
2968209.5	0.03038194444444444
2973574.5	0.03038194444444444
2978441.0	0.03038194444444444
2991812.0	0.03038194444444444
2999933.5	0.03038194444444444
3006684.5	0.03038194444444444
3012307.0	0.03038194444444444
3017881.0	0.03038194444444444
3025983.5	0.03038194444444444
3032304.0	0.03038194444444444
3040555.0	0.03038194444444444
3045071.5	0.03038194444444444
3063834.5	0.03038194444444444
3070467.0	0.03038194444444444
3075532.0	0.03038194444444444
3082016.0	0.03038194444444444
3090958.0	0.03038194444444444
3095362.5	0.03038194444444444
3099493.5	0.03038194444444444
3104512.5	0.03038194444444444
3109501.5	0.03038194444444444
3114668.0	0.03038194444444444
3119623.5	0.03038194444444444
3126145.5	0.03038194444444444
3132830.0	0.03038194444444444
3138569.0	0.03038194444444444
3143983.5	0.03038194444444444
3149185.0	0.03038194444444444
3154206.0	0.03038194444444444
3159162.5	0.03038194444444444
3164714.0	0.03038194444444444
3170408.5	0.03038194444444444
3175013.5	0.03038194444444444
3182801.0	0.03038194444444444
3187936.5	0.03038194444444444
3193168.5	0.03038194444444444
3197451.0	0.03038194444444444
3205473.0	0.03038194444444444
3213425.5	0.03038194444444444
3219187.5	0.03038194444444444
3225638.5	0.03038194444444444
3230176.5	0.03038194444444444
3235707.5	0.03038194444444444
3246197.0	0.03038194444444444
3251743.0	0.03038194444444444
3257097.0	0.03038194444444444
3263621.5	0.03038194444444444
3268681.0	0.03038194444444444
3274119.5	0.03038194444444444
3279252.0	0.03038194444444444
3336679.0	0.03038194444444444
3353503.0	0.03038194444444444
3359465.5	0.03038194444444444
3363936.0	0.03038194444444444
3370798.5	0.03038194444444444
3377170.0	0.03038194444444444
3381784.0	0.03038194444444444
3386863.5	0.03038194444444444
3393864.5	0.03038194444444444
3399871.0	0.03038194444444444
3405172.5	0.03038194444444444
3410032.5	0.03038194444444444
3415979.0	0.03038194444444444
3423241.0	0.03038194444444444
3429329.5	0.03038194444444444
3436454.5	0.03038194444444444
3442143.0	0.03038194444444444
3448209.5	0.03038194444444444
3453652.5	0.03038194444444444
3458290.0	0.03038194444444444
3462323.0	0.03038194444444444
3467128.5	0.03038194444444444
3472998.0	0.03038194444444444
3479851.0	0.03038194444444444
3487060.5	0.03038194444444444
3492531.0	0.03038194444444444
3498238.0	0.03038194444444444
3504955.0	0.03038194444444444
3508743.5	0.03038194444444444
3514835.5	0.03038194444444444
3519323.0	0.03038194444444444
3523261.5	0.03038194444444444
3528749.5	0.03038194444444444
3533440.0	0.03038194444444444
3538818.0	0.03038194444444444
3543643.0	0.03038194444444444
3549164.0	0.03038194444444444
3554876.0	0.03038194444444444
3560098.5	0.03038194444444444
3568567.0	0.03038194444444444
3574636.5	0.03038194444444444
3580065.5	0.03038194444444444
3587374.0	0.03038194444444444
3592633.0	0.03038194444444444
3597614.5	0.03038194444444444
3602752.5	0.03038194444444444
3610606.0	0.03038194444444444
3619202.0	0.03038194444444444
3628354.0	0.03038194444444444
3633376.5	0.03038194444444444
3639663.0	0.03038194444444444
3644765.0	0.03038194444444444
3649705.5	0.03038194444444444
3654165.5	0.03038194444444444
3659447.5	0.03038194444444444
3664445.5	0.03038194444444444
3671544.5	0.03038194444444444
3677891.5	0.03038194444444444
3681970.0	0.03038194444444444
3685992.0	0.03038194444444444
3693652.5	0.03038194444444444
3698733.5	0.03038194444444444
3705626.0	0.03038194444444444
3711275.5	0.03038194444444444
3716948.5	0.03038194444444444
3721472.5	0.03038194444444444
3726753.0	0.03038194444444444
3731178.5	0.03038194444444444
3737067.5	0.03038194444444444
3741729.5	0.03038194444444444
3746084.0	0.03038194444444444
3750964.0	0.03038194444444444
3755398.0	0.03038194444444444
3761042.5	0.03038194444444444
3766669.0	0.03038194444444444
3770692.0	0.03038194444444444
3775632.0	0.03038194444444444
3780820.0	0.03038194444444444
3785166.0	0.03038194444444444
3791366.0	0.03038194444444444
3796301.0	0.03038194444444444
3801610.5	0.03038194444444444
3807918.0	0.03038194444444444
3812287.5	0.03038194444444444
3817869.5	0.03038194444444444
3822662.5	0.03038194444444444
3830535.5	0.03038194444444444
3835633.0	0.03038194444444444
3840585.5	0.03038194444444444
3845479.0	0.03038194444444444
3850839.0	0.03038194444444444
3856194.5	0.03038194444444444
3860718.5	0.03038194444444444
3865275.5	0.03038194444444444
3869586.0	0.03038194444444444
3874892.0	0.03038194444444444
3880088.5	0.03038194444444444
3885007.0	0.03038194444444444
3889197.0	0.03038194444444444
3895326.5	0.03038194444444444
3901389.5	0.03038194444444444
3909486.5	0.03038194444444444
3913502.0	0.03038194444444444
3918295.5	0.03038194444444444
3922982.0	0.03038194444444444
3927875.5	0.03038194444444444
3932643.5	0.03038194444444444
3943391.5	0.03038194444444444
3947976.5	0.03038194444444444
3953794.0	0.03038194444444444
3957377.5	0.03038194444444444
3964760.0	0.03038194444444444
3970454.5	0.03038194444444444
3976064.5	0.03038194444444444
3983111.5	0.03038194444444444
3990283.0	0.03038194444444444
3996187.5	0.03038194444444444
4002905.5	0.03038194444444444
4009214.5	0.03038194444444444
4014525.0	0.03038194444444444
4018992.5	0.03038194444444444
4024514.0	0.03038194444444444
4029431.0	0.03038194444444444
4033565.5	0.03038194444444444
4037348.5	0.03038194444444444
4041963.5	0.03038194444444444
4047026.0	0.03038194444444444
4052452.0	0.03038194444444444
4057266.0	0.03038194444444444
4061911.5	0.03038194444444444
4066299.5	0.03038194444444444
4070646.0	0.03038194444444444
4077159.0	0.03038194444444444
4082148.5	0.03038194444444444
4088523.0	0.03038194444444444
4098465.5	0.03038194444444444
4103738.0	0.03038194444444444
4108455.0	0.03038194444444444
4112506.0	0.03038194444444444
4116898.0	0.03038194444444444
4121279.5	0.03038194444444444
4125651.0	0.03038194444444444
4129934.5	0.03038194444444444
4136500.5	0.03038194444444444
4143370.5	0.03038194444444444
4151700.0	0.03038194444444444
4158635.5	0.03038194444444444
4163352.5	0.03038194444444444
4168319.5	0.03038194444444444
4174502.0	0.03038194444444444
4180639.0	0.03038194444444444
4185704.0	0.03038194444444444
4189994.0	0.03038194444444444
4195173.5	0.03038194444444444
4199822.5	0.03038194444444444
4203534.5	0.03038194444444444
4208851.5	0.03038194444444444
4213124.5	0.03038194444444444
4218118.0	0.03038194444444444
4222742.5	0.03038194444444444
4228079.5	0.03038194444444444
4232900.5	0.03038194444444444
4239406.5	0.03038194444444444
4243274.5	0.03038194444444444
4248473.5	0.03038194444444444
4255724.0	0.03038194444444444
4262516.5	0.03038194444444444
4267991.5	0.03038194444444444
4275019.0	0.03038194444444444
4280213.0	0.03038194444444444
4285016.5	0.03038194444444444
4289829.0	0.03038194444444444
4295418.0	0.03038194444444444
4301024.5	0.03038194444444444
4307079.0	0.03038194444444444
4313055.5	0.03038194444444444
4318238.0	0.03038194444444444
4324115.0	0.03038194444444444
4329466.0	0.03038194444444444
4335391.5	0.03038194444444444
4341279.0	0.03038194444444444
4347332.5	0.03038194444444444
4354420.0	0.03125
4358273.5	0.03125
4362863.0	0.03125
4367755.0	0.03038194444444444
4373374.0	0.03038194444444444
4378318.0	0.03038194444444444
4385503.0	0.03038194444444444
4390679.0	0.03038194444444444
4397836.0	0.03038194444444444
4404137.5	0.03038194444444444
4408620.5	0.03038194444444444
4413443.5	0.03038194444444444
4419937.5	0.03038194444444444
4425675.5	0.03038194444444444
4431628.0	0.03038194444444444
4435926.5	0.03038194444444444
4443746.5	0.03038194444444444
4449703.5	0.03038194444444444
4455369.5	0.03038194444444444
4461243.0	0.03038194444444444
4467462.5	0.03038194444444444
4473638.0	0.03038194444444444
4480075.0	0.03038194444444444
4487617.5	0.03038194444444444
4492413.0	0.03038194444444444
4499316.0	0.03038194444444444
4505598.0	0.03038194444444444
4512436.0	0.03038194444444444
4517745.0	0.03038194444444444
4524420.0	0.03038194444444444
4530338.5	0.03038194444444444
4535736.5	0.03038194444444444
4541584.0	0.03038194444444444
4546808.5	0.03038194444444444
4552988.0	0.03038194444444444
4560403.0	0.03038194444444444
4567241.0	0.03038194444444444
4575806.0	0.03038194444444444
4580857.5	0.03038194444444444
4585353.0	0.03038194444444444
4590523.0	0.03038194444444444
4597562.5	0.03038194444444444
4607372.0	0.03038194444444444
4615769.5	0.03038194444444444
4621456.5	0.03038194444444444
4627076.5	0.03038194444444444
4630675.0	0.03038194444444444
4636725.5	0.03038194444444444
4641812.5	0.03038194444444444
4646831.5	0.03038194444444444
4651471.0	0.03038194444444444
4655100.5	0.03038194444444444
4659014.5	0.03038194444444444
4663860.0	0.03038194444444444
4671323.0	0.03038194444444444
4685663.5	0.03038194444444444
4691898.5	0.03038194444444444
4696202.0	0.03038194444444444
4701600.5	0.03038194444444444
4706676.5	0.03038194444444444
4713972.0	0.03038194444444444
4718370.5	0.03038194444444444
4723285.5	0.03038194444444444
4730410.0	0.03038194444444444
4735375.5	0.03038194444444444
4739949.0	0.03038194444444444
4744722.5	0.03038194444444444
4750238.0	0.03038194444444444
4755999.0	0.03038194444444444
4761339.5	0.03038194444444444
4767345.0	0.03038194444444444
4771992.0	0.03038194444444444
4778008.5	0.03038194444444444
4784795.0	0.03038194444444444
4790962.5	0.03038194444444444
4798087.5	0.03038194444444444
4803520.5	0.03038194444444444
4810825.0	0.03038194444444444
4817792.0	0.03038194444444444
4823009.0	0.03038194444444444
4829966.5	0.03038194444444444
4835279.5	0.03038194444444444
4840340.0	0.03038194444444444
4845545.5	0.03038194444444444
4852342.5	0.03038194444444444
4857381.5	0.03038194444444444
4862318.0	0.03038194444444444
4868273.5	0.03038194444444444
4873092.0	0.03038194444444444
4881601.0	0.03038194444444444
4886012.5	0.03038194444444444
4890741.0	0.03038194444444444
4895946.5	0.03038194444444444
4903174.0	0.03038194444444444
4911167.5	0.03038194444444444
4916444.0	0.03038194444444444
4921356.5	0.03038194444444444
4931142.0	0.03038194444444444
4937922.5	0.03038194444444444
4944111.0	0.03038194444444444
4949042.0	0.03038194444444444
4955815.5	0.03125
4961718.0	0.03125
4968455.5	0.03125
4974261.0	0.03125
4979017.5	0.03125
4990587.5	0.03125
4998198.5	0.03125
5007567.5	0.03038194444444444
5013643.0	0.03038194444444444
5019544.5	0.03038194444444444
5024775.0	0.03038194444444444
5029367.5	0.03038194444444444
5034342.5	0.03038194444444444
5039511.0	0.03038194444444444
5046520.0	0.03038194444444444
5053310.5	0.03038194444444444
5059338.0	0.03038194444444444
5065228.0	0.03038194444444444
5070586.5	0.03038194444444444
5075741.0	0.03038194444444444
5081870.0	0.03038194444444444
5086816.5	0.03038194444444444
5092902.0	0.03038194444444444
5098146.5	0.03038194444444444
5105315.0	0.03038194444444444
5110856.0	0.03038194444444444
5116374.0	0.03038194444444444
5122114.5	0.03038194444444444
5127456.5	0.03038194444444444
5132615.0	0.03038194444444444
5138908.5	0.03038194444444444
5143111.0	0.03038194444444444
5148178.0	0.03038194444444444
5153985.5	0.03038194444444444
5159830.5	0.03038194444444444
5165448.0	0.03038194444444444
5170020.0	0.03038194444444444
5175315.0	0.03038194444444444
5179438.5	0.03038194444444444
5184749.0	0.03038194444444444
5189496.0	0.03038194444444444
5195609.0	0.03038194444444444
5201288.5	0.03038194444444444
5206675.5	0.03038194444444444
5212868.5	0.03038194444444444
5217558.5	0.03038194444444444
5222416.5	0.03038194444444444
5228138.0	0.03038194444444444
5232830.0	0.03038194444444444
5238300.5	0.03038194444444444
5242278.5	0.03038194444444444
5247363.0	0.03038194444444444
5251495.5	0.03038194444444444
5255786.0	0.03038194444444444
5260111.5	0.03038194444444444
5264223.0	0.03038194444444444
5269170.5	0.03038194444444444
5273531.0	0.03038194444444444
5278919.5	0.03038194444444444
5283219.0	0.03038194444444444
5288392.5	0.03038194444444444
5292121.0	0.03038194444444444
5296764.5	0.03038194444444444
5300898.5	0.03038194444444444
5305983.0	0.03038194444444444
5311913.5	0.03038194444444444
5317526.5	0.03038194444444444
5321182.5	0.03038194444444444
5328671.0	0.03038194444444444
5333317.0	0.03038194444444444
5338861.0	0.03038194444444444
5344548.0	0.03038194444444444
5352092.5	0.03038194444444444
5358196.5	0.03038194444444444
5365001.0	0.03038194444444444
5371801.5	0.03038194444444444
5376709.5	0.03038194444444444
5381725.0	0.03038194444444444
5386226.0	0.03038194444444444
5391907.5	0.03038194444444444
5396819.5	0.03038194444444444
5401382.5	0.03038194444444444
5407613.0	0.03038194444444444
5417625.0	0.03038194444444444
5422432.0	0.03038194444444444
5429051.5	0.03038194444444444
5433604.5	0.03038194444444444
5440365.5	0.03038194444444444
5445963.5	0.03038194444444444
5450418.0	0.03038194444444444
5456716.5	0.03038194444444444
5470251.0	0.03038194444444444
5476009.5	0.03038194444444444
5481976.0	0.03038194444444444
5490421.5	0.03038194444444444
5496192.5	0.03038194444444444
5501771.5	0.03038194444444444
5507341.5	0.03038194444444444
5515427.0	0.03038194444444444
5525763.5	0.03038194444444444
5529751.0	0.03038194444444444
5534792.0	0.03038194444444444
5541172.5	0.03038194444444444
5546587.0	0.03038194444444444
5550155.0	0.03038194444444444
5554545.5	0.03038194444444444
5561092.5	0.03038194444444444
5565907.0	0.03038194444444444
5570175.0	0.03038194444444444
5575954.0	0.03038194444444444
5582009.0	0.03038194444444444
5586895.0	0.03038194444444444
5592841.5	0.03038194444444444
5598869.0	0.03038194444444444
5603439.5	0.03038194444444444
5612158.5	0.03038194444444444
5617253.0	0.03038194444444444
5624699.0	0.03038194444444444
5631394.5	0.03038194444444444
5637424.5	0.03038194444444444
5642054.5	0.03038194444444444
5646749.5	0.03038194444444444
5653352.0	0.03038194444444444
5659327.5	0.03038194444444444
5665288.5	0.03038194444444444
5669424.5	0.03038194444444444
5675656.5	0.03038194444444444
5683185.0	0.03038194444444444
5688397.5	0.03038194444444444
5695418.0	0.03038194444444444
5699308.5	0.03038194444444444
5703848.5	0.03038194444444444
5709041.5	0.03038194444444444
5714410.0	0.03038194444444444
5723062.5	0.03038194444444444
5732359.5	0.03038194444444444
5738057.0	0.03038194444444444
5747918.0	0.03038194444444444
5755019.5	0.03038194444444444
5760953.5	0.03038194444444444
5765790.5	0.03038194444444444
5772587.0	0.03038194444444444
5779710.5	0.03038194444444444
5785370.5	0.03038194444444444
5790955.0	0.03038194444444444
5805492.0	0.03038194444444444
5813789.5	0.03038194444444444
5818829.5	0.03038194444444444
5824701.0	0.03038194444444444
5830623.0	0.03038194444444444
5836200.5	0.03038194444444444
5841396.5	0.03038194444444444
5845866.0	0.03038194444444444
5855945.5	0.03038194444444444
5862336.5	0.03038194444444444
5867651.0	0.03038194444444444
5875002.0	0.03038194444444444
5886267.5	0.03038194444444444
5899951.5	0.03038194444444444
5913356.5	0.03038194444444444
5918692.0	0.03038194444444444
5924510.5	0.03038194444444444
5929620.0	0.03038194444444444
5934537.5	0.03038194444444444
5940730.5	0.03038194444444444
5945052.5	0.03038194444444444
5949186.5	0.03038194444444444
5954300.5	0.03038194444444444
5959834.0	0.03038194444444444
5965513.5	0.03038194444444444
5971912.0	0.03038194444444444
5977505.0	0.03038194444444444
5981505.0	0.03038194444444444
5986770.5	0.03038194444444444
5991072.5	0.03038194444444444
5997091.0	0.03038194444444444
6002120.5	0.03038194444444444
6006873.0	0.03038194444444444
6012452.5	0.03038194444444444
6016447.5	0.03038194444444444
6021877.0	0.03038194444444444
6026674.0	0.03038194444444444
6033718.5	0.03038194444444444
6038378.0	0.03038194444444444
6043604.5	0.03038194444444444
6048001.5	0.03038194444444444
6052445.5	0.03038194444444444
6055821.5	0.03038194444444444
6060763.5	0.03038194444444444
6066044.0	0.03038194444444444
6070002.5	0.03038194444444444
6075048.0	0.03038194444444444
6079171.0	0.03038194444444444
6084190.0	0.03038194444444444
6089294.5	0.03038194444444444
6093741.0	0.03038194444444444
6098859.0	0.03038194444444444
6102935.5	0.03038194444444444
6107304.5	0.03038194444444444
6112129.5	0.03038194444444444
6118022.5	0.03038194444444444
6122207.5	0.03038194444444444
6126291.0	0.03038194444444444
6131585.5	0.03038194444444444
6135913.0	0.03038194444444444
6140368.5	0.03038194444444444
6144599.0	0.03038194444444444
6166516.0	0.03038194444444444
6172995.5	0.03038194444444444
6187541.5	0.03038194444444444
6197929.5	0.03038194444444444
6201536.5	0.03038194444444444
6207910.0	0.03038194444444444
6212557.5	0.03038194444444444
6216223.0	0.03038194444444444
6221270.5	0.03038194444444444
6228399.5	0.03038194444444444
6234226.0	0.03038194444444444
6239693.0	0.03038194444444444
6244888.5	0.03038194444444444
6251950.0	0.03038194444444444
6261706.5	0.03038194444444444
6266428.5	0.03038194444444444
6272223.0	0.03038194444444444
6277256.5	0.03038194444444444
6282140.5	0.03038194444444444
6287504.0	0.03038194444444444
6292984.0	0.03038194444444444
6299973.0	0.03038194444444444
6304787.5	0.03038194444444444
6310985.5	0.03038194444444444
6317914.0	0.03038194444444444
6324032.0	0.03038194444444444
6331881.0	0.03038194444444444
6346146.5	0.03038194444444444
6358280.0	0.03038194444444444
6364738.5	0.03038194444444444
6369795.5	0.03038194444444444
6374794.5	0.03038194444444444
6380865.5	0.03038194444444444
6385552.5	0.03038194444444444
6390048.5	0.03038194444444444
6394079.0	0.03038194444444444
6401994.0	0.03038194444444444
6406588.0	0.03038194444444444
6412100.0	0.03038194444444444
6416342.0	0.03038194444444444
6423085.5	0.03038194444444444
6427830.5	0.03038194444444444
6431798.0	0.03038194444444444
6437386.0	0.03038194444444444
6444461.0	0.03038194444444444
6450511.5	0.03038194444444444
6458306.0	0.03038194444444444
6464623.0	0.03038194444444444
6469844.5	0.03038194444444444
6476244.5	0.03038194444444444
6481394.5	0.03038194444444444
6486038.0	0.03038194444444444
6492353.5	0.03038194444444444
6500306.0	0.03038194444444444
6503980.0	0.03038194444444444
6508665.5	0.03038194444444444
6513483.0	0.03038194444444444
6521772.5	0.03038194444444444
6525976.5	0.03038194444444444
6531018.0	0.03038194444444444
6535459.5	0.03038194444444444
6540594.0	0.03038194444444444
6545854.5	0.03038194444444444
6552621.5	0.03038194444444444
6556921.0	0.03038194444444444
6566231.0	0.03038194444444444
6570995.5	0.03038194444444444
6576324.5	0.03038194444444444
6580262.5	0.03038194444444444
6584225.0	0.03038194444444444
6589169.5	0.03038194444444444
6594608.0	0.03038194444444444
6598645.5	0.03038194444444444
6602307.0	0.03038194444444444
6605789.5	0.03038194444444444
6611139.0	0.03038194444444444
6616123.5	0.03038194444444444
6621113.5	0.03038194444444444
6626015.0	0.03038194444444444
6629789.5	0.03038194444444444
6633622.5	0.03038194444444444
6639550.5	0.03125
6643819.5	0.03038194444444444
6648990.0	0.03038194444444444
6656830.0	0.03038194444444444
6661100.5	0.03038194444444444
6665211.5	0.03038194444444444
6669182.0	0.03038194444444444
6674226.0	0.03038194444444444
6680325.5	0.03038194444444444
6685665.5	0.03038194444444444
6691637.0	0.03038194444444444
6697175.5	0.03038194444444444
6702602.5	0.03038194444444444
6708121.0	0.03038194444444444
6714330.5	0.03038194444444444
6718127.0	0.03038194444444444
6721755.0	0.03038194444444444
6725281.5	0.03038194444444444
6730883.0	0.03038194444444444
6735975.0	0.03038194444444444
6742609.5	0.03038194444444444
6747357.0	0.03038194444444444
6753817.0	0.03038194444444444
6762902.5	0.03038194444444444
6772410.0	0.03038194444444444
6785339.5	0.03038194444444444
6796061.5	0.03038194444444444
6805016.0	0.03038194444444444
6812917.5	0.03038194444444444
6818669.0	0.03038194444444444
6824007.0	0.03038194444444444
6831674.5	0.03038194444444444
6838503.5	0.03038194444444444
6842959.5	0.03038194444444444
6848498.0	0.03038194444444444
6867957.5	0.03038194444444444
6877216.0	0.03038194444444444
6882986.0	0.03038194444444444
6887261.0	0.03038194444444444
6892182.0	0.03038194444444444
6899974.0	0.03038194444444444
6904037.5	0.03038194444444444
6912249.0	0.03038194444444444
6918776.0	0.03038194444444444
6924078.5	0.03038194444444444
6929242.0	0.03038194444444444
6933919.5	0.03038194444444444
6938456.0	0.03038194444444444
6944541.0	0.03038194444444444
6949155.0	0.03038194444444444
6955461.0	0.03038194444444444
6959685.5	0.03038194444444444
6964775.5	0.03038194444444444
6968843.5	0.03038194444444444
6977248.0	0.03038194444444444
6981464.5	0.03038194444444444
6987997.0	0.03038194444444444
6992579.5	0.03038194444444444
6996945.5	0.03038194444444444
7000405.0	0.03038194444444444
7005385.5	0.03038194444444444
7010500.5	0.03038194444444444
7016020.0	0.03038194444444444
7020326.5	0.03038194444444444
7025275.5	0.03038194444444444
7029796.5	0.03038194444444444
7034605.0	0.03038194444444444
7039351.5	0.03038194444444444
7043388.0	0.03038194444444444
7048130.5	0.03038194444444444
7052727.5	0.03038194444444444
7057373.5	0.03038194444444444
7065329.0	0.03038194444444444
7073600.0	0.03038194444444444
7078969.0	0.03038194444444444
7084442.5	0.03038194444444444
7089319.5	0.03038194444444444
7094041.5	0.03038194444444444
7098920.5	0.03038194444444444
7103139.5	0.03038194444444444
7109584.0	0.03038194444444444
7116511.5	0.03038194444444444
7122367.5	0.03038194444444444
7126981.5	0.03038194444444444
7134605.0	0.03038194444444444
7140826.0	0.03038194444444444
7146607.0	0.03038194444444444
7154238.5	0.03038194444444444
7159848.5	0.03038194444444444
7164749.0	0.03038194444444444
7170179.5	0.03038194444444444
7175806.5	0.03038194444444444
7180577.5	0.03038194444444444
7188648.0	0.03038194444444444
7195963.0	0.03038194444444444
7205959.0	0.03038194444444444
7213397.0	0.03038194444444444
7220541.0	0.03038194444444444
7227724.5	0.03038194444444444
7232857.0	0.03038194444444444
7246146.0	0.03038194444444444
7254098.5	0.03038194444444444
7261618.5	0.03038194444444444
7268396.5	0.03038194444444444
7275087.5	0.03038194444444444
7288021.5	0.03038194444444444
7298788.5	0.03038194444444444
7312684.5	0.03038194444444444
7319945.0	0.03038194444444444
7325946.0	0.03038194444444444
7334079.5	0.03038194444444444
7344193.5	0.03038194444444444
7352720.5	0.03038194444444444
7358552.5	0.03038194444444444
7367162.0	0.03038194444444444
7375807.5	0.03038194444444444
7384636.0	0.03038194444444444
7391124.5	0.03038194444444444
7397586.0	0.03038194444444444
7402973.0	0.03038194444444444
7410219.5	0.03038194444444444
7416325.0	0.03038194444444444
7420990.5	0.03038194444444444
7424879.5	0.03038194444444444
7429903.5	0.03038194444444444
7438105.0	0.03038194444444444
7443205.5	0.03038194444444444
7450077.5	0.03038194444444444
7459889.0	0.03125
7466541.5	0.03038194444444444
7473529.0	0.03038194444444444
7479257.0	0.03038194444444444
7484213.5	0.03038194444444444
7488907.5	0.03038194444444444
7494155.5	0.03038194444444444
7499878.5	0.03038194444444444
7504782.0	0.03038194444444444
7510827.5	0.03038194444444444
7515404.0	0.03038194444444444
7521851.5	0.03038194444444444
7527793.5	0.03038194444444444
7535630.5	0.03038194444444444
7539695.0	0.03038194444444444
7544556.0	0.03038194444444444
7550483.5	0.03038194444444444
7556553.5	0.03038194444444444
7560407.0	0.03038194444444444
7564837.5	0.03038194444444444
7568606.5	0.03038194444444444
7573982.5	0.03038194444444444
7579550.5	0.03038194444444444
7584446.5	0.03125
7591059.0	0.03038194444444444
7599384.0	0.03038194444444444
7618598.0	0.03038194444444444
7633220.0	0.03038194444444444
7642408.5	0.03038194444444444
7650253.5	0.03038194444444444
7655862.5	0.03038194444444444
7662198.0	0.03038194444444444
7667480.5	0.03038194444444444
7673415.5	0.03038194444444444
7678511.5	0.03038194444444444
7683793.5	0.03038194444444444
7688644.5	0.03038194444444444
7695530.5	0.03038194444444444
7704180.0	0.03038194444444444
7714123.5	0.03038194444444444
7724050.5	0.03038194444444444
7733606.0	0.03038194444444444
7754912.0	0.03038194444444444
7761580.5	0.03038194444444444
7771671.0	0.03038194444444444
7778681.0	0.03038194444444444
7787917.5	0.03038194444444444
7796647.5	0.03038194444444444
7804924.5	0.03125
7812022.5	0.03125
7817805.5	0.03125
7831698.5	0.03038194444444444
7839169.5	0.03038194444444444
7847232.0	0.03125
7854590.0	0.03125
7863204.5	0.03038194444444444
7869593.5	0.03038194444444444
7876484.0	0.03038194444444444
7885190.0	0.03038194444444444
7893950.0	0.03038194444444444
7899523.0	0.03038194444444444
7909156.0	0.03125
7920411.5	0.035590277777777776
7927235.5	0.035590277777777776
7933667.0	0.03125
7939757.0	0.03125
7944648.0	0.03125
7951674.5	0.03125
7958494.5	0.03038194444444444
7965372.0	0.03038194444444444
7972866.5	0.03125
7982871.0	0.03038194444444444
7990074.5	0.03038194444444444
7997783.5	0.03038194444444444
8005117.5	0.03038194444444444
8011660.5	0.03038194444444444
8016403.5	0.03038194444444444
8026621.0	0.03125
8034004.0	0.03038194444444444
8043515.0	0.03038194444444444
8051162.0	0.03038194444444444
8059189.5	0.03038194444444444
8067138.5	0.03038194444444444
8074811.0	0.03038194444444444
8081358.0	0.03038194444444444
8088388.0	0.03038194444444444
8095593.5	0.03038194444444444
8100626.5	0.03038194444444444
8108096.0	0.03038194444444444
8116804.0	0.03038194444444444
8124294.5	0.03038194444444444
8137215.5	0.03038194444444444
8143970.5	0.03038194444444444
8152942.0	0.03038194444444444
8159405.5	0.03038194444444444
8165250.5	0.03038194444444444
8170979.5	0.03038194444444444
8177795.5	0.03038194444444444
8184266.5	0.03038194444444444
8190607.0	0.03038194444444444
8197494.5	0.03038194444444444
8204275.5	0.03038194444444444
8211279.5	0.03038194444444444
8218999.0	0.03038194444444444
8227362.0	0.03125
8232534.5	0.03038194444444444
8239371.0	0.03038194444444444
8246441.0	0.03125
8251597.5	0.03125
8259534.0	0.03125
8266639.5	0.03125
8275409.0	0.03125
8285427.5	0.03038194444444444
8291378.5	0.03038194444444444
8296115.5	0.03038194444444444
8301020.0	0.03038194444444444
8306391.5	0.03038194444444444
8311891.0	0.03125
8317267.0	0.03125
8322096.5	0.03125
8327432.5	0.03125
8332537.0	0.03125
8338310.5	0.03125
8343443.0	0.03125
8348512.5	0.03125
8353247.0	0.039930555555555566
8360369.0	0.03125
8365199.5	0.03125
8370180.0	0.03125
8374918.0	0.03125
8381609.0	0.03125
8390581.5	0.03125
8395335.0	0.03125
8400034.5	0.03125
8404705.5	0.03038194444444444
8410621.5	0.03125
8416683.0	0.03125
8421911.5	0.03038194444444444
8436411.5	0.03038194444444444
8447669.5	0.03125
8454075.0	0.035590277777777776
8459739.5	0.035590277777777776
8464924.5	0.03645833333333332
8471946.0	0.046875
8476730.0	0.04079861111111109
8482224.5	0.04079861111111109
8489274.0	0.035590277777777776
8494186.0	0.035590277777777776
8499575.5	0.035590277777777776
8504317.5	0.035590277777777776
8511651.5	0.035590277777777776
8516619.5	0.035590277777777776
8521221.5	0.035590277777777776
8526795.5	0.035590277777777776
8532140.5	0.046006944444444434
8539790.5	0.046006944444444434
8544666.0	0.046006944444444434
8551051.5	0.046006944444444434
8556617.5	0.046006944444444434
8562572.0	0.046006944444444434
8569004.5	0.046006944444444434
8574057.5	0.046006944444444434
8580446.0	0.046006944444444434
8587807.5	0.046006944444444434
8593671.5	0.046006944444444434
8598544.0	0.046006944444444434
8604802.0	0.046006944444444434
8610020.0	0.046006944444444434
8615832.5	0.046006944444444434
8621136.5	0.046006944444444434
8626433.5	0.046006944444444434
8634141.0	0.046006944444444434
8643775.0	0.046006944444444434
8650344.5	0.046874999999999986
8657455.5	0.046874999999999986
8664068.5	0.046874999999999986
8671321.0	0.046874999999999986
8688553.0	0.046874999999999986
8699581.5	0.046874999999999986
8707439.0	0.047743055555555546
8713839.5	0.048611111111111105
8720582.5	0.048611111111111105
8728206.5	0.048611111111111105
8735987.5	0.048611111111111105
8744460.0	0.049479166666666664
8757637.5	0.047743055555555546
8772442.0	0.047743055555555546
8778973.0	0.047743055555555546
8786749.0	0.05468749999999999
8798395.5	0.047743055555555546
8807037.5	0.05468749999999999
8814897.0	0.046874999999999986
8822859.0	0.053819444444444434
8831622.5	0.053819444444444434
8839407.5	0.053819444444444434
8847830.0	0.053819444444444434
8854904.0	0.046874999999999986
8862833.0	0.05555555555555555
8870440.5	0.048611111111111105
8876255.0	0.048611111111111105
8882178.5	0.048611111111111105
8890155.0	0.05468749999999999
8896945.5	0.07118055555555555
8902913.0	0.07118055555555555
8910778.5	0.0625
8917299.0	0.07118055555555555
8924119.0	0.0703125
8932054.0	0.07118055555555555
8937502.0	0.08072916666666666
8945563.0	0.08072916666666666
8960310.0	0.0720486111111111
8972204.5	0.08246527777777776
8987080.0	0.09374999999999999
8993955.0	0.10503472222222224
9002432.0	0.09201388888888887
9008240.0	0.10329861111111112
9016020.0	0.10329861111111112
9023316.5	0.09114583333333331
9031280.5	0.11458333333333333
9039138.5	0.12760416666666669
9048380.5	0.08072916666666666
9057589.5	0.08420138888888888
9065015.5	0.08333333333333333
9074452.0	0.08246527777777776
9082156.5	0.08246527777777776
9093092.0	0.08159722222222222
9103447.0	0.0859375
9111804.0	0.09548611111111112
9120694.0	0.09809027777777779
9130931.0	0.09635416666666669
9140422.0	0.10937500000000001
9161603.0	0.12413194444444443
9174365.0	0.3307291666666667
9190906.5	0.3767361111111112
9205278.5	0.18923611111111116
9220059.5	0.27517361111111105
9232695.5	0.5381944444444443
9253147.5	0.4522569444444444
9268763.5	0.11284722222222224
9284131.0	0.09288194444444445
9298695.5	0.0920138888888889
9313400.5	0.08159722222222222
9319419.5	0.08159722222222222
9327488.5	0.08333333333333333
9336093.5	0.08159722222222222
9343649.5	0.08333333333333333
9350224.5	0.08333333333333333
9362030.5	0.08333333333333333
9370350.5	0.08333333333333333
9378759.0	0.09288194444444442
9387888.5	0.09201388888888887
9402103.0	0.09114583333333331
9412316.5	0.11458333333333333
9421123.0	0.11458333333333333
9431925.0	0.14149305555555558
9440712.0	0.15538194444444445
9447977.0	0.15625
9455361.5	0.15538194444444445
9465612.5	0.1545138888888889
9478670.5	0.1545138888888889
9490749.5	0.1545138888888889
9499292.5	0.1545138888888889
9510564.0	0.1545138888888889
9518866.0	0.15538194444444445
9528943.0	0.1545138888888889
9537910.5	0.13975694444444445
9553401.0	0.15538194444444445
9563509.5	0.15538194444444445
9572270.0	0.15625
9581521.0	0.17274305555555558
9591355.5	0.18923611111111113
9601561.5	0.17274305555555558
9616082.0	0.2065972222222222
9625551.5	0.2074652777777778
9637040.5	0.18923611111111113
9648043.0	0.18836805555555558
9656845.0	0.2048611111111111
9665487.5	0.2222222222222222
9683233.5	0.171875
9695039.5	0.17274305555555552
9705026.0	0.17274305555555552
9715425.0	0.14409722222222224
9726704.0	0.14583333333333331
9735859.0	0.13107638888888887
9745452.5	0.1449652777777778
9754272.0	0.13107638888888887
9765206.5	0.11631944444444443
9771557.5	0.11631944444444443
9781027.5	0.09375
9789709.0	0.09461805555555557
9800831.0	0.09461805555555557
9808679.5	0.09288194444444445
9829511.5	0.09288194444444445
9841682.0	0.09375
9852666.5	0.09288194444444445
9867453.5	0.10416666666666667
9875491.0	0.10416666666666667
9885258.0	0.09288194444444442
9900615.0	0.09288194444444442
9907142.5	0.06423611111111112
9913028.5	0.06423611111111112
9918437.0	0.06423611111111112
9928121.0	0.06423611111111112
9940026.0	0.06423611111111112
9947243.0	0.056423611111111105
9957298.0	0.056423611111111105
9967856.5	0.056423611111111105
9974780.5	0.056423611111111105
9981666.5	0.04774305555555555
9989184.0	0.04774305555555555
9996353.5	0.046875
10006235.5	0.04774305555555555
10013271.5	0.04774305555555555
10021128.5	0.04947916666666667
10027382.5	0.04947916666666667
10034334.5	0.04947916666666667
10045206.5	0.04340277777777776
10052064.5	0.04947916666666666
10058735.5	0.04947916666666666
10064329.0	0.04340277777777776
10077252.5	0.03645833333333332
10083176.0	0.03645833333333332
10089184.5	0.03645833333333332
10096942.5	0.03645833333333332
10104915.5	0.03645833333333332
10110762.0	0.03645833333333332
10116514.5	0.03645833333333332
10123861.5	0.03645833333333332
10128967.0	0.03732638888888888
10139456.5	0.04861111111111111
10147271.0	0.046875
10155247.0	0.053819444444444434
10162343.0	0.053819444444444434
10169448.5	0.053819444444444434
10178802.5	0.053819444444444434
10185949.0	0.04774305555555555
10191039.0	0.05555555555555555
10196461.0	0.05468749999999999
10201464.5	0.04774305555555555
10208025.0	0.046875
10212466.5	0.046875
10217372.0	0.046875
10225283.0	0.046875
10230359.5	0.046875
10236041.5	0.046875
10240957.5	0.04600694444444444
10246972.5	0.04600694444444444
10252394.5	0.04600694444444444
10258331.5	0.03993055555555555
10264279.5	0.03993055555555555
10269882.0	0.03993055555555555
10276604.5	0.03993055555555555
10283128.5	0.03125
10289074.0	0.03125
10296271.0	0.03125
10301685.5	0.03125
10306298.0	0.03125
10311546.5	0.03125
10317349.0	0.03125
10323386.5	0.03125
10329336.0	0.035590277777777776
10336003.0	0.035590277777777776
10343206.0	0.03125
10349642.5	0.03038194444444444
10356286.5	0.03038194444444444
10361344.5	0.03038194444444444
10366780.5	0.03038194444444444
10372916.0	0.03038194444444444
10378650.0	0.03038194444444444
10384686.5	0.03125
10390868.5	0.03125
10396665.5	0.03125
10402631.5	0.03125
10409785.0	0.03211805555555555
10416269.0	0.03125
10422820.0	0.03125
10428700.0	0.03125
10432709.5	0.03125
10439040.5	0.03125
10443986.5	0.03125
10449849.5	0.03125
10455963.5	0.03211805555555555
10464298.5	0.03125
10471590.0	0.03125
10480073.5	0.03125
10487345.5	0.03038194444444444
10494741.5	0.03038194444444444
10502922.0	0.03038194444444444
10510428.0	0.03038194444444444
10520156.5	0.03038194444444444
10525983.5	0.03038194444444444
10538674.0	0.03038194444444444
10542874.0	0.03038194444444444
10547436.0	0.03038194444444444
10554873.0	0.03038194444444444
10560682.5	0.03038194444444444
10566369.0	0.03038194444444444
10572328.5	0.03038194444444444
10578430.0	0.03038194444444444
10582991.0	0.03038194444444444
10588906.0	0.03038194444444444
10596041.5	0.03125
10604174.5	0.03125
10609494.0	0.03125
10615141.0	0.03211805555555555
10620425.5	0.03211805555555555
10624918.5	0.03645833333333332
10635283.5	0.03211805555555555
10641923.5	0.03211805555555555
10648629.0	0.03211805555555555
10655772.0	0.03645833333333332
10662190.0	0.03645833333333332
10668874.0	0.03645833333333332
10676709.5	0.038194444444444434
10690904.0	0.038194444444444434
10700869.5	0.038194444444444434
10708155.5	0.03645833333333332
10719344.0	0.03645833333333332
10725559.0	0.03645833333333332
10730899.5	0.03645833333333332
10735683.5	0.03645833333333332
10741659.5	0.03211805555555555
10747295.0	0.03211805555555555
10754379.0	0.03732638888888888
10759802.5	0.03732638888888888
10765368.0	0.03645833333333332
10772692.5	0.03645833333333332
10778905.0	0.03645833333333332
10784615.5	0.03645833333333332
10792984.0	0.03645833333333332
10798997.0	0.035590277777777776
10806023.0	0.035590277777777776
10811381.0	0.034722222222222224
10816423.5	0.034722222222222224
10821089.5	0.034722222222222224
10825933.0	0.034722222222222224
10832834.0	0.03993055555555555
10837821.0	0.03993055555555555
10842531.5	0.03993055555555555
10847567.5	0.04079861111111109
10852583.5	0.04079861111111109
10857405.0	0.04253472222222221
10863151.5	0.04079861111111109
10868208.0	0.04079861111111109
10875570.0	0.04166666666666665
10881150.5	0.04166666666666665
10885732.5	0.04166666666666665
10890801.5	0.04166666666666665
10897276.5	0.04166666666666665
10903442.0	0.03645833333333332
10910148.5	0.035590277777777776
10915449.0	0.035590277777777776
10921224.5	0.035590277777777776
10926160.0	0.035590277777777776
10931264.0	0.035590277777777776
10935833.0	0.035590277777777776
10941371.0	0.035590277777777776
10947049.0	0.03038194444444444
10952520.5	0.03038194444444444
10958361.0	0.034722222222222224
10963580.0	0.034722222222222224
10969542.5	0.035590277777777776
10975997.0	0.035590277777777776
10981007.5	0.03125
10986886.5	0.03125
10994433.5	0.03125
10999226.0	0.03125
11006073.5	0.03125
11011552.0	0.03125
11016846.5	0.03125
11021911.0	0.03125
11028158.0	0.03125
11034945.5	0.03125
11040562.5	0.03125
11048014.0	0.03125
11054888.5	0.03125
11067722.5	0.03125
11081684.5	0.03125
11092799.5	0.035590277777777776
11098676.5	0.035590277777777776
11104611.0	0.035590277777777776
11110856.0	0.03125
11115661.5	0.03125
11121522.0	0.03125
11127991.5	0.03125
11133675.5	0.03211805555555555
11139323.0	0.03125
11144177.5	0.03125
11150286.5	0.03038194444444444
11160306.5	0.03038194444444444
11167661.0	0.03038194444444444
11173522.5	0.03038194444444444
11180126.0	0.03125
11185476.5	0.03211805555555555
11191969.5	0.03211805555555555
11200052.0	0.03125
11212760.5	0.03125
11224588.0	0.03125
11231646.0	0.03125
11238060.5	0.03125
11246909.5	0.03125
11253910.5	0.03125
11262200.0	0.035590277777777776
11268542.5	0.03038194444444444
11275284.5	0.03038194444444444
11285871.5	0.03038194444444444
11298358.5	0.03038194444444444
11327347.0	0.03038194444444444
11333905.5	0.03038194444444444
11341294.5	0.03038194444444444
11350500.5	0.03038194444444444
11361286.0	0.03038194444444444
11375592.0	0.03038194444444444
11390816.0	0.03038194444444444
11401632.0	0.03038194444444444
11406762.5	0.03038194444444444
11415630.5	0.03038194444444444
11423901.0	0.03038194444444444
11430401.5	0.03038194444444444
11436216.0	0.03038194444444444
11444123.5	0.03038194444444444
11450160.0	0.03038194444444444
11455829.5	0.03038194444444444
11461095.5	0.03038194444444444
11467225.5	0.03125
11472496.0	0.03125
11478632.0	0.03125
11483420.0	0.03125
11488999.5	0.03125
11496159.5	0.03125
11505984.5	0.03125
11513719.5	0.03125
11523048.5	0.03038194444444444
11533950.5	0.03038194444444444
11538621.0	0.03038194444444444
11545087.5	0.03038194444444444
11555310.0	0.03038194444444444
11560868.5	0.03038194444444444
11567561.0	0.03038194444444444
11574315.5	0.03125
11579298.5	0.03125
11583813.0	0.03038194444444444
11589781.0	0.03038194444444444
11597672.0	0.03038194444444444
11603129.0	0.03038194444444444
11607318.0	0.03038194444444444
11631453.5	0.03038194444444444
11638379.0	0.03038194444444444
11650816.5	0.03038194444444444
11658122.5	0.03038194444444444
11666010.5	0.03038194444444444
11671707.5	0.03038194444444444
11677413.5	0.03038194444444444
11682317.0	0.03038194444444444
11693153.0	0.03038194444444444
11703083.0	0.03038194444444444
11717872.0	0.03038194444444444
11723669.5	0.03038194444444444
11729727.5	0.03038194444444444
11738590.0	0.03038194444444444
11744619.0	0.03038194444444444
11751738.5	0.03038194444444444
11760566.5	0.03038194444444444
11765207.5	0.03038194444444444
11771658.5	0.03038194444444444
11778596.5	0.03038194444444444
11784256.5	0.03038194444444444
11791248.0	0.03038194444444444
11797394.5	0.03038194444444444
11803246.5	0.03038194444444444
11813277.0	0.03038194444444444
11821338.0	0.03038194444444444
11839119.5	0.03038194444444444
11849936.5	0.03038194444444444
11855151.5	0.03038194444444444
11861687.0	0.03038194444444444
11867554.0	0.03038194444444444
11871956.5	0.03038194444444444
11877438.0	0.03038194444444444
11882165.5	0.03038194444444444
11886509.5	0.03038194444444444
11891965.0	0.03038194444444444
11896915.5	0.03038194444444444
11902707.0	0.03038194444444444
11907097.5	0.03038194444444444
11912412.5	0.03038194444444444
11916916.5	0.03038194444444444
11923345.5	0.03038194444444444
11928810.0	0.03038194444444444
11935170.0	0.03038194444444444
11940599.0	0.03038194444444444
11946693.5	0.03038194444444444
11950851.0	0.03038194444444444
11959093.5	0.03038194444444444
11965271.5	0.03038194444444444
11970768.0	0.03038194444444444
11975040.0	0.03038194444444444
11981877.5	0.03038194444444444
11987939.0	0.03038194444444444
11994893.0	0.03038194444444444
12000551.5	0.03038194444444444
12005604.5	0.03038194444444444
12012610.0	0.03038194444444444
12018750.0	0.03038194444444444
12023109.5	0.03038194444444444
12027377.5	0.03038194444444444
12032123.0	0.03038194444444444
12036029.5	0.03038194444444444
12041607.0	0.03038194444444444
12046391.0	0.03038194444444444
12052391.0	0.03038194444444444
12057791.0	0.03038194444444444
12064425.0	0.03038194444444444
12071102.0	0.03038194444444444
12078492.5	0.03038194444444444
12083779.0	0.03038194444444444
12090400.0	0.03038194444444444
12097176.5	0.03038194444444444
12103165.0	0.03038194444444444
12112153.0	0.03038194444444444
12118030.0	0.03038194444444444
12127758.0	0.03038194444444444
12136438.0	0.03038194444444444
12141435.5	0.03038194444444444
12148765.5	0.03038194444444444
12155096.5	0.03038194444444444
12162288.0	0.03038194444444444
12169343.0	0.03038194444444444
12184853.0	0.03038194444444444
12190796.0	0.03038194444444444
12197281.0	0.03038194444444444
12203119.0	0.03038194444444444
12208010.0	0.03038194444444444
12212973.0	0.03038194444444444
12218139.5	0.03038194444444444
12223352.0	0.03038194444444444
12228510.5	0.03038194444444444
12234370.5	0.03038194444444444
12240033.5	0.03038194444444444
12244519.0	0.03038194444444444
12249205.5	0.03038194444444444
12261155.0	0.03038194444444444
12265721.5	0.03038194444444444
12271781.5	0.03038194444444444
12276911.5	0.03125
12281816.5	0.03038194444444444
12286952.5	0.03038194444444444
12291446.0	0.03038194444444444
12297252.5	0.03038194444444444
12302579.5	0.03038194444444444
12308109.5	0.03038194444444444
12315758.5	0.03038194444444444
12321990.5	0.03038194444444444
12327720.0	0.03038194444444444
12334520.5	0.03038194444444444
12338873.0	0.03038194444444444
12344554.0	0.03038194444444444
12349629.5	0.03038194444444444
12354875.5	0.03038194444444444
12359642.0	0.03038194444444444
12364053.0	0.03038194444444444
12368963.0	0.03038194444444444
12373646.5	0.03038194444444444
12378741.0	0.03038194444444444
12383165.0	0.03038194444444444
12387652.0	0.03038194444444444
12393190.5	0.03038194444444444
12398136.0	0.03038194444444444
12402450.5	0.03038194444444444
12407196.0	0.03038194444444444
12412428.5	0.03038194444444444
12417508.5	0.03038194444444444
12423053.5	0.03038194444444444
12427856.5	0.03038194444444444
12432782.5	0.03038194444444444
12439034.5	0.03038194444444444
12444445.5	0.03038194444444444
12450556.5	0.03038194444444444
12456571.0	0.03038194444444444
12461475.0	0.03038194444444444
12465766.5	0.03038194444444444
12471293.5	0.03038194444444444
12477125.5	0.03038194444444444
12483181.5	0.03038194444444444
12489238.5	0.03038194444444444
12495047.5	0.03038194444444444
12501179.0	0.03038194444444444
12507531.0	0.03038194444444444
12513005.5	0.03038194444444444
12517906.5	0.03038194444444444
12525083.0	0.03038194444444444
12532599.0	0.03038194444444444
12540106.5	0.03038194444444444
12547307.5	0.03038194444444444
12553064.5	0.03038194444444444
12558930.0	0.03038194444444444
12566269.0	0.03038194444444444
12573200.0	0.03038194444444444
12578197.5	0.03038194444444444
12584550.5	0.03038194444444444
12590695.0	0.03038194444444444
12595166.0	0.03038194444444444
12606487.0	0.03038194444444444
12613235.5	0.03038194444444444
12618723.0	0.03038194444444444
12625054.5	0.03038194444444444
12630926.5	0.03038194444444444
12668359.5	0.03038194444444444
12674796.5	0.03038194444444444
12687929.5	0.03038194444444444
12693893.0	0.03038194444444444
12701843.5	0.03125
12729000.5	0.03125
12733268.5	0.03125
12739350.0	0.03125
12745956.5	0.03125
12753023.5	0.03125
12760229.5	0.03125
12769209.5	0.03125
12774295.0	0.03125
12779765.5	0.03125
12789554.0	0.03125
12813243.5	0.03125
12820853.0	0.03125
12827948.5	0.03038194444444444
12847915.0	0.03038194444444444
12854210.5	0.03038194444444444
12860140.0	0.03038194444444444
12864681.5	0.03038194444444444
12869581.5	0.03038194444444444
12877404.0	0.03038194444444444
12881820.0	0.03038194444444444
12888240.0	0.03038194444444444
12892504.0	0.03038194444444444
12898248.0	0.03038194444444444
12902968.5	0.03038194444444444
12912477.0	0.03038194444444444
12917803.5	0.03038194444444444
12923592.0	0.03038194444444444
12928931.0	0.03038194444444444
12936101.0	0.03038194444444444
12948948.5	0.03038194444444444
12954257.5	0.03038194444444444
12961053.0	0.03038194444444444
12967023.5	0.03038194444444444
12971973.5	0.03038194444444444
12976047.5	0.03038194444444444
12980197.5	0.03038194444444444
12984934.5	0.03038194444444444
12995759.5	0.03038194444444444
13000969.0	0.03038194444444444
13005865.0	0.03038194444444444
13010399.0	0.03038194444444444
13015198.0	0.03038194444444444
13019287.5	0.03038194444444444
13025323.5	0.03038194444444444
13030554.0	0.03038194444444444
13036880.0	0.03038194444444444
13042759.5	0.03038194444444444
13049272.5	0.03038194444444444
13055133.0	0.03125
13061448.5	0.03038194444444444
13065797.0	0.03038194444444444
13073503.0	0.03038194444444444
13083411.0	0.03038194444444444
13088640.0	0.03038194444444444
13093660.5	0.03038194444444444
13098711.5	0.03038194444444444
13103704.0	0.03038194444444444
13108530.0	0.03038194444444444
13115940.0	0.03038194444444444
13121428.0	0.03038194444444444
13126982.0	0.03038194444444444
13132617.5	0.03038194444444444
13139209.5	0.03038194444444444
13145114.0	0.03038194444444444
13150529.0	0.03038194444444444
13156932.5	0.03038194444444444
13165057.5	0.03038194444444444
13171431.0	0.03038194444444444
13176921.0	0.03038194444444444
13182052.5	0.03038194444444444
13187049.0	0.03038194444444444
13191872.5	0.034722222222222224
13196430.5	0.034722222222222224
13201063.5	0.03038194444444444
13206960.5	0.03038194444444444
13211646.5	0.03038194444444444
13217909.0	0.03038194444444444
13223424.5	0.03038194444444444
13231302.0	0.03038194444444444
13243133.5	0.03038194444444444
13248084.0	0.03038194444444444
13253066.5	0.03038194444444444
13258314.5	0.03038194444444444
13262847.5	0.03038194444444444
13268875.5	0.03038194444444444
13273412.5	0.03038194444444444
13279936.5	0.03038194444444444
13284469.0	0.03038194444444444
13288850.5	0.03038194444444444
13292952.0	0.03038194444444444
13297018.0	0.03038194444444444
13302805.5	0.03038194444444444
13307383.5	0.03038194444444444
13311342.0	0.03038194444444444
13315842.0	0.03038194444444444
13320327.0	0.03038194444444444
13326619.0	0.03038194444444444
13331420.0	0.03038194444444444
13337212.5	0.03038194444444444
13342425.0	0.03038194444444444
13347455.5	0.03038194444444444
13353196.5	0.03038194444444444
13357925.5	0.03038194444444444
13364401.0	0.03038194444444444
13368781.0	0.03038194444444444
13376205.0	0.03038194444444444
13382401.5	0.03038194444444444
13387734.0	0.03038194444444444
13393425.5	0.03038194444444444
13399121.0	0.03038194444444444
13405870.5	0.03038194444444444
13413327.5	0.03038194444444444
13419760.0	0.03038194444444444
13425105.5	0.03038194444444444
13435702.0	0.03038194444444444
13462641.0	0.03038194444444444
13472608.0	0.03038194444444444
13492278.5	0.03038194444444444
13500915.0	0.03038194444444444
13507617.5	0.03038194444444444
13514235.5	0.03038194444444444
13520612.5	0.03038194444444444
13529895.5	0.03038194444444444
13535007.0	0.03038194444444444
13540309.5	0.03038194444444444
13545470.5	0.03038194444444444
13550320.5	0.03038194444444444
13555765.5	0.03038194444444444
13561172.5	0.03038194444444444
13567029.0	0.03125
13572596.5	0.03038194444444444
13577102.5	0.03038194444444444
13581751.5	0.03038194444444444
13585907.0	0.03038194444444444
13590901.5	0.03038194444444444
13595866.0	0.03038194444444444
13601385.0	0.03038194444444444
13606396.5	0.03038194444444444
13611752.0	0.03038194444444444
13616657.0	0.03038194444444444
13621469.0	0.03038194444444444
13627992.0	0.03038194444444444
13632501.5	0.03038194444444444
13636486.5	0.03038194444444444
13641388.5	0.03038194444444444
13646265.5	0.03038194444444444
13651206.0	0.03038194444444444
13655583.0	0.03038194444444444
13662545.5	0.03038194444444444
13668769.5	0.03038194444444444
13674095.5	0.03038194444444444
13680934.0	0.03125
13686706.5	0.03125
13694596.5	0.03038194444444444
13701569.0	0.03038194444444444
13707404.0	0.03038194444444444
13713476.0	0.03038194444444444
13719991.0	0.03125
13725542.0	0.03038194444444444
13732226.5	0.03038194444444444
13741853.0	0.03038194444444444
13748098.5	0.03038194444444444
13754842.5	0.03038194444444444
13761238.5	0.03038194444444444
13767844.5	0.03038194444444444
13781532.5	0.03038194444444444
13791843.0	0.03038194444444444
13796925.5	0.03038194444444444
13803405.5	0.03038194444444444
13811557.5	0.03038194444444444
13818671.5	0.03038194444444444
13825559.5	0.03038194444444444
13835789.0	0.03038194444444444
13842303.0	0.03038194444444444
13848291.5	0.03038194444444444
13854221.0	0.03125
13861940.5	0.03125
13868016.5	0.03125
13874064.0	0.03038194444444444
13880050.0	0.03125
13887462.0	0.03038194444444444
13894331.5	0.03038194444444444
13902882.0	0.03038194444444444
13909504.5	0.03038194444444444
13917160.5	0.03038194444444444
13924721.0	0.03038194444444444
13931330.5	0.03038194444444444
13945399.5	0.03038194444444444
13960363.5	0.03038194444444444
13968717.5	0.03038194444444444
13979817.5	0.03038194444444444
13988435.0	0.03038194444444444
13995189.5	0.03038194444444444
14001521.0	0.03038194444444444
14007412.0	0.03038194444444444
14013980.5	0.03038194444444444
14019381.5	0.03038194444444444
14026097.5	0.03038194444444444
14032327.5	0.03038194444444444
14038404.5	0.03038194444444444
14044077.0	0.03038194444444444
14049754.5	0.03038194444444444
14055480.5	0.03038194444444444
14061861.5	0.03038194444444444
14068936.0	0.03038194444444444
14073685.5	0.03038194444444444
14081115.0	0.03038194444444444
14086918.5	0.03038194444444444
14092334.0	0.03038194444444444
14098965.0	0.03038194444444444
14105690.5	0.03038194444444444
14111390.0	0.03125
14116156.5	0.03125
14121776.5	0.03125
14128600.0	0.03125
14133027.0	0.03125
14138129.0	0.03125
14143897.0	0.03125
14150926.0	0.03125
14156713.0	0.03038194444444444
14161955.0	0.03038194444444444
14167793.5	0.03038194444444444
14172945.5	0.03038194444444444
14178277.0	0.03038194444444444
14184899.5	0.03038194444444444
14192466.5	0.03038194444444444
14199375.0	0.03125
14205594.5	0.03211805555555555
14211836.5	0.03211805555555555
14217815.5	0.03211805555555555
14230974.0	0.03038194444444444
14237853.0	0.03038194444444444
14248187.5	0.03038194444444444
14258493.0	0.03038194444444444
14266117.0	0.03038194444444444
14276475.0	0.03125
14284148.0	0.03125
14292017.0	0.03211805555555555
14301569.0	0.03125
14316856.5	0.03125
14326944.0	0.03125
14334801.5	0.03125
14344903.5	0.03125
14366479.0	0.035590277777777776
14376469.5	0.035590277777777776
14384232.0	0.035590277777777776
14393026.0	0.03645833333333332
14400686.5	0.04340277777777776
14409812.5	0.04253472222222221
14424675.0	0.04340277777777777
14434169.5	0.04340277777777777
14444162.5	0.04340277777777777
14457137.0	0.04687499999999999
14465711.0	0.04513888888888888
14473618.0	0.04427083333333332
14481851.5	0.05034722222222222
14489655.5	0.051215277777777776
14499791.0	0.051215277777777776
14508722.5	0.051215277777777776
14519608.5	0.04513888888888888
14530143.5	0.04513888888888888
14539475.0	0.05121527777777778
14547351.0	0.05121527777777778
14568351.0	0.050347222222222224
14578107.0	0.04340277777777776
14586669.0	0.050347222222222224
14594454.5	0.050347222222222224
14603158.0	0.058159722222222224
14612564.5	0.058159722222222224
14618024.5	0.06597222222222221
14625226.0	0.06597222222222221
14631669.0	0.06597222222222221
14636889.0	0.06597222222222221
14644142.0	0.058159722222222224
14653182.0	0.06597222222222221
14661386.0	0.06597222222222221
14667682.0	0.06597222222222221
14676138.0	0.06857638888888887
14682019.0	0.06944444444444442
14689836.0	0.06944444444444442
14697476.0	0.06684027777777776
14705885.5	0.06684027777777776
14712095.5	0.06684027777777776
14721246.5	0.058159722222222224
14729844.0	0.05902777777777778
14738014.0	0.05902777777777778
14749957.5	0.05902777777777778
14758894.5	0.05902777777777778
14769130.5	0.05989583333333332
14777826.5	0.05902777777777778
14786427.5	0.05902777777777778
14796373.0	0.05902777777777778
14805640.5	0.06076388888888888
14813431.5	0.05902777777777778
14825448.0	0.05989583333333332
14837647.5	0.05989583333333332
14854834.5	0.05989583333333332
14875810.5	0.05902777777777778
14888009.5	0.059895833333333336
14901363.5	0.0642361111111111
14925322.5	0.08159722222222224
14941634.0	0.08854166666666666
14961943.0	0.1128472222222222
15060869.0	0.12065972222222224
15120759.0	0.15017361111111113
15142220.0	0.1640625
15166383.0	0.1840277777777778
15198175.0	0.1840277777777778
15235773.5	0.1909722222222222
15261322.5	0.1605902777777778
15279148.5	0.17100694444444445
15296159.5	0.15625
15313561.5	0.171875
15338227.0	0.15625
15363657.0	0.14322916666666669
15389497.0	0.1736111111111111
15423699.5	0.15538194444444442
15465566.0	0.15277777777777776
15489726.5	0.13715277777777776
15513144.0	0.13715277777777776
15530201.0	0.12413194444444443
15545937.5	0.12065972222222222
15562462.0	0.1328125
15576328.5	0.1328125
15596998.0	0.10590277777777775
15610521.0	0.10590277777777775
15625364.0	0.09288194444444445
15639008.0	0.09288194444444445
15655466.0	0.0720486111111111
15673648.0	0.06336805555555555
15686732.5	0.05468749999999999
15696866.0	0.05468749999999999
15709542.5	0.07118055555555555
15730739.5	0.07118055555555555
15753939.5	0.05555555555555555
15765838.0	0.05555555555555555
15777197.0	0.05555555555555555
15789199.5	0.05555555555555555
15798123.5	0.05555555555555555
15807795.0	0.05555555555555555
15818889.0	0.04774305555555555
15833972.5	0.03732638888888888
15850239.0	0.03732638888888888
15864932.5	0.03732638888888888
15881888.0	0.03732638888888888
15890677.0	0.03645833333333332
15900701.0	0.038194444444444434
15910171.0	0.03732638888888888
15924215.0	0.04253472222222221
15937386.0	0.04166666666666665
15947800.5	0.04166666666666665
15956892.5	0.03819444444444444
15964531.5	0.03645833333333332
15974020.5	0.03645833333333332
15981088.5	0.03645833333333332
15988456.5	0.046875
15995505.5	0.04079861111111109
16004113.0	0.04079861111111109
16011417.5	0.04079861111111109
16019570.0	0.04079861111111109
16028123.5	0.04079861111111109
16037247.0	0.04166666666666665
16046947.5	0.04166666666666665
16055600.0	0.03645833333333332
16065261.0	0.03645833333333332
16072820.5	0.03645833333333332
16092108.0	0.03645833333333332
16106045.5	0.03645833333333332
16118271.5	0.035590277777777776
16128547.0	0.035590277777777776
16137876.0	0.03125
16145589.5	0.03125
16166829.5	0.03125
16175225.0	0.03125
16183250.5	0.03125
16189668.0	0.03125
16196098.0	0.03125
16203040.5	0.03125
16209844.5	0.035590277777777776
16218141.0	0.035590277777777776
16226851.0	0.03125
16234297.0	0.03038194444444444
16242192.5	0.03038194444444444
16253078.5	0.03038194444444444
16262534.5	0.03038194444444444
16275299.5	0.03038194444444444
16284264.5	0.03038194444444444
16293884.5	0.034722222222222224
16304469.0	0.03038194444444444
16315128.5	0.03125
16326296.5	0.03038194444444444
16334509.5	0.03038194444444444
16343137.0	0.03038194444444444
16351486.0	0.03038194444444444
16361142.0	0.03038194444444444
16370865.0	0.03038194444444444
16379703.0	0.03038194444444444
16389824.5	0.03038194444444444
16399408.5	0.03038194444444444
16411414.0	0.03125
16424868.0	0.034722222222222224
16435916.0	0.03038194444444444
16445452.0	0.03038194444444444
16454060.5	0.03038194444444444
16466940.5	0.03038194444444444
16474149.5	0.03038194444444444
16482902.0	0.03038194444444444
16490781.0	0.03038194444444444
16497558.0	0.03038194444444444
16505946.5	0.03038194444444444
16512012.5	0.03038194444444444
16519831.0	0.03125
16525886.5	0.03038194444444444
16534586.5	0.03038194444444444
16544844.0	0.03038194444444444
16552116.0	0.03038194444444444
16562189.5	0.02951388888888888
16570931.5	0.03038194444444444
16580426.5	0.02951388888888888
16591801.5	0.03038194444444444
16601403.0	0.02951388888888888
16612877.5	0.02951388888888888
16625731.5	0.03038194444444444
16634717.5	0.02951388888888888
16644673.5	0.02951388888888888
16653193.5	0.02951388888888888
16661960.0	0.02951388888888888
16673680.0	0.02951388888888888
16683974.5	0.02951388888888888
16695479.0	0.02951388888888888
16712471.5	0.02951388888888888
16734406.0	0.02951388888888888
16746287.5	0.02951388888888888
16755031.5	0.02951388888888888
16761905.0	0.02951388888888888
16773631.5	0.02951388888888888
16783769.5	0.02951388888888888
16793518.0	0.02951388888888888
16806272.5	0.02951388888888888
16818602.0	0.02951388888888888
16830289.5	0.02951388888888888
16840999.0	0.03038194444444444
16849353.5	0.02951388888888888
16857025.5	0.02951388888888888
16865219.0	0.02951388888888888
16873215.5	0.02951388888888888
16880899.5	0.02951388888888888
16887518.0	0.02951388888888888
16896105.0	0.02951388888888888
16904919.5	0.02951388888888888
16913054.5	0.02951388888888888
16922452.5	0.02951388888888888
16931411.0	0.02951388888888888
16946210.0	0.02951388888888888
16963620.0	0.02951388888888888
16973588.0	0.02951388888888888
16983171.5	0.02951388888888888
16994325.5	0.02951388888888888
17002292.5	0.02951388888888888
17013838.0	0.02951388888888888
17022197.5	0.02951388888888888
17030772.0	0.02951388888888888
17041426.0	0.02951388888888888
17056314.0	0.02951388888888888
17066561.0	0.02951388888888888
17075169.5	0.02951388888888888
17088646.5	0.02951388888888888
17102855.0	0.02951388888888888
17122332.0	0.02951388888888888
17144317.5	0.02951388888888888
17175622.5	0.02951388888888888
17188152.5	0.02951388888888888
17199791.0	0.03038194444444444
17215916.0	0.03038194444444444
17231581.5	0.03211805555555555
17243704.0	0.02951388888888888
17256625.0	0.02951388888888888
17267530.0	0.02951388888888888
17303143.0	0.03038194444444444
17336273.5	0.03038194444444444
17357606.0	0.03125
17373904.5	0.03125
17388540.0	0.03125
17413065.0	0.02951388888888888
17430455.5	0.02951388888888888
17451378.0	0.02951388888888888
17468824.5	0.02951388888888888
17482392.5	0.02951388888888888
17495264.0	0.02951388888888888
17509799.0	0.02951388888888888
17519834.5	0.02951388888888888
17531708.5	0.03038194444444444
17540288.0	0.02951388888888888
17555826.5	0.02951388888888888
17569503.0	0.02951388888888888
17580622.5	0.02951388888888888
17591694.0	0.02951388888888888
17609845.5	0.02951388888888888
17621281.0	0.02951388888888888
17632166.5	0.02951388888888888
17643324.5	0.02951388888888888
17658737.0	0.02951388888888888
17685127.5	0.02951388888888888
17699994.5	0.02951388888888888
17711725.5	0.02951388888888888
17727467.0	0.02951388888888888
17736714.5	0.02951388888888888
17750258.5	0.02951388888888888
17761980.0	0.02951388888888888
17771667.5	0.02951388888888888
17783087.0	0.02951388888888888
17794254.5	0.02951388888888888
17807008.5	0.03125
17817658.0	0.03038194444444444
17827300.0	0.02951388888888888
17842511.0	0.02951388888888888
17854877.0	0.02951388888888888
17865451.5	0.02951388888888888
17875326.0	0.02951388888888888
17886680.0	0.02951388888888888
17899057.5	0.02951388888888888
17910201.0	0.02951388888888888
17921118.0	0.03125
17930266.5	0.02951388888888888
17939769.0	0.02951388888888888
17950097.0	0.02951388888888888
17958587.5	0.02951388888888888
17968928.0	0.02951388888888888
17982341.5	0.03038194444444444
17993628.0	0.03038194444444444
18006441.0	0.02951388888888888
18016110.0	0.02951388888888888
18028190.5	0.02951388888888888
18038370.5	0.03125
18053330.0	0.03125
18066507.5	0.02951388888888888
18081007.0	0.03038194444444444
18091899.5	0.02951388888888888
18106151.0	0.02951388888888888
18123985.5	0.03125
18145683.5	0.033854166666666664
18158402.5	0.03038194444444444
18169144.5	0.02951388888888888
18181123.5	0.02951388888888888
18191242.0	0.02951388888888888
18201832.5	0.02951388888888888
18211828.5	0.02951388888888888
18222725.5	0.02951388888888888
18234676.5	0.02951388888888888
18246836.5	0.02951388888888888
18259794.0	0.02951388888888888
18288876.5	0.02951388888888888
18316084.5	0.02951388888888888
18338958.5	0.02951388888888888
18355422.5	0.02951388888888888
18368080.0	0.02951388888888888
18382222.0	0.02951388888888888
18399698.0	0.02951388888888888
18416014.5	0.02951388888888888
18431649.5	0.03038194444444444
18444733.5	0.02951388888888888
18456829.0	0.02951388888888888
18467480.0	0.02951388888888888
18478216.0	0.03038194444444444
18489698.5	0.02951388888888888
18500440.5	0.02951388888888888
18512392.5	0.02951388888888888
18522892.0	0.02951388888888888
18532599.0	0.02951388888888888
18544065.0	0.02951388888888888
18559272.5	0.02951388888888888
18573870.5	0.02951388888888888
18587814.5	0.02951388888888888
18599817.5	0.02951388888888888
18612677.0	0.02951388888888888
18624303.0	0.02951388888888888
18635892.0	0.02951388888888888
18649011.0	0.02951388888888888
18662087.0	0.02951388888888888
18675123.0	0.03038194444444444
18686377.5	0.03038194444444444
18707442.0	0.02951388888888888
18722959.0	0.02951388888888888
18748788.5	0.02951388888888888
18767995.5	0.02951388888888888
18788439.0	0.02951388888888888
18826799.0	0.02951388888888888
18843058.5	0.02951388888888888
18858825.0	0.02951388888888888
18873280.0	0.02951388888888888
18892249.0	0.02951388888888888
18913627.5	0.02951388888888888
18930627.5	0.02951388888888888
18948505.0	0.03038194444444444
18992621.5	0.02951388888888888
19023097.5	0.02951388888888888
19050557.0	0.02951388888888888
19068263.5	0.02951388888888888
19082305.0	0.02951388888888888
19099937.0	0.02951388888888888
19115475.5	0.03038194444444444
19130342.0	0.02951388888888888
19144437.0	0.02951388888888888
19161537.0	0.02951388888888888
19177183.5	0.02951388888888888
19192673.0	0.02951388888888888
19208594.5	0.02951388888888888
19224101.5	0.02951388888888888
19239042.0	0.02951388888888888
19250048.0	0.02951388888888888
19266471.5	0.02951388888888888
19282846.5	0.02951388888888888
19298675.5	0.033854166666666664
19314558.5	0.02951388888888888
19332266.0	0.02951388888888888
19347940.5	0.02951388888888888
19365942.5	0.02951388888888888
19382928.5	0.02951388888888888
19399209.5	0.02951388888888888
19415930.5	0.02951388888888888
19430633.0	0.02951388888888888
19445171.5	0.02951388888888888
19461400.5	0.02951388888888888
19479361.5	0.02951388888888888
19509868.0	0.02951388888888888
19526552.5	0.03125
19542842.5	0.03038194444444444
19559548.5	0.03038194444444444
19596847.0	0.03038194444444444
19627543.5	0.02951388888888888
19651292.0	0.03038194444444444
19673270.5	0.03038194444444444
19712741.0	0.02951388888888888
19740232.0	0.02951388888888888
19796056.5	0.03038194444444444
19829478.5	0.03038194444444444
19865161.0	0.03038194444444444
19903885.5	0.02951388888888888
19977930.5	0.03038194444444444
20032760.5	0.03038194444444444
20109022.0	0.03038194444444444
20159481.0	0.02951388888888888
20282204.0	0.02604166666666666
20396604.5	0.02604166666666666
20509085.5	0.03038194444444444
20636943.0	0.03038194444444444
20697925.0	0.02951388888888888
20754007.5	0.03993055555555555
20923448.0	0.03993055555555555
21027388.0	0.0798611111111111
21123884.5	0.035590277777777776
21247252.0	0.03125
21326721.5	0.03125
21413006.5	0.03211805555555555
21504808.5	0.04079861111111109
21575229.5	0.034722222222222224
21643166.5	0.046875
21724448.0	0.03993055555555555
21835009.0	0.02951388888888888
21954550.0	0.02951388888888888
22060464.5	0.03038194444444444
22125585.0	0.038194444444444434
22179813.0	0.06336805555555555
22246051.0	0.02951388888888888
22361392.0	0.02951388888888888
22454491.5	0.02951388888888888
22540884.5	0.03038194444444444
22710191.5	0.03038194444444444
22792748.0	0.03645833333333332
22866257.5	0.02951388888888888
22993472.5	0.02604166666666666
23094959.5	0.02604166666666666
23228042.0	0.02604166666666666
23312241.5	0.02951388888888888
23373882.0	0.03038194444444444
23427448.0	0.02951388888888888
23548396.5	0.046875
23642988.0	0.02951388888888888
23775492.0	0.02604166666666666
23921549.5	0.02604166666666666
24010916.5	0.02604166666666666
24161791.0	0.03125
24255834.0	0.03993055555555555
