midpoint	h12
3052.016	0.353
12408.375	0.258
20875.3805	0.117
28623.6565	0.253
35885.999	0.317
42635.615	0.335
48702.212	0.258
55329.299	0.254
63488.9915	0.092
70585.054	0.104
77121.5235	0.128
83497.1425	0.129
89321.1505	0.318
96518.2945	0.146
104594.8005	0.146
110818.241	0.128
116890.48	0.132
122996.434	0.12
129045.3985	0.112
134950.1245	0.104
140868.7305	0.108
147237.472	0.068
153001.452	0.093
158655.298	0.096
164671.101	0.088
170447.1055	0.076
175897.091	0.071
181584.5165	0.052
187346.638	0.059
193339.0485	0.086
198990.8505	0.097
204258.8415	0.087
210059.366	0.071
215869.7675	0.1
221650.398	0.083
227363.8875	0.058
232940.347	0.047
239781.173	0.045
246100.7	0.047
251378.2195	0.042
256902.1735	0.039
262131.857	0.04
267201.7155	0.046
272247.941	0.034
277424.7315	0.038
282541.2305	0.048
287703.8345	0.051
293634.5215	0.042
300072.358	0.032
307839.112	0.042
312976.972	0.049
318197.4765	0.041
323352.1595	0.037
328971.6025	0.041
334854.1835	0.039
341656.9805	0.03
348565.365	0.032
354994.156	0.034
360660.699	0.038
366156.3375	0.031
372483.6925	0.031
378510.375	0.036
383903.9025	0.059
389337.923	0.044
395301.513	0.048
401141.4395	0.038
406610.7445	0.031
411723.223	0.039
417165.178	0.032
422388.0985	0.046
427485.928	0.067
432363.5825	0.083
437688.3135	0.063
443204.424	0.052
448190.2005	0.056
453357.743	0.033
459620.074	0.024
465240.8605	0.028
470676.1985	0.04
475889.501	0.024
481154.647	0.03
486345.938	0.023
491721.537	0.026
496736.8825	0.026
502010.556	0.026
507266.102	0.03
512540.429	0.037
517897.495	0.028
522847.478	0.024
527914.6475	0.032
534854.5355	0.025
543162.6555	0.034
552049.619	0.024
558439.4275	0.023
564287.9495	0.026
569917.3295	0.024
575169.6835	0.029
581361.2385	0.026
588273.556	0.041
595161.979	0.031
602158.463	0.036
609267.666	0.027
616144.607	0.023
623228.276	0.022
629835.472	0.026
635323.489	0.023
640808.852	0.024
646244.6805	0.024
654320.1125	0.022
661732.7505	0.021
669486.2425	0.024
676085.3555	0.023
682658.9625	0.022
688379.9925	0.032
693838.6655	0.031
699993.0555	0.024
707492.043	0.024
714552.6035	0.023
720637.1965	0.021
725917.172	0.023
730924.0585	0.031
736267.4645	0.023
741727.6665	0.023
747762.4455	0.021
755330.8475	0.023
760968.0845	0.024
766164.2495	0.025
771374.3875	0.022
776685.539	0.021
782706.1555	0.021
790340.109	0.022
797060.2485	0.021
804857.446	0.022
810916.111	0.024
816455.1025	0.022
821994.6675	0.024
827585.091	0.023
832807.2695	0.023
838327.4465	0.028
843628.707	0.024
849711.2545	0.024
855257.0335	0.023
861672.449	0.027
867117.0845	0.022
873024.0715	0.023
878750.227	0.031
884107.217	0.027
889622.2305	0.026
894884.4695	0.023
900370.686	0.024
906305.2545	0.029
913443.981	0.023
919644.5325	0.023
925115.0435	0.023
931009.507	0.032
936729.3715	0.027
942229.55	0.032
948024.1275	0.027
956998.5615	0.027
963500.904	0.028
970653.6155	0.031
977258.0775	0.032
983210.8395	0.024
990619.417	0.024
996840.313	0.025
1002587.072	0.021
1009972.4485	0.021
1016043.073	0.026
1021610.782	0.029
1028249.4105	0.027
1036199.121	0.029
1043531.877	0.018
1050605.94	0.024
1055808.0875	0.026
1061766.612	0.023
1067952.635	0.023
1076129.52	0.021
1084668.655	0.024
1092436.569	0.027
1098673.1565	0.027
1104454.914	0.028
1110284.592	0.039
1116328.159	0.04
1123551.248	0.036
1129102.987	0.031
1135396.6515	0.024
1142505.2705	0.026
1149820.4985	0.022
1156124.9215	0.036
1161876.731	0.022
1167696.12	0.027
1173185.5785	0.026
1178955.4175	0.021
1184441.6195	0.026
1190613.92	0.018
1196964.5365	0.018
1203250.6385	0.023
1208323.251	0.022
1214131.999	0.021
1219987.5685	0.022
1226462.208	0.023
1231812.8335	0.021
1238092.6005	0.023
1244976.855	0.026
1251218.783	0.025
1256793.8415	0.029
1262916.867	0.029
1269177.615	0.026
1274966.143	0.024
1280865.13	0.022
1285995.033	0.031
1291871.9595	0.027
1297328.622	0.025
1302422.2715	0.024
1308320.301	0.022
1313658.605	0.02
1319127.1015	0.022
1325157.005	0.02
1332954.7475	0.02
1341427.7075	0.017
1349273.193	0.023
1355349.972	0.023
1361025.3765	0.022
1367100.1895	0.021
1372274.193	0.023
1377508.1795	0.026
1386488.4015	0.021
1395697.7135	0.023
1402320.2665	0.032
1407827.588	0.033
1412874.634	0.027
1418404.489	0.024
1424935.6525	0.029
1430861.1185	0.026
1436220.289	0.021
1441190.3225	0.026
1446262.1085	0.023
1452177.352	0.023
1457752.0935	0.027
1462703.4855	0.026
1468238.651	0.023
1474990.877	0.022
1480848.077	0.021
1486807.343	0.022
1492286.8155	0.023
1497980.591	0.026
1503706.6675	0.022
1508746.414	0.022
1514755.4375	0.023
1521742.7655	0.024
1527637.543	0.026
1532816.7765	0.028
1538226.0415	0.027
1544376.513	0.022
1550018.021	0.026
1555505.021	0.02
1561024.104	0.024
1567382.77	0.021
1576060.185	0.024
1584102.5335	0.022
1591994.3915	0.026
1598962.4655	0.029
1605711.6645	0.024
1611728.1405	0.034
1617102.135	0.023
1622639.3895	0.024
1628260.258	0.024
1640584.8715	0.017
1647971.559	0.023
1653930.864	0.018
1659411.218	0.02
1665730.2875	0.017
1671875.747	0.022
1676848.866	0.022
1681935.1655	0.024
1687367.3985	0.02
1693496.5835	0.021
1698943.6745	0.022
1704205.5025	0.022
1709192.021	0.021
1714498.677	0.022
1720723.6025	0.018
1728699.7185	0.027
1735484.065	0.022
1741473.5875	0.021
1747494.2195	0.028
1753057.9875	0.029
1759965.967	0.022
1765436.2065	0.027
1771043.094	0.029
1776125.9235	0.031
1781173.5475	0.026
1787047.335	0.024
1792980.1275	0.027
1799178.896	0.025
1805380.284	0.025
1810537.9885	0.024
1818353.032	0.02
1826354.7825	0.02
1831802.9785	0.024
1844727.183	0.017
1860497.918	0.022
1871073.027	0.018
1880384.0085	0.02
1886767.652	0.024
1892806.6995	0.026
1898491.9705	0.02
1904368.549	0.022
1910091.1845	0.023
1915800.7865	0.023
1922224.2915	0.02
1928093.022	0.024
1933604.8335	0.024
1939399.0495	0.024
1945448.6115	0.028
1951735.962	0.022
1957071.292	0.023
1963113.109	0.022
1969457.4035	0.022
1977251.241	0.026
1983658.7125	0.027
1989404.315	0.021
1994478.8515	0.02
1999724.5945	0.021
2005315.841	0.02
2010405.6415	0.021
2015525.448	0.021
2020841.023	0.023
2027053.93	0.021
2033280.899	0.027
2039444.3575	0.029
2045428.089	0.024
2051929.159	0.024
2058013.07	0.022
2064148.247	0.022
2069767.1525	0.027
2075578.33	0.024
2081104.754	0.028
2094234.4425	0.029
2102814.602	0.036
2108385.2355	0.027
2113523.398	0.027
2119053.596	0.031
2124324.3845	0.022
2129513.562	0.031
2134399.7505	0.029
2139307.271	0.027
2144530.8735	0.032
2150793.757	0.023
2160961.8415	0.029
2167837.008	0.023
2174609.9365	0.026
2180572.473	0.021
2185930.69	0.024
2191441.5005	0.023
2196679.061	0.023
2201974.593	0.026
2208310.516	0.023
2214711.588	0.022
2220943.7175	0.021
2227361.7035	0.021
2234514.5955	0.02
2243297.622	0.024
2249280.797	0.027
2254622.3475	0.021
2261021.859	0.021
2269451.396	0.018
2278292.6465	0.021
2284456.532	0.018
2290721.759	0.018
2296715.5475	0.021
2303300.83	0.02
2308774.493	0.021
2313904.5965	0.024
2319389.581	0.023
2324922.266	0.026
2331081.316	0.02
2337583.721	0.024
2343608.403	0.023
2348805.524	0.022
2355053.424	0.023
2361539.388	0.021
2366886.3025	0.023
2373051.738	0.021
2380058.5405	0.026
2388630.6855	0.025
2394048.6915	0.023
2399613.8255	0.022
2405292.83	0.024
2410653.733	0.033
2416324.309	0.024
2422905.6765	0.026
2428063.9215	0.022
2433441.609	0.022
2439265.241	0.021
2445384.1795	0.022
2450747.7775	0.028
2456064.3955	0.021
2461071.106	0.021
2466416.2505	0.024
2471889.171	0.023
2479927.076	0.022
2487491.056	0.024
2493992.4175	0.024
2500109.5755	0.027
2505215.5975	0.027
2510036.181	0.023
2515096.2695	0.022
2520349.219	0.022
2525271.399	0.024
2530245.7065	0.029
2535221.249	0.023
2540331.408	0.023
2546282.2945	0.021
2552011.284	0.024
2557721.1835	0.025
2564156.654	0.022
2569543.1905	0.022
2576324.302	0.022
2582880.865	0.029
2587999.641	0.027
2595625.5175	0.024
2607006.551	0.024
2613287.069	0.024
2619246.3005	0.028
2624785.327	0.031
2630252.2095	0.029
2635710.78	0.024
2641049.0115	0.023
2647184.8955	0.02
2653712.162	0.021
2659062.2455	0.024
2664573.364	0.025
2669978.55	0.024
2675412.299	0.022
2681052.7235	0.021
2686403.3775	0.023
2691344.767	0.028
2696210.304	0.023
2701778.3545	0.021
2707714.732	0.02
2714167.1195	0.028
2719760.7075	0.031
2724937.783	0.026
2731005.0445	0.022
2736269.878	0.027
2741342.314	0.022
2746814.577	0.024
2752213.1645	0.029
2757208.0295	0.038
2762158.436	0.032
2767223.1385	0.033
2772409.098	0.03
2778263.024	0.023
2784995.1625	0.024
2791160.545	0.024
2797757.74	0.021
2803389.237	0.023
2808836.372	0.023
2815880.628	0.02
2822926.2285	0.024
2829044.4295	0.024
2834319.7395	0.029
2839481.9955	0.026
2844516.303	0.026
2849736.615	0.023
2854603.874	0.037
2859867.2865	0.024
2865514.3565	0.021
2871998.923	0.026
2877157.8	0.024
2882597.06	0.021
2888906.0715	0.022
2894345.208	0.022
2901086.8805	0.026
2913713.4335	0.026
2919161.4275	0.024
2924549.801	0.022
2933637.727	0.021
2942506.218	0.027
2947785.7335	0.03
2952863.142	0.026
2957828.9725	0.024
2963339.701	0.022
2968639.8755	0.023
2973655.572	0.026
2980698.553	0.021
2992787.1065	0.023
2999570.121	0.031
3004765.3755	0.033
3009758.36	0.032
3014716.598	0.028
3020512.205	0.031
3026109.8005	0.028
3031795.3085	0.033
3037435.1705	0.054
3043424.113	0.044
3053916.7315	0.049
3064612.4735	0.031
3069826.234	0.031
3074835.3785	0.033
3080652.3865	0.031
3088020.5655	0.029
3093789.571	0.029
3098909.1955	0.024
3104138.488	0.022
3109192.586	0.023
3114138.275	0.029
3119536.8205	0.027
3124730.3635	0.022
3129627.1255	0.022
3135308.1185	0.022
3140498.4515	0.022
3146112.965	0.021
3151888.1995	0.022
3157281.9685	0.024
3162891.7625	0.02
3168683.1005	0.023
3174861.9385	0.027
3181028.6035	0.044
3186818.551	0.026
3191999.386	0.026
3197128.946	0.024
3202407.1265	0.033
3208945.296	0.032
3215338.3055	0.025
3221637.0735	0.027
3226808.647	0.031
3231718.0015	0.026
3236978.1125	0.027
3243464.5385	0.028
3249335.6955	0.025
3254475.4135	0.022
3259674.4525	0.024
3265686.3115	0.024
3270966.302	0.024
3276152.168	0.033
3295282.9075	0.025
3341221.8505	0.023
3356062.601	0.024
3361505.2965	0.028
3366958.5375	0.031
3373871.404	0.038
3379676.471	0.022
3385849.3005	0.027
3393413.047	0.03
3399744.3395	0.023
3405359.395	0.028
3410615.811	0.024
3415985.04	0.022
3421846.9405	0.024
3428035.688	0.02
3435198.8955	0.032
3442002.5665	0.029
3448450.07	0.03
3454380.491	0.026
3460065.187	0.023
3465525.2535	0.022
3470872.499	0.028
3476165.624	0.03
3481268.404	0.031
3486274.806	0.027
3491564.0745	0.029
3497175.133	0.028
3502946.969	0.039
3508821.0695	0.028
3515229.0555	0.027
3520518.405	0.022
3526172.05	0.021
3532179.2455	0.021
3537995.4905	0.023
3544093.0505	0.023
3549799.3	0.024
3555091.2085	0.024
3560858.923	0.022
3568631.222	0.021
3574609.054	0.02
3580220.0995	0.021
3586419.3365	0.021
3591796.041	0.024
3597378.1305	0.024
3602852.0575	0.021
3609908.3455	0.021
3616004.038	0.021
3624646.46	0.022
3631308.292	0.026
3637798.1955	0.023
3643881.811	0.026
3650729.232	0.021
3656640.3655	0.021
3662655.215	0.022
3670204.9825	0.021
3678426.7045	0.021
3684303.4625	0.022
3692803.205	0.027
3699474.791	0.024
3706122.957	0.021
3712855.444	0.021
3718777.3225	0.026
3724207.6635	0.021
3730243.72	0.021
3736491.544	0.021
3742152.4035	0.021
3747752.42	0.022
3753385.7415	0.021
3760082.5015	0.023
3767403.7805	0.026
3773954.7645	0.029
3780401.4465	0.022
3786310.8575	0.024
3792913.0145	0.03
3798690.1225	0.027
3806452.3365	0.026
3812702.366	0.022
3818301.0115	0.027
3824480.792	0.022
3832502.656	0.022
3838470.1335	0.032
3844828.3895	0.027
3851754.752	0.038
3858134.8285	0.03
3863837.697	0.029
3869575.737	0.024
3875710.854	0.026
3881384.947	0.028
3887485.754	0.029
3894314.1535	0.022
3902543.8825	0.024
3910438.6955	0.022
3915673.874	0.025
3921024.002	0.034
3926129.3325	0.025
3931518.755	0.027
3941853.6275	0.033
3948924.511	0.031
3954891.8135	0.034
3962875.589	0.038
3968802.662	0.024
3975594.716	0.022
3982515.1795	0.021
3989421.2255	0.021
3996494.7745	0.021
4003906.6925	0.024
4009838.331	0.021
4017563.763	0.026
4024743.341	0.02
4031328.1985	0.021
4037491.7125	0.024
4043430.523	0.022
4050387.423	0.02
4056789.7545	0.022
4063090.1535	0.023
4068938.287	0.022
4075736.2535	0.023
4082071.96	0.029
4087616.136	0.023
4095119.5485	0.024
4102520.342	0.025
4108623.5465	0.027
4114328.834	0.027
4120004.823	0.026
4125480.408	0.026
4130954.1425	0.028
4136504.566	0.031
4142926.8595	0.026
4149755.9855	0.026
4155489.3465	0.025
4161054.406	0.023
4166721.551	0.02
4173005.586	0.024
4179564.0415	0.03
4184870.741	0.026
4189969.801	0.025
4194995.402	0.024
4200289.3935	0.022
4205512.201	0.022
4210802.3765	0.023
4216855.9265	0.025
4222336.605	0.022
4227380.3515	0.039
4232316.814	0.034
4238824.031	0.026
4244766.027	0.032
4250793.2685	0.023
4256971.9065	0.026
4262617.295	0.024
4268451.2575	0.022
4275789.271	0.022
4282022.11	0.026
4287363.9545	0.024
4292570.4555	0.022
4297672.334	0.024
4303434.146	0.021
4309719.8955	0.022
4316360.2815	0.022
4323186.157	0.022
4329265.241	0.029
4334902.572	0.033
4340253.542	0.033
4345236.478	0.029
4350551.1885	0.036
4355572.2585	0.03
4360770.299	0.032
4366466.075	0.026
4372423.4065	0.028
4377745.615	0.029
4383087.6315	0.034
4388372.735	0.033
4394520.4045	0.023
4399909.524	0.024
4405294.068	0.026
4410822.679	0.041
4417349.598	0.022
4424876.962	0.024
4431373.897	0.026
4437922.824	0.021
4444774.3765	0.038
4450107.0	0.026
4455852.869	0.029
4461603.0165	0.023
4467372.7525	0.021
4473451.0615	0.028
4480039.7455	0.032
4487606.3695	0.027
4494573.444	0.028
4501005.279	0.036
4506461.112	0.038
4513763.1095	0.032
4520649.171	0.026
4527298.1695	0.023
4532757.4275	0.029
4537946.1435	0.033
4544646.5525	0.027
4550044.151	0.032
4555079.5785	0.026
4560557.182	0.032
4567069.8835	0.032
4573813.9955	0.026
4579614.5755	0.022
4585076.5535	0.024
4590461.917	0.034
4596509.663	0.028
4603179.8285	0.026
4612117.6245	0.024
4619221.1345	0.024
4625790.2175	0.022
4633216.223	0.021
4639716.4455	0.025
4645482.2305	0.032
4651516.8465	0.038
4657184.304	0.03
4664624.8605	0.022
4672216.692	0.02
4687692.4725	0.023
4694743.6705	0.026
4702020.438	0.028
4709461.583	0.024
4717623.126	0.022
4724872.733	0.028
4732767.033	0.03
4738494.9755	0.035
4744180.5505	0.024
4750578.2	0.023
4756725.6055	0.022
4762375.25	0.022
4768071.014	0.022
4773995.6295	0.024
4780299.5505	0.022
4786878.246	0.022
4793715.712	0.024
4799575.2595	0.022
4805486.647	0.022
4811997.709	0.026
4818793.7635	0.023
4824835.6295	0.026
4831137.8905	0.029
4836989.021	0.022
4842805.8955	0.024
4849315.4645	0.043
4854844.918	0.027
4859810.8135	0.036
4865651.912	0.027
4872264.577	0.027
4880278.4195	0.027
4886597.8355	0.026
4892830.9025	0.023
4899239.2035	0.032
4904705.2635	0.027
4910832.7785	0.037
4917136.168	0.032
4923929.841	0.023
4931457.3285	0.026
4939018.1315	0.032
4944368.8625	0.029
4950125.335	0.039
4955965.301	0.031
4961890.145	0.028
4967146.562	0.037
4972638.8105	0.04
4978612.456	0.029
4986936.2195	0.029
4993246.7055	0.032
4999565.2325	0.034
5005960.7465	0.032
5011466.536	0.029
5017416.863	0.03
5022763.6495	0.048
5027673.5575	0.035
5032985.7935	0.032
5038274.6465	0.033
5043941.1715	0.033
5050658.992	0.028
5057582.2305	0.028
5064076.196	0.029
5069948.7215	0.023
5075541.3335	0.023
5081886.0225	0.023
5087532.673	0.023
5093393.365	0.031
5099374.7065	0.026
5105845.709	0.034
5111382.719	0.031
5116615.9835	0.028
5122363.631	0.029
5128136.566	0.028
5134474.2615	0.026
5140263.9775	0.025
5146334.5645	0.031
5153024.193	0.034
5159525.2285	0.028
5165524.019	0.023
5171439.5475	0.022
5176992.683	0.024
5183160.6025	0.029
5189208.104	0.027
5195961.6595	0.027
5202589.038	0.029
5209615.1155	0.028
5216429.406	0.033
5222245.178	0.023
5228855.891	0.022
5235962.52	0.026
5242122.567	0.023
5248056.614	0.024
5253853.335	0.023
5260088.864	0.021
5265722.236	0.027
5271529.8875	0.024
5277277.887	0.022
5282678.0135	0.024
5288909.1605	0.021
5294992.082	0.025
5300962.7315	0.023
5306695.864	0.026
5313361.1015	0.021
5319990.111	0.026
5327067.3975	0.021
5333083.2245	0.024
5338604.2735	0.023
5344855.9045	0.024
5350396.966	0.022
5355821.4515	0.024
5361927.8515	0.022
5367434.997	0.029
5372595.0925	0.022
5378358.7085	0.021
5383912.3215	0.026
5390107.6935	0.021
5395640.056	0.025
5401222.515	0.025
5406772.458	0.033
5415832.3305	0.027
5422906.2915	0.028
5428509.695	0.026
5434451.393	0.027
5440229.79	0.028
5445632.7605	0.031
5451316.3935	0.033
5457739.519	0.025
5468939.049	0.022
5476420.404	0.047
5481939.4315	0.039
5489812.8295	0.03
5496036.966	0.025
5502052.4175	0.022
5509421.7125	0.022
5516269.227	0.041
5523162.0595	0.029
5529354.7005	0.022
5536457.912	0.022
5543628.903	0.027
5549479.349	0.024
5554742.161	0.029
5560801.0785	0.024
5565988.1875	0.023
5571281.9425	0.023
5576837.7435	0.026
5582222.9855	0.026
5587386.816	0.024
5592862.742	0.023
5598558.949	0.022
5604666.3485	0.022
5611054.7365	0.02
5616862.3985	0.021
5623526.058	0.021
5629526.6205	0.022
5636278.261	0.024
5641518.5475	0.023
5646690.503	0.022
5651789.756	0.024
5657364.837	0.021
5663211.712	0.026
5668584.7355	0.026
5674692.3475	0.022
5682045.07	0.027
5688020.4945	0.023
5693230.6605	0.024
5698584.804	0.023
5704093.297	0.022
5709355.155	0.021
5715297.0465	0.02
5721965.2385	0.022
5728214.462	0.024
5734546.3545	0.036
5742616.1255	0.028
5749712.722	0.026
5755213.7105	0.026
5760780.7895	0.024
5767395.693	0.028
5773637.841	0.034
5779213.082	0.031
5784582.0805	0.028
5790337.618	0.032
5796930.0	0.032
5807876.5685	0.032
5814895.022	0.036
5820412.297	0.039
5826281.8175	0.023
5831843.1705	0.028
5837364.547	0.028
5842643.218	0.031
5848549.964	0.03
5857213.37	0.025
5863544.7485	0.024
5869095.654	0.026
5876017.6365	0.024
5884369.785	0.03
5894378.99	0.031
5903561.7475	0.025
5911229.559	0.027
5917741.967	0.032
5922836.6445	0.032
5928335.483	0.039
5933956.816	0.035
5939375.849	0.023
5944885.869	0.03
5950835.755	0.035
5957545.822	0.024
5962891.9045	0.029
5968530.467	0.022
5975848.838	0.022
5981203.0275	0.022
5986315.2685	0.023
5991636.781	0.024
5999103.6295	0.023
6005637.113	0.022
6013638.574	0.023
6019908.181	0.024
6026507.1765	0.032
6035205.231	0.028
6042035.719	0.032
6048778.808	0.024
6054814.7285	0.027
6059882.982	0.025
6065491.956	0.029
6070774.936	0.023
6076464.404	0.024
6081829.4	0.023
6087083.1225	0.023
6092529.8945	0.028
6097902.8645	0.032
6103037.2225	0.028
6108507.1405	0.029
6116087.6765	0.022
6122761.1	0.028
6128181.8985	0.028
6134372.476	0.034
6139638.9195	0.035
6145545.0865	0.043
6160505.238	0.033
6173180.782	0.029
6180145.5325	0.023
6188812.4315	0.038
6196841.516	0.026
6203629.257	0.033
6211201.8195	0.029
6217157.097	0.034
6223238.066	0.034
6229329.137	0.03
6234855.0825	0.036
6240004.7705	0.029
6245080.722	0.034
6253661.121	0.031
6263059.585	0.028
6269768.3245	0.023
6276281.404	0.025
6282280.7425	0.02
6288814.64	0.028
6296766.252	0.025
6303654.7585	0.034
6309907.483	0.029
6316815.839	0.03
6323799.9675	0.031
6331152.0665	0.03
6345101.7345	0.022
6356675.0015	0.029
6363098.0065	0.029
6368654.3305	0.038
6373818.6085	0.036
6379519.229	0.029
6384762.712	0.042
6390586.436	0.032
6396716.6655	0.035
6403605.1555	0.031
6408978.1545	0.035
6414191.63	0.032
6419263.9	0.029
6424781.386	0.044
6429997.7225	0.032
6436309.8	0.024
6444677.687	0.024
6452727.522	0.029
6460132.956	0.023
6466883.424	0.023
6473261.4745	0.023
6480607.698	0.026
6486406.66	0.029
6492425.528	0.024
6502051.9905	0.032
6507706.03	0.028
6515750.54	0.024
6525523.5195	0.024
6533154.1225	0.028
6540126.4305	0.029
6548222.5765	0.031
6555309.828	0.027
6565006.821	0.041
6572952.5795	0.027
6579689.527	0.036
6586083.8245	0.037
6594228.2255	0.033
6600110.065	0.023
6606224.5995	0.027
6612992.6345	0.022
6619424.033	0.025
6625948.636	0.03
6631655.559	0.026
6639442.44	0.027
6646349.2175	0.026
6654859.709	0.032
6661221.7295	0.045
6666500.2705	0.045
6673176.3705	0.033
6680822.343	0.041
6687634.8505	0.03
6694728.5775	0.028
6700785.908	0.031
6707272.15	0.038
6714595.785	0.029
6720438.3645	0.027
6725993.9005	0.034
6732816.898	0.039
6740359.715	0.048
6747138.723	0.037
6752560.2175	0.043
6760086.031	0.032
6766319.8845	0.033
6773137.4865	0.038
6783016.7535	0.029
6793252.06	0.038
6801069.698	0.036
6807829.3275	0.036
6814231.0085	0.033
6820293.359	0.033
6827653.0765	0.036
6835622.847	0.033
6842084.772	0.023
6850256.3135	0.034
6867629.6695	0.034
6875739.311	0.038
6881515.558	0.034
6887039.609	0.032
6893016.707	0.036
6899592.076	0.04
6905148.3665	0.053
6911915.701	0.052
6918572.403	0.063
6924456.991	0.062
6930400.0545	0.037
6936254.6385	0.046
6942443.097	0.052
6948576.044	0.034
6955383.6495	0.031
6961233.652	0.029
6967186.975	0.031
6975612.5895	0.029
6983022.029	0.032
6989960.3295	0.028
6995919.309	0.036
7001081.0695	0.031
7006085.7025	0.048
7011738.9015	0.045
7018052.2165	0.039
7024214.5885	0.029
7030504.1915	0.03
7036642.896	0.032
7042326.7975	0.046
7047945.1495	0.033
7054598.335	0.042
7060972.463	0.043
7068143.0495	0.048
7074609.344	0.043
7080022.157	0.046
7085308.0275	0.041
7090821.622	0.044
7096384.5	0.031
7101598.503	0.056
7107735.6785	0.028
7114725.687	0.048
7120058.129	0.054
7125210.265	0.049
7131347.482	0.059
7138008.443	0.041
7144040.102	0.028
7149456.9005	0.028
7155479.524	0.038
7160862.897	0.036
7166099.6835	0.032
7171533.9355	0.028
7177245.9615	0.034
7182921.7545	0.032
7188735.687	0.035
7193884.127	0.038
7199855.073	0.023
7208389.6015	0.022
7215530.9365	0.021
7222029.767	0.031
7228088.581	0.022
7237874.0535	0.025
7246381.8515	0.038
7252198.1465	0.03
7257601.6085	0.04
7262895.887	0.036
7268727.6635	0.03
7275210.552	0.034
7283494.5925	0.031
7292294.5395	0.034
7299881.794	0.032
7309101.9895	0.027
7315554.1345	0.031
7320840.8475	0.027
7327149.445	0.028
7335135.307	0.027
7343580.3505	0.029
7350247.19	0.031
7356473.4125	0.028
7362562.242	0.029
7369633.9335	0.027
7376196.357	0.025
7382219.6365	0.022
7389082.4775	0.026
7395346.505	0.028
7401382.8895	0.029
7407010.593	0.031
7412760.71	0.025
7418456.691	0.031
7423861.637	0.029
7429505.3185	0.025
7435603.956	0.029
7441045.2415	0.024
7447554.4155	0.026
7455496.5135	0.033
7462232.669	0.033
7467196.288	0.032
7472630.355	0.031
7477658.35	0.032
7482508.4965	0.026
7487698.225	0.024
7493922.317	0.03
7499886.835	0.031
7504953.024	0.032
7510527.312	0.031
7515948.6205	0.029
7522818.3775	0.039
7528469.599	0.042
7534810.2245	0.027
7541564.355	0.032
7547771.459	0.033
7555423.241	0.03
7561105.9765	0.036
7566577.1785	0.041
7572709.904	0.031
7578674.815	0.034
7584932.294	0.025
7592112.6515	0.031
7598806.3825	0.033
7613114.807	0.051
7626338.6995	0.044
7633521.187	0.051
7640921.529	0.041
7647189.7655	0.045
7652612.8525	0.034
7657532.8955	0.039
7662384.88	0.034
7667313.0385	0.037
7672268.0225	0.055
7677278.0055	0.044
7682354.971	0.046
7687498.7645	0.043
7693597.7395	0.037
7699934.088	0.041
7706567.3665	0.053
7714125.428	0.064
7720612.0915	0.059
7726253.3045	0.04
7732918.89	0.032
7744631.2655	0.024
7757468.6385	0.027
7763513.378	0.057
7769976.036	0.044
7775750.522	0.053
7781470.2545	0.043
7787191.1845	0.032
7793604.154	0.042
7798763.937	0.041
7804633.3975	0.062
7809810.2505	0.073
7815003.8825	0.042
7822572.23	0.031
7835211.4355	0.031
7841279.9985	0.038
7847252.1225	0.044
7853750.879	0.042
7859649.605	0.044
7865596.41	0.033
7870797.0215	0.034
7876205.4115	0.037
7882381.8915	0.036
7887883.657	0.03
7894314.7445	0.031
7899860.2115	0.027
7905973.3455	0.025
7912569.3175	0.034
7921322.775	0.031
7927650.3635	0.027
7933849.59	0.032
7940172.862	0.037
7946900.643	0.031
7953275.936	0.028
7959778.7995	0.026
7966111.3455	0.034
7973545.176	0.023
7980430.3115	0.027
7986064.703	0.036
7991197.6815	0.044
7996726.8655	0.039
8003079.245	0.029
8008480.374	0.028
8014262.3795	0.024
8020985.4465	0.028
8028068.682	0.026
8033400.383	0.028
8041804.064	0.038
8048524.8565	0.038
8054041.5	0.034
8059470.2185	0.064
8064815.3285	0.061
8072097.6435	0.029
8078266.7015	0.029
8084080.5885	0.042
8089605.021	0.034
8095395.391	0.041
8100640.974	0.043
8106613.996	0.034
8112908.049	0.037
8118627.4835	0.028
8124076.009	0.041
8131806.5915	0.027
8140502.8415	0.04
8146936.341	0.028
8154088.632	0.041
8159850.0555	0.035
8165930.5685	0.041
8171650.3235	0.038
8177378.7305	0.033
8182684.8955	0.043
8188395.708	0.048
8194375.758	0.041
8200575.9575	0.049
8207028.0965	0.051
8212911.451	0.036
8218672.688	0.036
8225033.045	0.046
8231702.02	0.046
8237200.479	0.032
8242975.9625	0.031
8249446.9965	0.037
8254964.904	0.036
8260295.736	0.037
8266030.7495	0.034
8272156.6955	0.025
8280889.369	0.024
8288945.5255	0.031
8294974.242	0.028
8300380.953	0.039
8306449.314	0.037
8313448.6355	0.036
8319795.3675	0.034
8325852.297	0.029
8331441.171	0.036
8338845.7735	0.029
8345096.561	0.037
8351365.795	0.034
8357408.439	0.031
8363213.305	0.034
8368438.66	0.035
8373828.2535	0.038
8381105.491	0.029
8390681.0475	0.042
8396589.8735	0.034
8401760.3895	0.043
8407808.1715	0.024
8413653.177	0.034
8419716.095	0.036
8428759.7895	0.028
8438952.9025	0.033
8447272.3695	0.029
8453458.4295	0.026
8459620.9405	0.026
8465059.871	0.033
8471239.504	0.027
8476885.7595	0.027
8482557.572	0.034
8488515.1685	0.032
8494314.994	0.029
8500276.8815	0.028
8506150.503	0.029
8512618.7935	0.034
8518923.739	0.026
8524936.128	0.039
8530389.533	0.027
8536723.762	0.033
8542678.335	0.031
8549243.704	0.029
8555320.6645	0.031
8561274.2315	0.024
8567461.299	0.036
8572883.534	0.036
8578224.522	0.042
8583921.1085	0.031
8589465.499	0.044
8595064.2575	0.034
8601001.277	0.038
8606489.1885	0.03
8612312.9745	0.033
8618854.535	0.03
8623896.2355	0.029
8629715.211	0.024
8636092.01	0.031
8642700.6475	0.033
8648373.859	0.029
8654351.13	0.026
8661418.1965	0.024
8667909.371	0.023
8677670.816	0.027
8688703.9575	0.035
8695001.1995	0.027
8700370.7855	0.031
8705554.033	0.036
8711280.2725	0.044
8716348.964	0.047
8721563.2205	0.053
8727737.2265	0.037
8734102.9225	0.036
8739941.375	0.041
8745014.8865	0.045
8751426.2315	0.044
8757194.1075	0.048
8764849.4935	0.044
8770899.126	0.043
8776441.515	0.038
8782113.698	0.044
8788425.038	0.038
8795687.9265	0.05
8801797.952	0.05
8807825.5275	0.035
8814709.0375	0.033
8821793.231	0.038
8827977.4985	0.026
8833457.867	0.032
8840744.7195	0.036
8846793.09	0.038
8852206.3705	0.031
8857920.0935	0.035
8863455.1635	0.059
8869011.4625	0.052
8874587.8785	0.055
8879977.078	0.059
8885212.495	0.058
8891062.1645	0.073
8896552.82	0.064
8901579.911	0.076
8907062.257	0.055
8913823.4635	0.057
8919920.3735	0.057
8925751.6325	0.063
8931726.389	0.064
8937404.736	0.064
8943399.0535	0.07
8951158.0975	0.088
8960344.579	0.063
8969787.3445	0.063
8978858.6995	0.049
8988203.196	0.055
8993978.3825	0.056
9000732.1835	0.056
9007074.9025	0.063
9012334.8455	0.086
9017872.835	0.077
9024371.0365	0.085
9031493.426	0.061
9037023.646	0.062
9042969.597	0.063
9049435.5615	0.055
9055128.8835	0.063
9060245.1625	0.056
9065561.358	0.063
9071288.529	0.043
9077337.88	0.058
9082619.8395	0.032
9088232.621	0.04
9094529.194	0.059
9101455.5915	0.066
9107327.8365	0.066
9112573.5575	0.042
9118304.5845	0.051
9124396.421	0.059
9130208.868	0.057
9135634.0775	0.044
9143483.951	0.064
9152030.37	0.058
9157471.874	0.038
9163084.2885	0.066
9168600.7545	0.051
9173894.853	0.058
9179659.5405	0.053
9185272.7465	0.058
9190701.552	0.05
9196098.087	0.044
9201622.9295	0.052
9207091.811	0.052
9212360.0685	0.061
9218142.7155	0.049
9224090.3865	0.042
9229615.8525	0.08
9235266.4965	0.039
9243833.96	0.044
9253373.644	0.053
9258966.739	0.063
9264158.5455	0.042
9269485.7185	0.039
9275393.664	0.035
9280666.54	0.031
9287496.026	0.034
9295428.733	0.029
9303836.1035	0.029
9313528.9685	0.058
9319056.7095	0.03
9325477.703	0.038
9332603.907	0.04
9339349.085	0.031
9345195.268	0.032
9350165.159	0.034
9360311.099	0.037
9367512.7875	0.042
9373866.063	0.055
9379704.2425	0.047
9386157.217	0.046
9394318.5305	0.041
9403331.568	0.056
9410249.027	0.056
9415497.8435	0.057
9421079.22	0.057
9427116.8325	0.052
9433516.3785	0.072
9438966.2055	0.073
9444292.077	0.064
9449989.225	0.063
9455291.196	0.051
9461697.663	0.057
9467895.723	0.066
9474379.5995	0.052
9481436.2325	0.053
9488342.3535	0.06
9493810.5495	0.042
9499058.1345	0.052
9505284.137	0.043
9511747.8535	0.027
9517478.002	0.053
9523179.742	0.043
9529213.025	0.037
9534829.904	0.051
9540420.705	0.056
9547971.052	0.056
9558234.4555	0.057
9563585.267	0.064
9569234.6555	0.068
9574841.717	0.046
9580060.1035	0.054
9585442.1325	0.054
9590613.211	0.043
9595675.475	0.035
9600840.0645	0.042
9606053.591	0.047
9615002.8575	0.027
9621796.4455	0.034
9626959.97	0.032
9632184.702	0.048
9637250.316	0.049
9642375.1785	0.034
9649443.442	0.026
9655086.8315	0.034
9662533.323	0.027
9671476.884	0.025
9683580.6965	0.026
9690815.337	0.026
9697955.989	0.026
9703925.329	0.024
9710666.2065	0.03
9716553.316	0.042
9722223.576	0.036
9727521.7555	0.031
9732699.756	0.033
9738102.243	0.037
9743180.312	0.037
9749324.4965	0.03
9755345.277	0.043
9761315.2145	0.054
9767796.157	0.048
9773239.164	0.054
9778961.831	0.046
9784611.3155	0.087
9789820.5935	0.061
9797199.123	0.037
9803567.2735	0.058
9809449.259	0.048
9818471.3305	0.049
9833825.859	0.048
9841488.198	0.047
9848466.1115	0.065
9854279.1525	0.059
9862305.7495	0.059
9869843.3565	0.055
9875683.5265	0.043
9880718.375	0.089
9888062.54	0.044
9898776.5725	0.049
9905234.3555	0.033
9910598.546	0.049
9915918.4735	0.068
9921527.0255	0.056
9927142.077	0.04
9933592.3675	0.034
9940527.315	0.041
9946764.33	0.027
9952909.478	0.038
9958794.5995	0.044
9965234.0635	0.025
9971369.1305	0.052
9976662.133	0.051
9981908.026	0.047
9987535.705	0.047
9993645.2865	0.051
10000154.5375	0.053
10006295.7855	0.039
10012569.118	0.042
10018921.591	0.032
10024727.11	0.051
10030387.2245	0.056
10035845.9655	0.037
10043016.6785	0.051
10049284.3105	0.04
10055164.0985	0.06
10060679.524	0.052
10067340.545	0.049
10075726.2355	0.034
10081517.455	0.042
10086851.869	0.051
10092349.2955	0.046
10098453.304	0.046
10104303.3535	0.043
10109513.09	0.046
10114905.374	0.038
10120299.5495	0.048
10126081.012	0.067
10131782.2225	0.042
10138647.372	0.034
10144120.508	0.031
10150035.7125	0.035
10155494.6315	0.031
10160488.5945	0.039
10165791.747	0.034
10173039.18	0.033
10179180.7205	0.037
10184310.559	0.031
10189792.882	0.041
10195295.646	0.044
10201521.645	0.045
10206756.258	0.052
10211545.6665	0.051
10216900.227	0.036
10224073.2685	0.032
10230355.3855	0.046
10236119.853	0.034
10241793.758	0.039
10247324.7575	0.042
10252803.3715	0.033
10259786.7195	0.035
10266018.5605	0.037
10272294.537	0.031
10278687.612	0.023
10285083.223	0.037
10291958.158	0.029
10297974.397	0.046
10304197.7685	0.02
10311071.4245	0.038
10317432.8925	0.033
10322915.5805	0.036
10329418.5865	0.023
10335714.514	0.027
10342309.12	0.031
10348275.4285	0.031
10354957.8965	0.029
10361014.5675	0.031
10367150.8915	0.029
10374450.3235	0.026
10381469.7475	0.026
10387756.5015	0.031
10393653.884	0.042
10399107.5395	0.034
10406224.358	0.03
10412118.9085	0.032
10418075.5555	0.031
10423820.539	0.039
10429427.694	0.034
10435144.294	0.023
10441491.667	0.032
10447134.105	0.029
10453187.514	0.032
10459383.222	0.04
10465537.0225	0.046
10471942.6345	0.057
10478363.064	0.041
10484253.9335	0.044
10489979.7375	0.037
10495578.1935	0.042
10501520.047	0.051
10507369.3545	0.038
10512778.1405	0.051
10520119.398	0.043
10526506.4995	0.041
10538620.658	0.058
10544678.0395	0.049
10550231.645	0.039
10555314.527	0.037
10560634.0585	0.041
10565949.354	0.038
10571116.182	0.043
10576513.7475	0.044
10582041.7435	0.038
10587320.017	0.035
10593450.447	0.046
10601199.849	0.032
10606297.2865	0.048
10611793.8425	0.086
10617199.7415	0.05
10622524.873	0.048
10628707.4405	0.043
10637039.904	0.034
10642944.9975	0.028
10648964.4085	0.034
10654250.3365	0.031
10659607.314	0.033
10665200.7095	0.033
10672832.008	0.027
10682190.2965	0.029
10693624.2745	0.024
10701278.5085	0.032
10707835.4955	0.026
10716622.783	0.027
10722630.7085	0.034
10727995.486	0.033
10733632.9985	0.024
10739534.3955	0.026
10746329.2935	0.024
10752628.2245	0.025
10758508.7945	0.026
10763901.7975	0.033
10770738.804	0.043
10776057.537	0.035
10781348.266	0.037
10788070.7555	0.033
10794290.671	0.031
10800427.5825	0.036
10805921.3085	0.036
10811326.5435	0.041
10816727.3975	0.053
10822033.7755	0.036
10827736.491	0.04
10833993.883	0.048
10839312.188	0.048
10845461.3055	0.03
10850993.1295	0.038
10857149.5735	0.047
10863428.7145	0.059
10870280.8975	0.046
10877937.0125	0.036
10884737.0225	0.036
10890590.193	0.026
10896835.9285	0.028
10903092.7435	0.025
10908511.2995	0.03
10914214.4975	0.029
10920301.446	0.033
10925957.161	0.027
10931286.7845	0.031
10936900.275	0.032
10943264.8	0.03
10950102.7045	0.03
10955681.332	0.028
10961870.781	0.034
10967427.1515	0.045
10972900.228	0.042
10978724.3725	0.035
10984278.081	0.029
10992072.216	0.026
10998045.803	0.023
11006040.1345	0.031
11012413.3415	0.033
11018545.388	0.033
11025305.19	0.026
11032901.2205	0.029
11039315.8325	0.033
11045234.147	0.036
11051217.595	0.031
11057657.58	0.033
11069630.139	0.032
11075809.1865	0.048
11081176.9	0.052
11086765.599	0.032
11092863.48	0.031
11098215.6185	0.025
11104226.947	0.032
11110108.1845	0.028
11115798.347	0.041
11121488.858	0.03
11128592.758	0.036
11134345.612	0.031
11140079.797	0.034
11146193.3065	0.034
11152255.167	0.035
11163602.149	0.024
11170303.209	0.034
11177361.9225	0.031
11183720.777	0.031
11189292.994	0.032
11194807.041	0.047
11201829.0625	0.034
11208863.724	0.034
11217209.567	0.039
11224865.095	0.044
11229933.527	0.034
11234942.7675	0.044
11242165.599	0.042
11247743.031	0.052
11253893.8055	0.048
11261624.0705	0.055
11267228.223	0.028
11272808.2045	0.042
11278933.3715	0.035
11286272.0095	0.033
11291919.9365	0.038
11313459.8005	0.042
11326502.941	0.044
11331577.682	0.04
11336717.476	0.034
11342123.663	0.032
11347290.6465	0.032
11352465.5605	0.042
11357513.6255	0.032
11365091.881	0.033
11374506.635	0.035
11384579.631	0.037
11394499.4315	0.057
11402331.642	0.049
11407678.9215	0.043
11413602.1765	0.056
11420603.362	0.051
11427080.99	0.054
11433245.5735	0.061
11439507.5215	0.059
11445718.9305	0.043
11450954.1925	0.034
11456330.623	0.034
11461771.1355	0.034
11467649.403	0.032
11473105.0495	0.041
11478874.1775	0.034
11484640.6765	0.024
11489809.994	0.029
11495315.409	0.039
11502977.382	0.024
11510551.5325	0.026
11517641.01	0.026
11524535.9855	0.022
11534103.6415	0.026
11539746.8045	0.027
11545012.5895	0.034
11553570.649	0.037
11559159.264	0.026
11564926.124	0.037
11569834.377	0.037
11574862.489	0.046
11579861.95	0.041
11584971.8045	0.029
11590211.0705	0.035
11597935.493	0.031
11603697.261	0.031
11612622.4705	0.021
11632015.743	0.024
11638506.572	0.034
11646874.3325	0.047
11654379.402	0.042
11660093.177	0.038
11665291.7065	0.044
11670121.131	0.044
11674737.775	0.047
11679705.811	0.039
11685236.479	0.036
11692501.784	0.023
11702143.0895	0.03
11714233.1985	0.039
11721327.156	0.041
11726326.3105	0.048
11731359.2405	0.037
11736670.873	0.039
11741982.6125	0.048
11747941.5345	0.045
11754655.5615	0.041
11761784.2305	0.033
11767266.595	0.038
11772563.0935	0.039
11777873.461	0.037
11782731.9015	0.041
11787870.339	0.056
11792644.858	0.148
11797497.6675	0.114
11802458.587	0.041
11808720.3835	0.034
11815800.281	0.06
11824372.3985	0.055
11837133.2345	0.06
11845802.8725	0.051
11853131.1125	0.043
11858872.447	0.033
11864121.5965	0.033
11869527.0845	0.032
11875050.852	0.037
11880351.8085	0.037
11885403.4945	0.033
11890797.77	0.041
11895841.2435	0.043
11901083.6795	0.038
11906528.608	0.042
11912148.848	0.034
11917286.7995	0.041
11923428.0055	0.037
11928731.5105	0.031
11933990.055	0.046
11939127.3385	0.036
11944281.0855	0.032
11949756.1065	0.03
11957292.7645	0.035
11963223.3065	0.043
11968752.272	0.058
11974243.49	0.04
11980365.998	0.033
11986593.4655	0.044
11992149.2805	0.047
11997482.759	0.037
12003210.3735	0.038
12009034.1425	0.033
12014630.7915	0.032
12020414.3865	0.032
12025737.839	0.039
12030873.939	0.048
12035974.342	0.034
12041070.477	0.072
12046308.622	0.044
12051682.053	0.034
12057440.835	0.027
12063709.8225	0.036
12070081.0	0.041
12075638.553	0.029
12081983.34	0.022
12088003.7055	0.031
12094822.034	0.025
12102085.43	0.026
12109674.5325	0.039
12115280.676	0.041
12122270.142	0.049
12130161.5775	0.044
12137934.4885	0.033
12143389.329	0.033
12149177.3135	0.03
12154575.226	0.035
12160220.665	0.027
12165445.393	0.03
12172401.5175	0.033
12183711.501	0.033
12189662.77	0.032
12196318.554	0.029
12202541.3865	0.041
12208436.1385	0.034
12214567.902	0.039
12220221.3905	0.033
12225720.2545	0.037
12232734.285	0.036
12237886.329	0.037
12242891.609	0.041
12247972.901	0.038
12255317.65	0.039
12264669.9315	0.037
12270390.862	0.036
12275816.171	0.038
12280872.941	0.029
12286555.347	0.032
12292164.984	0.023
12297737.26	0.026
12303773.256	0.026
12313351.3	0.033
12320715.8165	0.031
12327416.1515	0.048
12335161.4335	0.042
12340647.6035	0.044
12346570.2405	0.058
12352602.659	0.045
12357994.959	0.048
12363429.6545	0.057
12368967.172	0.042
12375646.6345	0.038
12381803.2035	0.034
12387577.759	0.028
12393809.243	0.026
12399318.276	0.032
12404611.5065	0.032
12410038.267	0.046
12415406.7005	0.031
12421062.8855	0.031
12426713.3345	0.032
12432027.1265	0.028
12437772.672	0.032
12442761.8985	0.037
12448215.5765	0.034
12454369.769	0.028
12460115.011	0.031
12466250.264	0.031
12471424.0575	0.031
12477148.0755	0.033
12482056.2175	0.028
12487185.8125	0.036
12492650.0715	0.033
12497846.5865	0.048
12504544.8005	0.028
12509928.2235	0.042
12515098.1975	0.045
12520701.3415	0.029
12526012.581	0.029
12530849.1765	0.034
12535844.773	0.057
12540938.168	0.043
12546319.598	0.036
12552183.349	0.042
12558386.007	0.029
12564133.0845	0.032
12569521.6385	0.031
12574626.444	0.042
12580083.687	0.052
12587204.6165	0.031
12592640.695	0.039
12597367.4585	0.042
12607191.4815	0.043
12612721.624	0.039
12617624.955	0.044
12622963.36	0.042
12628639.4885	0.043
12648566.4665	0.047
12670443.054	0.038
12675964.508	0.038
12684334.579	0.038
12690073.7605	0.044
12695456.395	0.046
12700820.2095	0.038
12710001.693	0.048
12730011.642	0.042
12736551.1755	0.036
12742804.465	0.045
12748242.1845	0.036
12755094.551	0.044
12762497.097	0.049
12769332.15	0.037
12774357.78	0.046
12779313.275	0.05
12784808.2125	0.031
12794636.462	0.026
12806461.2175	0.038
12814574.5055	0.038
12819662.985	0.031
12825015.0095	0.047
12833888.877	0.051
12848312.7115	0.049
12853491.231	0.036
12858800.766	0.051
12863766.8285	0.044
12869550.745	0.033
12878038.5045	0.036
12885014.9635	0.04
12890854.531	0.041
12897230.2335	0.039
12902733.8225	0.068
12910721.4405	0.069
12918501.2675	0.083
12924178.488	0.042
12929236.4185	0.037
12938354.9695	0.038
12949646.567	0.023
12956160.815	0.038
12961883.073	0.038
12968212.2345	0.051
12973968.3555	0.039
12979243.017	0.038
12984903.881	0.032
12993649.009	0.029
12999162.3565	0.032
13005062.382	0.036
13010731.1055	0.051
13016014.3535	0.049
13022120.317	0.048
13028096.6495	0.049
13035231.569	0.043
13040772.3635	0.042
13046215.586	0.078
13051260.5305	0.054
13057193.1525	0.053
13062634.52	0.027
13068605.181	0.049
13079870.0435	0.042
13086505.711	0.054
13092300.7005	0.038
13097316.892	0.035
13102963.9985	0.042
13108190.679	0.038
13113245.501	0.034
13118351.0765	0.03
13123492.362	0.043
13128885.584	0.053
13134476.17	0.028
13140096.5055	0.037
13146398.745	0.051
13151918.4155	0.04
13157014.2695	0.039
13162963.291	0.034
13170142.0815	0.033
13176317.053	0.05
13181932.383	0.036
13187540.608	0.042
13193027.1465	0.042
13198822.268	0.03
13204563.8095	0.045
13209639.8805	0.035
13215430.512	0.032
13221025.0995	0.044
13227011.794	0.046
13235065.429	0.039
13243992.978	0.039
13249072.0405	0.038
13254438.99	0.035
13260560.123	0.032
13267395.447	0.044
13274116.3355	0.039
13282518.6805	0.031
13287744.942	0.034
13293258.521	0.033
13298929.9045	0.027
13304727.932	0.029
13309994.0505	0.038
13314883.478	0.037
13320093.02	0.032
13326464.011	0.044
13331914.846	0.038
13338281.0295	0.04
13344707.082	0.042
13350553.5075	0.037
13356390.152	0.042
13363267.198	0.027
13368548.0995	0.039
13374133.818	0.049
13379438.4225	0.044
13384763.028	0.042
13390378.7785	0.031
13396100.805	0.044
13401005.3345	0.041
13406052.711	0.044
13412725.551	0.038
13418415.429	0.043
13423826.1925	0.034
13431368.131	0.039
13438220.4585	0.035
13458605.517	0.017
13467107.03	0.018
13477070.582	0.024
13489405.9685	0.038
13496557.3385	0.041
13501744.5505	0.042
13506626.238	0.043
13511931.2675	0.055
13517094.8905	0.046
13525253.5195	0.043
13532976.2205	0.037
13538403.432	0.036
13543906.285	0.036
13549740.166	0.036
13555127.788	0.035
13560629.937	0.034
13566478.679	0.036
13571910.291	0.034
13577258.394	0.042
13582413.568	0.041
13587705.423	0.032
13592979.9215	0.032
13598565.064	0.036
13604569.453	0.034
13610000.2145	0.039
13615093.208	0.037
13620378.375	0.041
13625516.8105	0.034
13631423.1585	0.051
13636489.1005	0.037
13641922.679	0.033
13647335.8025	0.043
13652439.959	0.052
13657830.8685	0.041
13663387.152	0.04
13668438.977	0.05
13673314.726	0.048
13679912.1745	0.042
13686248.8825	0.042
13692557.4495	0.043
13698301.8635	0.047
13703757.915	0.039
13709797.2855	0.053
13714752.283	0.068
13719770.886	0.063
13724827.6525	0.056
13730002.886	0.065
13735380.5705	0.053
13742301.199	0.078
13747478.6085	0.062
13752337.7885	0.064
13757244.6855	0.061
13762185.6455	0.063
13768264.554	0.046
13777708.01	0.02
13787517.96	0.076
13793337.701	0.055
13798556.723	0.062
13804264.649	0.054
13810437.8495	0.091
13815944.2005	0.092
13821446.719	0.096
13829746.3495	0.088
13836342.7095	0.075
13841288.421	0.092
13846527.277	0.095
13851929.9825	0.103
13857815.8675	0.102
13864042.3515	0.096
13869260.3065	0.099
13874615.3425	0.069
13879860.245	0.098
13885650.975	0.106
13890760.4985	0.099
13896075.494	0.098
13902492.1295	0.071
13908664.5915	0.069
13914446.818	0.091
13920205.1655	0.082
13925557.1745	0.067
13931338.4165	0.048
13942902.259	0.08
13955150.1195	0.067
13960929.699	0.069
13966263.9825	0.062
13971516.9785	0.084
13976676.6935	0.071
13981585.972	0.089
13986823.878	0.098
13992039.399	0.082
13997100.253	0.074
14002569.316	0.077
14008134.048	0.087
14014120.7125	0.072
14019229.6575	0.069
14024332.7215	0.091
14029439.937	0.063
14034843.9375	0.059
14039923.023	0.059
14045343.347	0.065
14051368.007	0.05
14056850.0645	0.05
14063837.002	0.034
14070133.9655	0.041
14076139.465	0.044
14083119.644	0.06
14088219.6715	0.073
14093401.5005	0.074
14099134.076	0.062
14105207.0365	0.078
14111083.9475	0.076
14116367.3175	0.078
14122689.581	0.067
14128326.9775	0.076
14133486.535	0.07
14138588.535	0.09
14144326.9485	0.092
14150672.3095	0.074
14156003.47	0.066
14161558.3285	0.046
14166873.6665	0.061
14171903.861	0.065
14177156.785	0.065
14182586.199	0.065
14187440.0255	0.07
14192526.133	0.079
14197488.05	0.098
14202490.3605	0.059
14207691.8215	0.075
14212858.8945	0.069
14217755.316	0.061
14226173.0685	0.082
14234310.974	0.076
14240888.9105	0.071
14246729.6475	0.075
14252874.571	0.072
14259877.5575	0.074
14266186.3975	0.068
14274164.611	0.077
14279861.6945	0.054
14285811.108	0.086
14291148.4965	0.072
14297736.727	0.066
14302708.108	0.077
14309396.434	0.075
14319262.3525	0.083
14325515.485	0.091
14331682.3575	0.082
14336788.5895	0.102
14343131.0825	0.087
14349113.3175	0.061
14354792.0745	0.134
14364201.732	0.127
14370095.543	0.078
14375107.9985	0.051
14380203.902	0.057
14385335.0195	0.072
14390818.1875	0.069
14395997.694	0.061
14401556.541	0.078
14406957.78	0.063
14412304.867	0.056
14421006.566	0.057
14427060.576	0.056
14432670.424	0.068
14437987.905	0.057
14443988.874	0.064
14451636.3995	0.057
14457225.9495	0.047
14462383.8355	0.057
14467496.9255	0.054
14472331.7215	0.077
14477227.8585	0.063
14482437.3955	0.116
14487607.628	0.111
14493319.5965	0.119
14498194.392	0.066
14503234.0035	0.059
14508607.877	0.058
14513720.623	0.082
14518486.2955	0.063
14523422.936	0.125
14528990.2475	0.089
14534262.534	0.098
14539693.114	0.087
14544667.946	0.098
14559647.197	0.089
14567912.791	0.099
14573109.822	0.133
14578273.7355	0.121
14583498.9115	0.116
14590002.2775	0.118
14595506.926	0.097
14600791.84	0.151
14605749.6705	0.148
14612556.0755	0.133
14617778.809	0.15
14623429.344	0.08
14629047.628	0.119
14634545.6495	0.126
14639888.1885	0.124
14645081.052	0.171
14650808.758	0.099
14657095.9205	0.104
14662764.968	0.103
14667972.9135	0.096
14673617.8445	0.126
14678956.612	0.129
14684283.5585	0.137
14689786.124	0.108
14694647.966	0.145
14699944.331	0.116
14705576.084	0.118
14710473.31	0.193
14715843.456	0.193
14723189.887	0.128
14728417.2395	0.121
14733362.6085	0.17
14738191.281	0.182
14743865.642	0.154
14750719.583	0.171
14756325.534	0.111
14761558.667	0.158
14766572.2165	0.147
14771603.024	0.176
14777032.0975	0.158
14783094.9415	0.154
14789597.983	0.266
14795023.2235	0.167
14800762.5035	0.248
14806021.3245	0.257
14810999.779	0.221
14817374.0825	0.353
14823108.2835	0.28
14828256.963	0.242
14833897.832	0.283
14839785.417	0.254
14849375.4985	0.257
14858424.134	0.276
14866671.1965	0.257
14874533.9675	0.372
14881555.422	0.253
14887627.001	0.353
14893185.2255	0.372
14898441.0775	0.302
14907177.6425	0.222
14916918.8815	0.271
14922886.328	0.256
14929035.591	0.332
14935122.546	0.263
14940375.9285	0.298
14945818.025	0.388
14951617.3345	0.318
14957582.668	0.326
14967449.998	0.187
14982354.903	0.217
15009840.1315	0.213
15031233.9735	0.099
15070189.4995	0.059
15097269.908	0.347
15107088.1715	0.433
15119897.088	0.54
15125729.95	0.461
15132179.019	0.471
15138466.684	0.468
15148666.279	0.284
15156310.815	0.731
15161625.7145	0.464
15170869.5225	0.234
15180905.343	0.383
15186391.508	0.649
15192013.8665	0.51
15197737.759	0.292
15202869.4885	0.532
15210062.2245	0.394
15219005.239	0.271
15231306.693	0.211
15239498.863	0.443
15245199.6255	0.673
15250376.612	0.701
15255486.256	0.701
15260594.8005	0.701
15265918.087	0.701
15271033.8445	0.673
15275968.9155	0.728
15280960.8175	0.313
15286270.3265	0.621
15291331.58	0.647
15296226.192	0.647
15301760.26	0.571
15306931.387	0.571
15312082.909	0.644
15317217.5055	0.596
15325891.538	0.524
15332890.7405	0.548
15338472.4765	0.439
15344418.666	0.398
15351849.12	0.44
15358573.903	0.439
15364283.9895	0.462
15372005.927	0.421
15381099.741	0.441
15386967.989	0.462
15395317.783	0.413
15409464.8285	0.4
15415961.581	0.439
15421098.965	0.437
15431466.4925	0.418
15442356.893	0.439
15448863.9205	0.439
15454759.2005	0.462
15462499.098	0.395
15468581.1695	0.439
15474232.766	0.398
15479854.801	0.417
15485381.553	0.544
15490997.0025	0.425
15496469.9015	0.508
15501802.6035	0.438
15507209.977	0.44
15512863.767	0.462
15518063.4805	0.44
15523356.521	0.378
15528872.9695	0.417
15534637.398	0.441
15540107.7365	0.419
15545338.764	0.357
15551675.8775	0.399
15558692.527	0.286
15564294.8325	0.399
15569663.372	0.342
15574704.187	0.36
15580226.763	0.342
15591973.6775	0.38
15597488.773	0.38
15602626.9015	0.361
15607983.802	0.38
15612867.673	0.323
15617862.531	0.342
15622940.7355	0.436
15628165.8265	0.327
15634203.645	0.323
15639261.1045	0.289
15644273.8035	0.342
15649668.6705	0.342
15655567.09	0.343
15661109.49	0.327
15667252.7585	0.325
15672396.949	0.323
15677416.822	0.289
15682377.8695	0.206
15687593.6255	0.268
15692892.9965	0.241
15698414.102	0.276
15704275.745	0.282
15712052.535	0.118
15721680.661	0.268
15729193.98	0.284
15744775.785	0.167
15751397.7175	0.223
15756999.1245	0.256
15762801.666	0.272
15767978.4085	0.225
15772977.5555	0.238
15778011.924	0.304
15783457.4275	0.292
15789225.29	0.209
15794152.1455	0.244
15799127.227	0.225
15803930.611	0.244
15808891.1115	0.242
15813909.907	0.252
15818908.3445	0.226
15823919.0555	0.24
15829246.4965	0.256
15836080.287	0.258
15841099.7525	0.251
15846206.8835	0.253
15851475.4365	0.256
15858428.1555	0.253
15864825.6655	0.237
15872486.42	0.222
15878955.3535	0.206
15884584.7165	0.129
15889775.214	0.191
15895016.7835	0.209
15899865.008	0.197
15904818.0655	0.168
15909777.05	0.198
15914883.7435	0.196
15923034.9015	0.136
15927986.319	0.172
15933272.837	0.162
15938262.3165	0.159
15943845.206	0.149
15948857.086	0.152
15954216.3275	0.161
15960224.4425	0.116
15966170.778	0.139
15971593.2155	0.15
15976422.3145	0.142
15981465.845	0.149
15986789.2045	0.136
15991986.6565	0.156
15997040.841	0.184
16003159.5015	0.133
16008060.4745	0.134
16013279.301	0.151
16018303.9145	0.126
16023765.803	0.157
16029380.694	0.124
16034840.193	0.136
16040289.66	0.144
16045342.8755	0.184
16050280.037	0.154
16055272.2295	0.132
16060441.821	0.13
16065497.5715	0.144
16070533.4595	0.146
16075315.9275	0.146
16084576.797	0.123
16094673.209	0.119
16102982.1045	0.096
16108764.0985	0.143
16115558.8775	0.182
16121023.8685	0.168
16126272.953	0.203
16131227.1515	0.146
16136248.904	0.113
16141156.7595	0.153
16147097.8785	0.054
16158243.954	0.101
16168026.9445	0.165
16174006.6195	0.118
16179147.4925	0.152
16184365.811	0.132
16189985.124	0.119
16195487.2745	0.108
16201346.3585	0.072
16206976.575	0.09
16212225.1315	0.108
16217650.4105	0.101
16222802.262	0.102
16228145.067	0.069
16233713.9505	0.132
16239158.2665	0.083
16244835.417	0.089
16250609.722	0.133
16256413.5055	0.133
16261775.813	0.104
16268982.797	0.167
16276880.085	0.123
16281809.3355	0.164
16286938.656	0.101
16291844.472	0.136
16296839.9645	0.181
16301770.1485	0.145
16306770.3505	0.223
16311840.6515	0.205
16318736.389	0.114
16324156.255	0.164
16329026.1585	0.085
16334473.91	0.105
16339514.3475	0.155
16344428.18	0.113
16349443.584	0.104
16354298.218	0.146
16359151.9165	0.211
16364641.9755	0.1
16369660.698	0.112
16374619.381	0.071
16379638.118	0.119
16384806.7675	0.083
16390227.3575	0.082
16395187.912	0.067
16400237.804	0.087
16405319.2335	0.094
16410567.93	0.093
16416577.5985	0.094
16421448.0505	0.156
16426315.7235	0.153
16431175.8725	0.134
16436314.848	0.112
16441286.972	0.129
16446098.7045	0.092
16451277.493	0.107
16457267.0995	0.121
16465785.2575	0.123
16470897.987	0.084
16475907.9175	0.074
16481019.523	0.111
16485709.342	0.077
16490476.712	0.083
16495450.736	0.037
16500708.5685	0.089
16505703.242	0.077
16510460.584	0.121
16515199.5735	0.129
16520228.415	0.133
16525162.1375	0.13
16530262.235	0.121
16535252.508	0.109
16541451.7855	0.142
16546636.773	0.084
16551890.237	0.121
16557877.675	0.113
16563029.1155	0.097
16568446.6935	0.096
16573530.917	0.122
16578724.5075	0.123
16583860.6415	0.122
16589061.514	0.053
16594149.614	0.123
16599053.1515	0.092
16603931.0095	0.113
16608748.726	0.119
16613766.542	0.163
16618858.632	0.153
16623945.439	0.154
16628789.9735	0.122
16633668.1635	0.119
16639015.2735	0.076
16644127.6605	0.094
16649068.5895	0.066
16653935.844	0.069
16658999.3115	0.062
16664122.316	0.094
16669132.257	0.087
16674198.808	0.067
16679031.7585	0.076
16683964.3915	0.069
16689768.7955	0.085
16697070.6475	0.052
16706735.285	0.062
16713725.462	0.051
16723999.69	0.057
16731719.874	0.079
16738405.27	0.062
16745889.427	0.063
16751513.1725	0.041
16756790.8565	0.087
16761693.2685	0.058
16769219.6785	0.073
16775309.518	0.092
16780485.12	0.089
16785762.284	0.096
16790813.306	0.047
16797204.204	0.088
16803050.9305	0.091
16808022.0475	0.088
16813001.0275	0.094
16817988.4855	0.078
16822989.694	0.141
16827939.173	0.076
16833123.9	0.046
16838472.419	0.037
16843502.2035	0.041
16849334.31	0.038
16854520.1315	0.058
16859832.337	0.057
16864833.865	0.052
16869786.3995	0.084
16874951.469	0.083
16879994.861	0.06
16885036.3035	0.091
16890198.5905	0.049
16895411.593	0.049
16901121.908	0.056
16906149.991	0.074
16911239.4225	0.048
16916500.0345	0.061
16921664.0315	0.049
16926955.917	0.039
16932900.824	0.044
16939693.9535	0.057
16955158.186	0.057
16961914.417	0.107
16967192.112	0.058
16972611.4715	0.068
16977923.199	0.058
16984875.726	0.049
16992207.493	0.051
16997303.781	0.065
17003049.9755	0.101
17011795.8655	0.038
17016865.1475	0.049
17022120.131	0.043
17027653.7945	0.041
17033025.1235	0.059
17038598.0815	0.046
17046716.9235	0.041
17054070.731	0.076
17059660.413	0.044
17065393.8735	0.038
17070304.667	0.047
17075720.6145	0.059
17083654.1185	0.061
17089592.407	0.088
17094784.226	0.054
17100396.224	0.05
17105712.761	0.039
17113919.224	0.068
17124264.272	0.063
17131131.119	0.052
17143494.876	0.041
17153068.5745	0.042
17167774.3705	0.053
17173769.791	0.048
17178878.6935	0.062
17184292.0175	0.059
17190279.241	0.055
17195760.2985	0.039
17200686.3875	0.049
17206054.469	0.061
17214461.5055	0.038
17220127.56	0.065
17225974.1575	0.045
17231837.419	0.042
17236981.6645	0.041
17243295.5905	0.049
17249766.624	0.057
17257635.411	0.079
17262852.4415	0.144
17269346.1775	0.063
17305146.7365	0.021
17331540.883	0.027
17352651.6565	0.045
17358238.185	0.022
17368837.4985	0.039
17374041.605	0.055
17379366.025	0.049
17384721.7645	0.071
17390680.491	0.063
17395906.6995	0.066
17403360.651	0.073
17414252.6325	0.059
17419567.4455	0.167
17427696.339	0.033
17437905.5855	0.02
17445594.291	0.07
17450810.0	0.076
17456195.582	0.073
17462420.2935	0.089
17467744.9115	0.062
17473204.145	0.08
17479407.1305	0.077
17484787.3165	0.067
17491060.621	0.063
17496768.617	0.054
17504424.629	0.054
17510934.525	0.076
17516225.3225	0.067
17521354.1555	0.051
17526406.024	0.061
17531437.3775	0.067
17536442.5705	0.054
17542959.9025	0.054
17552118.504	0.047
17557596.7045	0.06
17563478.076	0.051
17569409.289	0.065
17575044.8575	0.077
17580397.733	0.062
17585482.432	0.037
17591697.283	0.051
17600539.787	0.043
17606089.8025	0.081
17611353.426	0.078
17616681.2865	0.063
17621925.454	0.065
17627022.983	0.068
17631972.517	0.059
17636954.425	0.07
17642248.462	0.073
17649106.004	0.068
17655092.559	0.052
17665123.626	0.091
17673953.795	0.064
17679441.9465	0.072
17686744.7465	0.067
17692654.3405	0.057
17698723.171	0.058
17704736.11	0.082
17710314.5235	0.061
17721481.3515	0.081
17727169.1355	0.067
17732569.6605	0.075
17737815.4635	0.068
17744774.038	0.067
17749881.945	0.054
17755486.5195	0.077
17762036.325	0.069
17767307.2855	0.075
17773239.5625	0.065
17778693.9565	0.063
17784111.395	0.081
17789141.2065	0.1
17794504.711	0.111
17801389.1055	0.035
17806931.807	0.083
17811995.6855	0.092
17816950.0955	0.064
17821788.92	0.147
17826950.7015	0.06
17834013.891	0.079
17840592.7755	0.074
17845767.95	0.073
17851100.644	0.095
17857513.592	0.067
17863959.9575	0.041
17869452.291	0.059
17874687.226	0.039
17880440.979	0.081
17886891.5785	0.046
17892493.834	0.06
17897885.5095	0.074
17904177.1745	0.061
17909657.8495	0.057
17916149.321	0.062
17921399.835	0.044
17926586.775	0.044
17931899.0505	0.047
17937233.1565	0.051
17942645.155	0.046
17947630.934	0.047
17952681.053	0.077
17957555.215	0.078
17963161.35	0.054
17968635.1615	0.044
17974258.381	0.123
17979631.872	0.045
17985461.153	0.067
17991579.189	0.053
17998204.639	0.049
18003547.4025	0.062
18008770.021	0.046
18014335.334	0.039
18020027.761	0.059
18026421.8405	0.049
18032333.078	0.083
18038998.99	0.079
18044562.288	0.059
18053282.7775	0.058
18060740.228	0.059
18067906.764	0.052
18073649.6215	0.102
18080063.7775	0.091
18086061.7395	0.061
18091235.28	0.066
18096544.3815	0.053
18101602.298	0.064
18106850.1425	0.033
18111882.305	0.042
18117270.514	0.047
18125520.9295	0.068
18136829.592	0.108
18141942.9665	0.048
18147040.4395	0.095
18152599.464	0.101
18157800.6335	0.049
18163903.074	0.063
18169528.8215	0.104
18174388.5735	0.057
18179886.6765	0.068
18185288.272	0.076
18190432.728	0.076
18195485.34	0.078
18200534.1305	0.079
18205716.729	0.076
18210854.802	0.069
18216072.0395	0.102
18221060.6095	0.086
18226281.2025	0.064
18231607.392	0.112
18237373.1855	0.074
18242651.515	0.142
18247650.958	0.079
18252855.2505	0.1
18258415.8345	0.081
18263627.1215	0.082
18277679.0045	0.059
18289131.1745	0.105
18294767.5815	0.158
18302464.0095	0.095
18317322.3895	0.351
18324378.092	0.192
18331859.608	0.144
18339763.628	0.086
18346542.445	0.117
18352683.519	0.22
18358215.111	0.102
18363664.7755	0.055
18368873.4745	0.126
18374314.035	0.171
18380113.47	0.096
18386626.321	0.195
18394525.116	0.205
18400441.456	0.086
18406162.993	0.115
18411972.075	0.197
18417865.4755	0.181
18423378.277	0.15
18428920.27	0.085
18434838.5975	0.112
18440466.1215	0.152
18446373.3825	0.156
18451579.632	0.252
18456542.617	0.181
18461590.607	0.106
18466776.9485	0.124
18471875.919	0.174
18477039.038	0.156
18482428.5485	0.056
18487859.3215	0.068
18493250.673	0.097
18498723.6105	0.084
18504210.882	0.077
18509444.5985	0.063
18515083.331	0.062
18520559.938	0.114
18526170.738	0.163
18531508.4535	0.114
18536756.7105	0.07
18542014.059	0.112
18547388.2355	0.078
18553269.919	0.068
18559024.0905	0.115
18565120.756	0.077
18571764.3775	0.129
18578664.2375	0.157
18584463.017	0.112
18589659.427	0.087
18595002.0465	0.173
18600252.901	0.182
18605525.124	0.194
18610605.8205	0.129
18615973.782	0.122
18621474.273	0.112
18627395.7775	0.071
18632568.3265	0.112
18638037.739	0.065
18643862.577	0.082
18649693.4775	0.049
18655016.7545	0.086
18660865.611	0.115
18666758.6305	0.096
18672004.585	0.117
18677299.588	0.074
18683053.839	0.113
18689990.5065	0.087
18699764.095	0.078
18707454.5805	0.097
18712915.597	0.091
18718750.984	0.064
18727878.8455	0.036
18735678.805	0.102
18741382.753	0.099
18747613.511	0.14
18753517.017	0.128
18759245.104	0.1
18765168.4895	0.072
18771228.9965	0.176
18777421.0	0.106
18783608.4555	0.072
18795485.5845	0.229
18810271.513	0.078
18822977.5635	0.223
18828792.649	0.247
18834150.386	0.166
18839766.204	0.145
18845444.049	0.164
18850948.9375	0.137
18856316.6895	0.124
18861721.3355	0.233
18867107.0075	0.144
18872442.811	0.279
18877909.4475	0.218
18883190.667	0.314
18888483.407	0.123
18894410.9595	0.192
18900293.338	0.169
18905738.4015	0.219
18911278.978	0.152
18917128.416	0.187
18923001.5875	0.175
18928567.4995	0.102
18933967.6605	0.121
18939447.134	0.145
18945190.833	0.087
18950664.562	0.122
18970508.3235	0.268
18981411.316	0.158
18992584.7065	0.173
19001549.453	0.12
19008509.4295	0.163
19018530.399	0.077
19034397.686	0.182
19040325.3345	0.031
19051204.45	0.122
19057295.7825	0.158
19062535.973	0.134
19068083.203	0.111
19073501.4585	0.075
19078800.1445	0.065
19084162.669	0.074
19089561.6745	0.131
19095128.531	0.111
19100566.655	0.084
19106221.8735	0.049
19112199.0665	0.137
19117691.5535	0.123
19122942.296	0.118
19128398.5395	0.114
19133672.2065	0.106
19138997.948	0.118
19144688.9905	0.114
19150305.404	0.089
19155703.248	0.122
19161042.312	0.123
19166471.221	0.114
19172990.579	0.09
19179728.3475	0.123
19185478.075	0.152
19191166.4945	0.118
19197008.7915	0.137
19202804.589	0.121
19208691.999	0.096
19214202.242	0.109
19219944.977	0.087
19225466.1805	0.099
19231778.7315	0.093
19238744.114	0.054
19244286.9275	0.133
19249443.866	0.116
19254649.1605	0.132
19260081.993	0.264
19265492.7025	0.157
19270740.87	0.148
19276083.7355	0.138
19282456.69	0.185
19288912.8425	0.139
19295688.4505	0.122
19301205.7375	0.196
19307183.447	0.157
19313072.779	0.136
19318817.895	0.117
19325683.563	0.126
19331463.568	0.114
19337044.848	0.083
19342889.5845	0.079
19348867.617	0.132
19354405.672	0.104
19360531.8185	0.069
19366703.464	0.086
19372197.0115	0.136
19377775.1425	0.172
19383519.2195	0.149
19389221.912	0.103
19394775.7425	0.159
19400947.2085	0.088
19406332.488	0.201
19411828.87	0.094
19417586.423	0.083
19423022.643	0.097
19428356.3075	0.151
19433709.873	0.116
19439142.9035	0.182
19444705.2455	0.158
19450282.3025	0.135
19455952.7065	0.111
19461542.458	0.061
19467087.063	0.088
19475256.7555	0.07
19485966.956	0.022
19497228.6125	0.122
19504044.803	0.103
19509853.543	0.073
19515698.8795	0.078
19522034.6405	0.096
19527682.77	0.109
19533609.8615	0.073
19539430.735	0.073
19545150.1895	0.088
19550945.6735	0.086
19557397.4125	0.095
19563526.6705	0.119
19569245.619	0.146
19575003.5375	0.217
19583969.9205	0.114
19600949.673	0.157
19607571.3545	0.096
19613671.555	0.137
19620041.676	0.096
19626491.1475	0.146
19632547.7525	0.095
19638713.017	0.156
19644771.3245	0.089
19650817.647	0.103
19656891.7585	0.103
19662924.024	0.086
19669019.05	0.107
19675337.205	0.141
19688893.089	0.134
19700796.61	0.057
19709016.898	0.13
19715664.9575	0.093
19721262.0935	0.111
19726789.5065	0.129
19732940.613	0.087
19739884.6445	0.098
19762978.256	0.132
19771291.432	0.097
19778261.892	0.184
19786765.293	0.104
19795027.2125	0.062
19802691.2085	0.123
19810891.1265	0.149
19817516.402	0.14
19825107.573	0.076
19831782.547	0.109
19838241.707	0.126
19844849.8585	0.112
19851270.248	0.148
19857888.7855	0.109
19865888.8785	0.114
19872424.629	0.159
19878897.573	0.147
19885754.966	0.153
19899485.3345	0.061
19912429.803	0.129
19923537.881	0.189
19930998.8645	0.172
19947197.353	0.087
19968158.884	0.182
19974677.0155	0.219
19981273.3075	0.096
19988010.292	0.117
19995847.963	0.068
20007910.712	0.232
20015104.7685	0.138
20023183.6895	0.052
20048750.4975	0.231
20068888.47	0.033
20080669.2455	0.037
20102139.685	0.191
20112489.634	0.041
20125343.1205	0.16
20132834.637	0.249
20139885.2465	0.173
20146736.152	0.21
20155078.4325	0.267
20169121.283	0.186
20186516.4215	0.057
20214604.3925	0.049
20256099.235	0.036
20315404.093	0.037
20356052.153	0.119
20385001.723	0.184
20394554.509	0.076
20408479.184	0.227
20426714.4595	0.375
20451700.867	0.053
20479287.8595	0.474
20489882.8875	0.149
20512384.9795	0.082
20565397.373	0.132
20588516.71	0.203
20603881.682	0.041
20635452.887	0.054
20648445.8895	0.05
20664655.391	0.033
20690471.8045	0.128
20711623.2215	0.158
20720951.087	0.164
20735767.3985	0.054
20748551.6725	0.037
20765570.924	0.098
20803962.0205	0.033
20885538.2635	0.218
20910846.0	0.145
20945098.357	0.177
20972816.852	0.083
20990802.4405	0.109
21005738.368	0.183
21020062.014	0.206
21031966.6595	0.121
21045187.6295	0.214
21063452.2975	0.106
21079507.5385	0.089
21102120.8435	0.115
21136506.2815	0.206
21160293.3625	0.107
21179007.1325	0.128
21219308.793	0.037
21250575.973	0.054
21275877.4555	0.028
21309379.6425	0.127
21321309.212	0.071
21330243.265	0.246
21337876.601	0.109
21344720.026	0.189
21351283.6895	0.089
21369264.5775	0.048
21410683.85	0.039
21420966.2405	0.119
21443419.067	0.075
21454985.7745	0.111
21506432.4765	0.075
21523650.436	0.224
21533440.728	0.118
21547348.2455	0.124
21573734.698	0.236
21581057.043	0.337
21598741.2325	0.233
21617094.7725	0.219
21627378.644	0.107
21637522.5805	0.138
21651540.3845	0.202
21669406.4825	0.2
21695161.516	0.195
21715057.839	0.251
21727289.1765	0.055
21753315.761	0.03
21786678.4615	0.09
21819982.798	0.15
21831543.958	0.135
21847038.3345	0.1
21889261.4655	0.077
21906108.572	0.065
21943700.1435	0.045
21970799.5555	0.023
22007954.8195	0.037
22043444.343	0.173
22069602.363	0.048
22089714.745	0.106
22100999.608	0.287
22110234.309	0.217
22119893.821	0.249
22132704.4635	0.506
22147879.3935	0.072
22158869.197	0.093
22167334.6785	0.292
22182097.267	0.457
22192894.453	0.049
22205942.0905	0.439
22222395.291	0.143
22235440.2085	0.284
22248845.563	0.222
22282217.168	0.545
22297729.307	0.238
22324883.2795	0.377
22338776.768	0.094
22372452.6935	0.034
22396679.257	0.083
22421605.1875	0.162
22434277.4775	0.171
22445933.7965	0.194
22454940.0755	0.644
22461867.2285	0.226
22476757.653	0.06
22499697.7835	0.265
22508248.265	0.2
22517737.547	0.224
22535993.805	0.343
22545099.4525	0.189
22568236.2325	0.141
22601117.8465	0.086
22639027.109	0.071
22729622.298	0.048
22753032.9075	0.218
22764564.88	0.328
22774259.4205	0.167
22781516.4445	0.258
22791498.1395	0.504
22800760.17	0.226
22810812.4745	0.181
22819195.9425	0.241
22832283.9195	0.206
22857596.748	0.216
22890129.1505	0.094
22940450.3415	0.321
22951852.2995	0.347
22986015.5995	0.05
22995827.881	0.038
23010121.0965	0.041
23036684.454	0.236
23072686.7355	0.061
23099656.6555	0.055
23174964.9425	0.207
23221750.0715	0.118
23229788.36	0.033
23255628.8095	0.145
23271260.502	0.119
23285028.6765	0.057
23302711.671	0.183
23323826.325	0.026
23340656.196	0.353
23366671.7295	0.026
23383293.2295	0.02
23400265.4335	0.252
23426438.59	0.371
23466770.917	0.453
23478472.164	0.428
23493538.319	0.315
23507250.408	0.289
23533057.854	0.189
23544061.471	0.371
23561901.1565	0.236
23579012.2225	0.067
23594794.436	0.235
23620224.5435	0.057
23641630.566	0.061
23691926.136	0.03
23715989.792	0.209
23735137.6255	0.414
23750545.609	0.058
23760736.5945	0.088
23787029.272	0.153
23807533.9435	0.326
23829643.999	0.194
23839291.7945	0.396
23848826.45	0.358
23857675.458	0.369
23921206.168	0.031
23939376.461	0.032
23963043.62	0.551
23972736.74	0.256
23991158.672	0.545
24003719.8145	0.268
24023604.45	0.161
24074773.733	0.119
24106258.9665	0.619
24115883.2395	0.347
24126490.8005	0.177
24146235.488	0.184
24172260.911	0.217
24217174.395	0.181
24239562.181	0.401
24247989.7625	0.399
24255539.543	0.544
24265645.284	0.323
24288903.894	0.136
24309006.7525	0.027
24337587.052	0.029
