midpoint	h1x
3052.016	0.119
12408.375	0.055
20875.3805	0.099
28623.6565	0.105
35885.999	0.039
42635.615	0.059
48702.212	0.024
55329.299	0.028
63488.9915	0.032
70585.054	0.026
77121.5235	0.037
83497.1425	0.102
89321.1505	0.102
96518.2945	0.07
104594.8005	0.046
110818.241	0.04
116890.48	0.012
122996.434	0.023
129045.3985	0.022
134950.1245	0.028
140868.7305	0.015
147237.472	0.018
153001.452	0.01
158655.298	0.018
164671.101	0.01
170447.1055	0.01
175897.091	0.007
181584.5165	0.052
187346.638	0.017
193339.0485	0.031
198990.8505	0.026
204258.8415	0.01
210059.366	0.01
215869.7675	0.006
221650.398	0.008
227363.8875	0.011
232940.347	0.008
239781.173	0.005
246100.7	0.006
251378.2195	0.005
256902.1735	0.008
262131.857	0.008
267201.7155	0.01
272247.941	0.006
277424.7315	0.008
282541.2305	0.012
287703.8345	0.014
293634.5215	0.012
300072.358	0.002
307839.112	0.005
312976.972	0.005
318197.4765	0.007
323352.1595	0.009
328971.6025	0.007
334854.1835	0.009
341656.9805	0.008
348565.365	0.007
354994.156	0.007
360660.699	0.007
366156.3375	0.004
372483.6925	0.001
378510.375	0.003
383903.9025	0.002
389337.923	0.001
395301.513	0.003
401141.4395	0.004
406610.7445	0.001
411723.223	0.0
417165.178	0.0
422388.0985	0.0
427485.928	0.0
432363.5825	0.002
437688.3135	0.001
443204.424	0.0
448190.2005	0.001
453357.743	0.001
459620.074	0.001
465240.8605	0.002
470676.1985	0.003
475889.501	0.001
481154.647	0.001
486345.938	0.0
491721.537	0.0
496736.8825	0.001
502010.556	0.0
507266.102	0.0
512540.429	0.001
517897.495	0.0
522847.478	0.001
527914.6475	0.002
534854.5355	0.0
543162.6555	0.0
552049.619	0.0
558439.4275	0.002
564287.9495	0.0
569917.3295	0.001
575169.6835	0.0
581361.2385	0.0
588273.556	0.0
595161.979	0.001
602158.463	0.001
609267.666	0.001
616144.607	0.001
623228.276	0.0
629835.472	0.0
635323.489	0.0
640808.852	0.0
646244.6805	0.0
654320.1125	0.0
661732.7505	0.001
669486.2425	0.001
676085.3555	0.0
682658.9625	0.0
688379.9925	0.0
693838.6655	0.0
699993.0555	0.0
707492.043	0.0
714552.6035	0.0
720637.1965	0.0
725917.172	0.0
730924.0585	0.0
736267.4645	0.0
741727.6665	0.0
747762.4455	0.0
755330.8475	0.0
760968.0845	0.0
766164.2495	0.0
771374.3875	0.0
776685.539	0.0
782706.1555	0.004
790340.109	0.0
797060.2485	0.0
804857.446	0.0
810916.111	0.0
816455.1025	0.0
821994.6675	0.0
827585.091	0.0
832807.2695	0.0
838327.4465	0.001
843628.707	0.0
849711.2545	0.0
855257.0335	0.0
861672.449	0.0
867117.0845	0.0
873024.0715	0.0
878750.227	0.0
884107.217	0.0
889622.2305	0.0
894884.4695	0.0
900370.686	0.001
906305.2545	0.0
913443.981	0.0
919644.5325	0.0
925115.0435	0.0
931009.507	0.0
936729.3715	0.0
942229.55	0.0
948024.1275	0.001
956998.5615	0.001
963500.904	0.0
970653.6155	0.0
977258.0775	0.001
983210.8395	0.0
990619.417	0.0
996840.313	0.0
1002587.072	0.0
1009972.4485	0.001
1016043.073	0.0
1021610.782	0.0
1028249.4105	0.0
1036199.121	0.0
1043531.877	0.0
1050605.94	0.0
1055808.0875	0.0
1061766.612	0.0
1067952.635	0.0
1076129.52	0.0
1084668.655	0.0
1092436.569	0.0
1098673.1565	0.0
1104454.914	0.0
1110284.592	0.0
1116328.159	0.002
1123551.248	0.0
1129102.987	0.0
1135396.6515	0.0
1142505.2705	0.0
1149820.4985	0.0
1156124.9215	0.0
1161876.731	0.0
1167696.12	0.0
1173185.5785	0.0
1178955.4175	0.0
1184441.6195	0.0
1190613.92	0.0
1196964.5365	0.0
1203250.6385	0.0
1208323.251	0.0
1214131.999	0.0
1219987.5685	0.0
1226462.208	0.0
1231812.8335	0.0
1238092.6005	0.001
1244976.855	0.001
1251218.783	0.001
1256793.8415	0.0
1262916.867	0.0
1269177.615	0.0
1274966.143	0.0
1280865.13	0.0
1285995.033	0.001
1291871.9595	0.0
1297328.622	0.0
1302422.2715	0.0
1308320.301	0.0
1313658.605	0.0
1319127.1015	0.0
1325157.005	0.0
1332954.7475	0.0
1341427.7075	0.0
1349273.193	0.0
1355349.972	0.0
1361025.3765	0.0
1367100.1895	0.0
1372274.193	0.0
1377508.1795	0.0
1386488.4015	0.0
1395697.7135	0.0
1402320.2665	0.0
1407827.588	0.0
1412874.634	0.001
1418404.489	0.0
1424935.6525	0.001
1430861.1185	0.001
1436220.289	0.0
1441190.3225	0.0
1446262.1085	0.0
1452177.352	0.0
1457752.0935	0.0
1462703.4855	0.0
1468238.651	0.0
1474990.877	0.0
1480848.077	0.0
1486807.343	0.0
1492286.8155	0.0
1497980.591	0.0
1503706.6675	0.0
1508746.414	0.0
1514755.4375	0.0
1521742.7655	0.0
1527637.543	0.0
1532816.7765	0.0
1538226.0415	0.0
1544376.513	0.001
1550018.021	0.001
1555505.021	0.001
1561024.104	0.0
1567382.77	0.001
1576060.185	0.0
1584102.5335	0.0
1591994.3915	0.0
1598962.4655	0.0
1605711.6645	0.0
1611728.1405	0.0
1617102.135	0.0
1622639.3895	0.0
1628260.258	0.0
1640584.8715	0.0
1647971.559	0.0
1653930.864	0.0
1659411.218	0.0
1665730.2875	0.0
1671875.747	0.0
1676848.866	0.0
1681935.1655	0.0
1687367.3985	0.0
1693496.5835	0.0
1698943.6745	0.0
1704205.5025	0.0
1709192.021	0.0
1714498.677	0.0
1720723.6025	0.0
1728699.7185	0.0
1735484.065	0.0
1741473.5875	0.0
1747494.2195	0.0
1753057.9875	0.0
1759965.967	0.0
1765436.2065	0.0
1771043.094	0.0
1776125.9235	0.001
1781173.5475	0.0
1787047.335	0.0
1792980.1275	0.0
1799178.896	0.0
1805380.284	0.0
1810537.9885	0.001
1818353.032	0.0
1826354.7825	0.0
1831802.9785	0.0
1844727.183	0.0
1860497.918	0.0
1871073.027	0.0
1880384.0085	0.0
1886767.652	0.0
1892806.6995	0.0
1898491.9705	0.0
1904368.549	0.0
1910091.1845	0.0
1915800.7865	0.0
1922224.2915	0.0
1928093.022	0.0
1933604.8335	0.001
1939399.0495	0.0
1945448.6115	0.0
1951735.962	0.0
1957071.292	0.001
1963113.109	0.001
1969457.4035	0.0
1977251.241	0.001
1983658.7125	0.0
1989404.315	0.001
1994478.8515	0.0
1999724.5945	0.0
2005315.841	0.0
2010405.6415	0.0
2015525.448	0.0
2020841.023	0.0
2027053.93	0.002
2033280.899	0.003
2039444.3575	0.002
2045428.089	0.0
2051929.159	0.0
2058013.07	0.0
2064148.247	0.0
2069767.1525	0.0
2075578.33	0.001
2081104.754	0.001
2094234.4425	0.001
2102814.602	0.0
2108385.2355	0.0
2113523.398	0.0
2119053.596	0.0
2124324.3845	0.0
2129513.562	0.0
2134399.7505	0.0
2139307.271	0.0
2144530.8735	0.0
2150793.757	0.0
2160961.8415	0.0
2167837.008	0.0
2174609.9365	0.0
2180572.473	0.001
2185930.69	0.0
2191441.5005	0.0
2196679.061	0.0
2201974.593	0.0
2208310.516	0.0
2214711.588	0.0
2220943.7175	0.0
2227361.7035	0.0
2234514.5955	0.0
2243297.622	0.0
2249280.797	0.0
2254622.3475	0.0
2261021.859	0.0
2269451.396	0.0
2278292.6465	0.0
2284456.532	0.0
2290721.759	0.0
2296715.5475	0.0
2303300.83	0.0
2308774.493	0.0
2313904.5965	0.0
2319389.581	0.0
2324922.266	0.0
2331081.316	0.0
2337583.721	0.0
2343608.403	0.0
2348805.524	0.0
2355053.424	0.0
2361539.388	0.0
2366886.3025	0.0
2373051.738	0.0
2380058.5405	0.0
2388630.6855	0.0
2394048.6915	0.0
2399613.8255	0.0
2405292.83	0.0
2410653.733	0.0
2416324.309	0.0
2422905.6765	0.0
2428063.9215	0.0
2433441.609	0.0
2439265.241	0.0
2445384.1795	0.0
2450747.7775	0.0
2456064.3955	0.0
2461071.106	0.0
2466416.2505	0.0
2471889.171	0.0
2479927.076	0.0
2487491.056	0.0
2493992.4175	0.0
2500109.5755	0.0
2505215.5975	0.0
2510036.181	0.0
2515096.2695	0.0
2520349.219	0.0
2525271.399	0.0
2530245.7065	0.0
2535221.249	0.001
2540331.408	0.0
2546282.2945	0.0
2552011.284	0.0
2557721.1835	0.0
2564156.654	0.0
2569543.1905	0.0
2576324.302	0.0
2582880.865	0.0
2587999.641	0.0
2595625.5175	0.0
2607006.551	0.0
2613287.069	0.0
2619246.3005	0.0
2624785.327	0.0
2630252.2095	0.0
2635710.78	0.0
2641049.0115	0.0
2647184.8955	0.0
2653712.162	0.0
2659062.2455	0.0
2664573.364	0.0
2669978.55	0.0
2675412.299	0.0
2681052.7235	0.0
2686403.3775	0.0
2691344.767	0.0
2696210.304	0.0
2701778.3545	0.001
2707714.732	0.0
2714167.1195	0.0
2719760.7075	0.0
2724937.783	0.0
2731005.0445	0.0
2736269.878	0.0
2741342.314	0.0
2746814.577	0.0
2752213.1645	0.0
2757208.0295	0.0
2762158.436	0.0
2767223.1385	0.0
2772409.098	0.0
2778263.024	0.0
2784995.1625	0.0
2791160.545	0.0
2797757.74	0.0
2803389.237	0.0
2808836.372	0.0
2815880.628	0.0
2822926.2285	0.0
2829044.4295	0.0
2834319.7395	0.001
2839481.9955	0.001
2844516.303	0.001
2849736.615	0.001
2854603.874	0.001
2859867.2865	0.001
2865514.3565	0.0
2871998.923	0.0
2877157.8	0.0
2882597.06	0.0
2888906.0715	0.0
2894345.208	0.0
2901086.8805	0.0
2913713.4335	0.004
2919161.4275	0.0
2924549.801	0.0
2933637.727	0.0
2942506.218	0.0
2947785.7335	0.0
2952863.142	0.0
2957828.9725	0.001
2963339.701	0.001
2968639.8755	0.001
2973655.572	0.001
2980698.553	0.001
2992787.1065	0.001
2999570.121	0.001
3004765.3755	0.001
3009758.36	0.001
3014716.598	0.001
3020512.205	0.002
3026109.8005	0.001
3031795.3085	0.001
3037435.1705	0.002
3043424.113	0.001
3053916.7315	0.008
3064612.4735	0.001
3069826.234	0.0
3074835.3785	0.001
3080652.3865	0.0
3088020.5655	0.0
3093789.571	0.0
3098909.1955	0.0
3104138.488	0.0
3109192.586	0.0
3114138.275	0.0
3119536.8205	0.0
3124730.3635	0.0
3129627.1255	0.0
3135308.1185	0.0
3140498.4515	0.0
3146112.965	0.0
3151888.1995	0.0
3157281.9685	0.0
3162891.7625	0.0
3168683.1005	0.0
3174861.9385	0.0
3181028.6035	0.001
3186818.551	0.001
3191999.386	0.001
3197128.946	0.003
3202407.1265	0.001
3208945.296	0.001
3215338.3055	0.001
3221637.0735	0.0
3226808.647	0.001
3231718.0015	0.001
3236978.1125	0.001
3243464.5385	0.001
3249335.6955	0.0
3254475.4135	0.001
3259674.4525	0.002
3265686.3115	0.002
3270966.302	0.001
3276152.168	0.001
3295282.9075	0.0
3341221.8505	0.0
3356062.601	0.001
3361505.2965	0.0
3366958.5375	0.001
3373871.404	0.001
3379676.471	0.001
3385849.3005	0.001
3393413.047	0.001
3399744.3395	0.001
3405359.395	0.001
3410615.811	0.001
3415985.04	0.0
3421846.9405	0.0
3428035.688	0.001
3435198.8955	0.0
3442002.5665	0.0
3448450.07	0.001
3454380.491	0.001
3460065.187	0.001
3465525.2535	0.003
3470872.499	0.003
3476165.624	0.003
3481268.404	0.002
3486274.806	0.003
3491564.0745	0.001
3497175.133	0.0
3502946.969	0.001
3508821.0695	0.001
3515229.0555	0.001
3520518.405	0.001
3526172.05	0.001
3532179.2455	0.001
3537995.4905	0.001
3544093.0505	0.001
3549799.3	0.001
3555091.2085	0.002
3560858.923	0.001
3568631.222	0.0
3574609.054	0.0
3580220.0995	0.0
3586419.3365	0.0
3591796.041	0.0
3597378.1305	0.0
3602852.0575	0.0
3609908.3455	0.001
3616004.038	0.0
3624646.46	0.0
3631308.292	0.0
3637798.1955	0.0
3643881.811	0.0
3650729.232	0.0
3656640.3655	0.0
3662655.215	0.0
3670204.9825	0.0
3678426.7045	0.0
3684303.4625	0.0
3692803.205	0.0
3699474.791	0.0
3706122.957	0.0
3712855.444	0.0
3718777.3225	0.0
3724207.6635	0.0
3730243.72	0.0
3736491.544	0.0
3742152.4035	0.0
3747752.42	0.0
3753385.7415	0.0
3760082.5015	0.0
3767403.7805	0.0
3773954.7645	0.0
3780401.4465	0.0
3786310.8575	0.0
3792913.0145	0.0
3798690.1225	0.0
3806452.3365	0.0
3812702.366	0.0
3818301.0115	0.0
3824480.792	0.0
3832502.656	0.0
3838470.1335	0.0
3844828.3895	0.0
3851754.752	0.0
3858134.8285	0.0
3863837.697	0.0
3869575.737	0.0
3875710.854	0.0
3881384.947	0.0
3887485.754	0.001
3894314.1535	0.0
3902543.8825	0.0
3910438.6955	0.001
3915673.874	0.0
3921024.002	0.001
3926129.3325	0.0
3931518.755	0.0
3941853.6275	0.0
3948924.511	0.0
3954891.8135	0.0
3962875.589	0.001
3968802.662	0.001
3975594.716	0.001
3982515.1795	0.0
3989421.2255	0.0
3996494.7745	0.0
4003906.6925	0.0
4009838.331	0.0
4017563.763	0.0
4024743.341	0.0
4031328.1985	0.0
4037491.7125	0.0
4043430.523	0.001
4050387.423	0.0
4056789.7545	0.001
4063090.1535	0.0
4068938.287	0.001
4075736.2535	0.001
4082071.96	0.001
4087616.136	0.001
4095119.5485	0.001
4102520.342	0.0
4108623.5465	0.001
4114328.834	0.001
4120004.823	0.001
4125480.408	0.001
4130954.1425	0.001
4136504.566	0.002
4142926.8595	0.002
4149755.9855	0.001
4155489.3465	0.001
4161054.406	0.002
4166721.551	0.001
4173005.586	0.001
4179564.0415	0.001
4184870.741	0.0
4189969.801	0.0
4194995.402	0.0
4200289.3935	0.0
4205512.201	0.0
4210802.3765	0.0
4216855.9265	0.0
4222336.605	0.0
4227380.3515	0.003
4232316.814	0.0
4238824.031	0.0
4244766.027	0.0
4250793.2685	0.0
4256971.9065	0.0
4262617.295	0.0
4268451.2575	0.0
4275789.271	0.0
4282022.11	0.0
4287363.9545	0.0
4292570.4555	0.0
4297672.334	0.001
4303434.146	0.0
4309719.8955	0.001
4316360.2815	0.0
4323186.157	0.002
4329265.241	0.0
4334902.572	0.0
4340253.542	0.0
4345236.478	0.0
4350551.1885	0.0
4355572.2585	0.0
4360770.299	0.0
4366466.075	0.0
4372423.4065	0.0
4377745.615	0.0
4383087.6315	0.0
4388372.735	0.0
4394520.4045	0.0
4399909.524	0.0
4405294.068	0.0
4410822.679	0.0
4417349.598	0.0
4424876.962	0.0
4431373.897	0.0
4437922.824	0.0
4444774.3765	0.0
4450107.0	0.0
4455852.869	0.0
4461603.0165	0.0
4467372.7525	0.0
4473451.0615	0.0
4480039.7455	0.0
4487606.3695	0.0
4494573.444	0.0
4501005.279	0.0
4506461.112	0.0
4513763.1095	0.0
4520649.171	0.0
4527298.1695	0.0
4532757.4275	0.0
4537946.1435	0.0
4544646.5525	0.0
4550044.151	0.0
4555079.5785	0.0
4560557.182	0.0
4567069.8835	0.001
4573813.9955	0.003
4579614.5755	0.003
4585076.5535	0.001
4590461.917	0.001
4596509.663	0.0
4603179.8285	0.0
4612117.6245	0.0
4619221.1345	0.0
4625790.2175	0.0
4633216.223	0.0
4639716.4455	0.0
4645482.2305	0.001
4651516.8465	0.002
4657184.304	0.0
4664624.8605	0.0
4672216.692	0.0
4687692.4725	0.0
4694743.6705	0.0
4702020.438	0.0
4709461.583	0.0
4717623.126	0.0
4724872.733	0.0
4732767.033	0.0
4738494.9755	0.001
4744180.5505	0.0
4750578.2	0.0
4756725.6055	0.0
4762375.25	0.0
4768071.014	0.001
4773995.6295	0.0
4780299.5505	0.0
4786878.246	0.001
4793715.712	0.001
4799575.2595	0.001
4805486.647	0.0
4811997.709	0.0
4818793.7635	0.0
4824835.6295	0.0
4831137.8905	0.0
4836989.021	0.0
4842805.8955	0.0
4849315.4645	0.0
4854844.918	0.0
4859810.8135	0.001
4865651.912	0.0
4872264.577	0.0
4880278.4195	0.0
4886597.8355	0.0
4892830.9025	0.0
4899239.2035	0.0
4904705.2635	0.0
4910832.7785	0.001
4917136.168	0.0
4923929.841	0.003
4931457.3285	0.0
4939018.1315	0.0
4944368.8625	0.0
4950125.335	0.0
4955965.301	0.0
4961890.145	0.0
4967146.562	0.0
4972638.8105	0.0
4978612.456	0.0
4986936.2195	0.001
4993246.7055	0.0
4999565.2325	0.0
5005960.7465	0.0
5011466.536	0.0
5017416.863	0.0
5022763.6495	0.0
5027673.5575	0.0
5032985.7935	0.0
5038274.6465	0.0
5043941.1715	0.0
5050658.992	0.0
5057582.2305	0.0
5064076.196	0.0
5069948.7215	0.0
5075541.3335	0.0
5081886.0225	0.0
5087532.673	0.0
5093393.365	0.0
5099374.7065	0.0
5105845.709	0.0
5111382.719	0.0
5116615.9835	0.0
5122363.631	0.0
5128136.566	0.0
5134474.2615	0.0
5140263.9775	0.0
5146334.5645	0.0
5153024.193	0.0
5159525.2285	0.0
5165524.019	0.0
5171439.5475	0.0
5176992.683	0.0
5183160.6025	0.0
5189208.104	0.0
5195961.6595	0.0
5202589.038	0.0
5209615.1155	0.0
5216429.406	0.0
5222245.178	0.0
5228855.891	0.0
5235962.52	0.0
5242122.567	0.0
5248056.614	0.0
5253853.335	0.0
5260088.864	0.002
5265722.236	0.0
5271529.8875	0.0
5277277.887	0.0
5282678.0135	0.0
5288909.1605	0.0
5294992.082	0.0
5300962.7315	0.0
5306695.864	0.0
5313361.1015	0.0
5319990.111	0.0
5327067.3975	0.0
5333083.2245	0.0
5338604.2735	0.0
5344855.9045	0.0
5350396.966	0.0
5355821.4515	0.0
5361927.8515	0.0
5367434.997	0.0
5372595.0925	0.0
5378358.7085	0.0
5383912.3215	0.0
5390107.6935	0.0
5395640.056	0.0
5401222.515	0.0
5406772.458	0.0
5415832.3305	0.0
5422906.2915	0.0
5428509.695	0.0
5434451.393	0.0
5440229.79	0.0
5445632.7605	0.0
5451316.3935	0.0
5457739.519	0.0
5468939.049	0.0
5476420.404	0.0
5481939.4315	0.0
5489812.8295	0.0
5496036.966	0.0
5502052.4175	0.0
5509421.7125	0.0
5516269.227	0.0
5523162.0595	0.0
5529354.7005	0.0
5536457.912	0.0
5543628.903	0.0
5549479.349	0.0
5554742.161	0.0
5560801.0785	0.0
5565988.1875	0.0
5571281.9425	0.0
5576837.7435	0.0
5582222.9855	0.0
5587386.816	0.0
5592862.742	0.0
5598558.949	0.0
5604666.3485	0.0
5611054.7365	0.0
5616862.3985	0.0
5623526.058	0.0
5629526.6205	0.0
5636278.261	0.0
5641518.5475	0.0
5646690.503	0.0
5651789.756	0.0
5657364.837	0.001
5663211.712	0.0
5668584.7355	0.0
5674692.3475	0.0
5682045.07	0.002
5688020.4945	0.0
5693230.6605	0.001
5698584.804	0.001
5704093.297	0.0
5709355.155	0.0
5715297.0465	0.0
5721965.2385	0.0
5728214.462	0.001
5734546.3545	0.001
5742616.1255	0.0
5749712.722	0.0
5755213.7105	0.0
5760780.7895	0.0
5767395.693	0.0
5773637.841	0.0
5779213.082	0.0
5784582.0805	0.0
5790337.618	0.001
5796930.0	0.001
5807876.5685	0.0
5814895.022	0.0
5820412.297	0.0
5826281.8175	0.0
5831843.1705	0.0
5837364.547	0.0
5842643.218	0.0
5848549.964	0.0
5857213.37	0.0
5863544.7485	0.0
5869095.654	0.0
5876017.6365	0.005
5884369.785	0.0
5894378.99	0.0
5903561.7475	0.002
5911229.559	0.0
5917741.967	0.0
5922836.6445	0.0
5928335.483	0.001
5933956.816	0.002
5939375.849	0.0
5944885.869	0.0
5950835.755	0.0
5957545.822	0.0
5962891.9045	0.0
5968530.467	0.0
5975848.838	0.0
5981203.0275	0.0
5986315.2685	0.0
5991636.781	0.0
5999103.6295	0.0
6005637.113	0.0
6013638.574	0.0
6019908.181	0.0
6026507.1765	0.0
6035205.231	0.0
6042035.719	0.0
6048778.808	0.0
6054814.7285	0.0
6059882.982	0.0
6065491.956	0.0
6070774.936	0.0
6076464.404	0.0
6081829.4	0.0
6087083.1225	0.0
6092529.8945	0.0
6097902.8645	0.0
6103037.2225	0.0
6108507.1405	0.0
6116087.6765	0.0
6122761.1	0.0
6128181.8985	0.0
6134372.476	0.0
6139638.9195	0.0
6145545.0865	0.002
6160505.238	0.0
6173180.782	0.0
6180145.5325	0.0
6188812.4315	0.001
6196841.516	0.001
6203629.257	0.001
6211201.8195	0.0
6217157.097	0.0
6223238.066	0.0
6229329.137	0.0
6234855.0825	0.0
6240004.7705	0.001
6245080.722	0.0
6253661.121	0.0
6263059.585	0.0
6269768.3245	0.0
6276281.404	0.001
6282280.7425	0.0
6288814.64	0.0
6296766.252	0.0
6303654.7585	0.0
6309907.483	0.0
6316815.839	0.0
6323799.9675	0.0
6331152.0665	0.0
6345101.7345	0.0
6356675.0015	0.001
6363098.0065	0.0
6368654.3305	0.0
6373818.6085	0.0
6379519.229	0.0
6384762.712	0.0
6390586.436	0.0
6396716.6655	0.0
6403605.1555	0.0
6408978.1545	0.001
6414191.63	0.0
6419263.9	0.0
6424781.386	0.001
6429997.7225	0.0
6436309.8	0.0
6444677.687	0.0
6452727.522	0.0
6460132.956	0.0
6466883.424	0.0
6473261.4745	0.0
6480607.698	0.0
6486406.66	0.0
6492425.528	0.0
6502051.9905	0.0
6507706.03	0.0
6515750.54	0.0
6525523.5195	0.002
6533154.1225	0.0
6540126.4305	0.0
6548222.5765	0.001
6555309.828	0.0
6565006.821	0.0
6572952.5795	0.0
6579689.527	0.0
6586083.8245	0.0
6594228.2255	0.0
6600110.065	0.0
6606224.5995	0.0
6612992.6345	0.0
6619424.033	0.0
6625948.636	0.0
6631655.559	0.0
6639442.44	0.0
6646349.2175	0.0
6654859.709	0.0
6661221.7295	0.0
6666500.2705	0.0
6673176.3705	0.0
6680822.343	0.0
6687634.8505	0.0
6694728.5775	0.0
6700785.908	0.0
6707272.15	0.0
6714595.785	0.0
6720438.3645	0.0
6725993.9005	0.0
6732816.898	0.0
6740359.715	0.0
6747138.723	0.0
6752560.2175	0.001
6760086.031	0.0
6766319.8845	0.001
6773137.4865	0.0
6783016.7535	0.0
6793252.06	0.0
6801069.698	0.003
6807829.3275	0.003
6814231.0085	0.003
6820293.359	0.0
6827653.0765	0.001
6835622.847	0.001
6842084.772	0.001
6850256.3135	0.001
6867629.6695	0.002
6875739.311	0.001
6881515.558	0.002
6887039.609	0.0
6893016.707	0.001
6899592.076	0.001
6905148.3665	0.001
6911915.701	0.001
6918572.403	0.0
6924456.991	0.0
6930400.0545	0.0
6936254.6385	0.0
6942443.097	0.0
6948576.044	0.0
6955383.6495	0.0
6961233.652	0.0
6967186.975	0.0
6975612.5895	0.0
6983022.029	0.0
6989960.3295	0.0
6995919.309	0.0
7001081.0695	0.0
7006085.7025	0.0
7011738.9015	0.0
7018052.2165	0.0
7024214.5885	0.0
7030504.1915	0.0
7036642.896	0.0
7042326.7975	0.0
7047945.1495	0.0
7054598.335	0.0
7060972.463	0.0
7068143.0495	0.0
7074609.344	0.0
7080022.157	0.0
7085308.0275	0.0
7090821.622	0.0
7096384.5	0.0
7101598.503	0.0
7107735.6785	0.0
7114725.687	0.0
7120058.129	0.0
7125210.265	0.003
7131347.482	0.0
7138008.443	0.0
7144040.102	0.0
7149456.9005	0.0
7155479.524	0.001
7160862.897	0.001
7166099.6835	0.001
7171533.9355	0.001
7177245.9615	0.0
7182921.7545	0.0
7188735.687	0.002
7193884.127	0.003
7199855.073	0.002
7208389.6015	0.002
7215530.9365	0.002
7222029.767	0.002
7228088.581	0.001
7237874.0535	0.002
7246381.8515	0.002
7252198.1465	0.002
7257601.6085	0.003
7262895.887	0.002
7268727.6635	0.003
7275210.552	0.005
7283494.5925	0.004
7292294.5395	0.004
7299881.794	0.008
7309101.9895	0.004
7315554.1345	0.006
7320840.8475	0.004
7327149.445	0.006
7335135.307	0.003
7343580.3505	0.006
7350247.19	0.005
7356473.4125	0.005
7362562.242	0.001
7369633.9335	0.0
7376196.357	0.0
7382219.6365	0.001
7389082.4775	0.0
7395346.505	0.0
7401382.8895	0.0
7407010.593	0.0
7412760.71	0.0
7418456.691	0.0
7423861.637	0.0
7429505.3185	0.0
7435603.956	0.0
7441045.2415	0.0
7447554.4155	0.001
7455496.5135	0.0
7462232.669	0.001
7467196.288	0.002
7472630.355	0.003
7477658.35	0.002
7482508.4965	0.0
7487698.225	0.0
7493922.317	0.001
7499886.835	0.001
7504953.024	0.0
7510527.312	0.0
7515948.6205	0.001
7522818.3775	0.0
7528469.599	0.0
7534810.2245	0.0
7541564.355	0.0
7547771.459	0.0
7555423.241	0.0
7561105.9765	0.0
7566577.1785	0.0
7572709.904	0.0
7578674.815	0.008
7584932.294	0.0
7592112.6515	0.0
7598806.3825	0.0
7613114.807	0.001
7626338.6995	0.0
7633521.187	0.0
7640921.529	0.001
7647189.7655	0.0
7652612.8525	0.0
7657532.8955	0.0
7662384.88	0.0
7667313.0385	0.0
7672268.0225	0.007
7677278.0055	0.0
7682354.971	0.0
7687498.7645	0.004
7693597.7395	0.004
7699934.088	0.004
7706567.3665	0.004
7714125.428	0.004
7720612.0915	0.006
7726253.3045	0.004
7732918.89	0.002
7744631.2655	0.002
7757468.6385	0.005
7763513.378	0.006
7769976.036	0.004
7775750.522	0.005
7781470.2545	0.002
7787191.1845	0.004
7793604.154	0.004
7798763.937	0.005
7804633.3975	0.005
7809810.2505	0.007
7815003.8825	0.005
7822572.23	0.004
7835211.4355	0.001
7841279.9985	0.003
7847252.1225	0.003
7853750.879	0.002
7859649.605	0.002
7865596.41	0.004
7870797.0215	0.003
7876205.4115	0.002
7882381.8915	0.003
7887883.657	0.003
7894314.7445	0.001
7899860.2115	0.002
7905973.3455	0.003
7912569.3175	0.002
7921322.775	0.002
7927650.3635	0.001
7933849.59	0.002
7940172.862	0.002
7946900.643	0.001
7953275.936	0.0
7959778.7995	0.0
7966111.3455	0.0
7973545.176	0.0
7980430.3115	0.0
7986064.703	0.0
7991197.6815	0.0
7996726.8655	0.0
8003079.245	0.0
8008480.374	0.0
8014262.3795	0.001
8020985.4465	0.001
8028068.682	0.002
8033400.383	0.001
8041804.064	0.003
8048524.8565	0.003
8054041.5	0.002
8059470.2185	0.003
8064815.3285	0.007
8072097.6435	0.004
8078266.7015	0.001
8084080.5885	0.017
8089605.021	0.012
8095395.391	0.017
8100640.974	0.017
8106613.996	0.018
8112908.049	0.013
8118627.4835	0.011
8124076.009	0.01
8131806.5915	0.007
8140502.8415	0.012
8146936.341	0.008
8154088.632	0.012
8159850.0555	0.016
8165930.5685	0.017
8171650.3235	0.017
8177378.7305	0.018
8182684.8955	0.017
8188395.708	0.012
8194375.758	0.0
8200575.9575	0.0
8207028.0965	0.008
8212911.451	0.009
8218672.688	0.009
8225033.045	0.008
8231702.02	0.007
8237200.479	0.008
8242975.9625	0.008
8249446.9965	0.008
8254964.904	0.002
8260295.736	0.002
8266030.7495	0.002
8272156.6955	0.002
8280889.369	0.002
8288945.5255	0.003
8294974.242	0.004
8300380.953	0.004
8306449.314	0.004
8313448.6355	0.004
8319795.3675	0.004
8325852.297	0.002
8331441.171	0.002
8338845.7735	0.004
8345096.561	0.004
8351365.795	0.002
8357408.439	0.011
8363213.305	0.015
8368438.66	0.011
8373828.2535	0.01
8381105.491	0.008
8390681.0475	0.006
8396589.8735	0.002
8401760.3895	0.011
8407808.1715	0.011
8413653.177	0.011
8419716.095	0.017
8428759.7895	0.008
8438952.9025	0.016
8447272.3695	0.014
8453458.4295	0.015
8459620.9405	0.001
8465059.871	0.004
8471239.504	0.004
8476885.7595	0.011
8482557.572	0.012
8488515.1685	0.012
8494314.994	0.012
8500276.8815	0.018
8506150.503	0.01
8512618.7935	0.014
8518923.739	0.007
8524936.128	0.014
8530389.533	0.015
8536723.762	0.015
8542678.335	0.013
8549243.704	0.014
8555320.6645	0.018
8561274.2315	0.018
8567461.299	0.018
8572883.534	0.023
8578224.522	0.023
8583921.1085	0.023
8589465.499	0.022
8595064.2575	0.022
8601001.277	0.012
8606489.1885	0.034
8612312.9745	0.002
8618854.535	0.005
8623896.2355	0.034
8629715.211	0.028
8636092.01	0.034
8642700.6475	0.034
8648373.859	0.036
8654351.13	0.029
8661418.1965	0.039
8667909.371	0.027
8677670.816	0.036
8688703.9575	0.038
8695001.1995	0.034
8700370.7855	0.042
8705554.033	0.055
8711280.2725	0.05
8716348.964	0.045
8721563.2205	0.045
8727737.2265	0.05
8734102.9225	0.055
8739941.375	0.05
8745014.8865	0.055
8751426.2315	0.05
8757194.1075	0.055
8764849.4935	0.035
8770899.126	0.035
8776441.515	0.035
8782113.698	0.006
8788425.038	0.017
8795687.9265	0.017
8801797.952	0.024
8807825.5275	0.021
8814709.0375	0.012
8821793.231	0.014
8827977.4985	0.016
8833457.867	0.023
8840744.7195	0.017
8846793.09	0.042
8852206.3705	0.026
8857920.0935	0.031
8863455.1635	0.024
8869011.4625	0.011
8874587.8785	0.039
8879977.078	0.044
8885212.495	0.054
8891062.1645	0.027
8896552.82	0.031
8901579.911	0.03
8907062.257	0.031
8913823.4635	0.03
8919920.3735	0.029
8925751.6325	0.026
8931726.389	0.03
8937404.736	0.019
8943399.0535	0.03
8951158.0975	0.026
8960344.579	0.009
8969787.3445	0.023
8978858.6995	0.015
8988203.196	0.009
8993978.3825	0.023
9000732.1835	0.023
9007074.9025	0.023
9012334.8455	0.024
9017872.835	0.025
9024371.0365	0.01
9031493.426	0.018
9037023.646	0.024
9042969.597	0.015
9049435.5615	0.044
9055128.8835	0.045
9060245.1625	0.053
9065561.358	0.053
9071288.529	0.053
9077337.88	0.045
9082619.8395	0.049
9088232.621	0.04
9094529.194	0.039
9101455.5915	0.009
9107327.8365	0.018
9112573.5575	0.039
9118304.5845	0.023
9124396.421	0.052
9130208.868	0.059
9135634.0775	0.064
9143483.951	0.056
9152030.37	0.088
9157471.874	0.08
9163084.2885	0.111
9168600.7545	0.231
9173894.853	0.282
9179659.5405	0.312
9185272.7465	0.319
9190701.552	0.333
9196098.087	0.354
9201622.9295	0.468
9207091.811	0.233
9212360.0685	0.237
9218142.7155	0.21
9224090.3865	0.51
9229615.8525	0.235
9235266.4965	0.18
9243833.96	0.172
9253373.644	0.268
9258966.739	0.514
9264158.5455	0.591
9269485.7185	0.177
9275393.664	0.162
9280666.54	0.153
9287496.026	0.162
9295428.733	0.161
9303836.1035	0.166
9313528.9685	0.117
9319056.7095	0.103
9325477.703	0.118
9332603.907	0.066
9339349.085	0.096
9345195.268	0.082
9350165.159	0.094
9360311.099	0.064
9367512.7875	0.079
9373866.063	0.092
9379704.2425	0.029
9386157.217	0.012
9394318.5305	0.027
9403331.568	0.036
9410249.027	0.047
9415497.8435	0.058
9421079.22	0.057
9427116.8325	0.056
9433516.3785	0.031
9438966.2055	0.047
9444292.077	0.039
9449989.225	0.047
9455291.196	0.026
9461697.663	0.043
9467895.723	0.046
9474379.5995	0.037
9481436.2325	0.047
9488342.3535	0.038
9493810.5495	0.032
9499058.1345	0.019
9505284.137	0.02
9511747.8535	0.029
9517478.002	0.017
9523179.742	0.019
9529213.025	0.022
9534829.904	0.028
9540420.705	0.024
9547971.052	0.032
9558234.4555	0.031
9563585.267	0.022
9569234.6555	0.022
9574841.717	0.021
9580060.1035	0.018
9585442.1325	0.022
9590613.211	0.022
9595675.475	0.021
9600840.0645	0.013
9606053.591	0.018
9615002.8575	0.02
9621796.4455	0.011
9626959.97	0.018
9632184.702	0.021
9637250.316	0.021
9642375.1785	0.022
9649443.442	0.021
9655086.8315	0.021
9662533.323	0.021
9671476.884	0.016
9683580.6965	0.018
9690815.337	0.019
9697955.989	0.021
9703925.329	0.012
9710666.2065	0.013
9716553.316	0.029
9722223.576	0.04
9727521.7555	0.032
9732699.756	0.04
9738102.243	0.034
9743180.312	0.034
9749324.4965	0.038
9755345.277	0.03
9761315.2145	0.02
9767796.157	0.03
9773239.164	0.029
9778961.831	0.021
9784611.3155	0.025
9789820.5935	0.024
9797199.123	0.012
9803567.2735	0.012
9809449.259	0.012
9818471.3305	0.012
9833825.859	0.013
9841488.198	0.013
9848466.1115	0.012
9854279.1525	0.014
9862305.7495	0.013
9869843.3565	0.013
9875683.5265	0.01
9880718.375	0.012
9888062.54	0.006
9898776.5725	0.009
9905234.3555	0.009
9910598.546	0.009
9915918.4735	0.009
9921527.0255	0.009
9927142.077	0.009
9933592.3675	0.009
9940527.315	0.018
9946764.33	0.019
9952909.478	0.018
9958794.5995	0.019
9965234.0635	0.017
9971369.1305	0.025
9976662.133	0.017
9981908.026	0.009
9987535.705	0.018
9993645.2865	0.018
10000154.5375	0.021
10006295.7855	0.018
10012569.118	0.018
10018921.591	0.017
10024727.11	0.001
10030387.2245	0.008
10035845.9655	0.017
10043016.6785	0.017
10049284.3105	0.009
10055164.0985	0.009
10060679.524	0.008
10067340.545	0.009
10075726.2355	0.001
10081517.455	0.009
10086851.869	0.009
10092349.2955	0.009
10098453.304	0.009
10104303.3535	0.009
10109513.09	0.006
10114905.374	0.009
10120299.5495	0.008
10126081.012	0.008
10131782.2225	0.017
10138647.372	0.016
10144120.508	0.006
10150035.7125	0.017
10155494.6315	0.017
10160488.5945	0.017
10165791.747	0.017
10173039.18	0.015
10179180.7205	0.003
10184310.559	0.017
10189792.882	0.017
10195295.646	0.021
10201521.645	0.021
10206756.258	0.021
10211545.6665	0.021
10216900.227	0.009
10224073.2685	0.021
10230355.3855	0.021
10236119.853	0.013
10241793.758	0.017
10247324.7575	0.021
10252803.3715	0.023
10259786.7195	0.022
10266018.5605	0.013
10272294.537	0.014
10278687.612	0.022
10285083.223	0.024
10291958.158	0.01
10297974.397	0.01
10304197.7685	0.001
10311071.4245	0.011
10317432.8925	0.011
10322915.5805	0.006
10329418.5865	0.009
10335714.514	0.009
10342309.12	0.01
10348275.4285	0.01
10354957.8965	0.007
10361014.5675	0.006
10367150.8915	0.009
10374450.3235	0.009
10381469.7475	0.009
10387756.5015	0.009
10393653.884	0.009
10399107.5395	0.009
10406224.358	0.009
10412118.9085	0.009
10418075.5555	0.009
10423820.539	0.009
10429427.694	0.004
10435144.294	0.003
10441491.667	0.008
10447134.105	0.009
10453187.514	0.009
10459383.222	0.008
10465537.0225	0.009
10471942.6345	0.009
10478363.064	0.008
10484253.9335	0.008
10489979.7375	0.009
10495578.1935	0.009
10501520.047	0.009
10507369.3545	0.008
10512778.1405	0.008
10520119.398	0.007
10526506.4995	0.007
10538620.658	0.001
10544678.0395	0.007
10550231.645	0.007
10555314.527	0.007
10560634.0585	0.007
10565949.354	0.006
10571116.182	0.006
10576513.7475	0.007
10582041.7435	0.007
10587320.017	0.012
10593450.447	0.007
10601199.849	0.006
10606297.2865	0.008
10611793.8425	0.007
10617199.7415	0.007
10622524.873	0.007
10628707.4405	0.007
10637039.904	0.007
10642944.9975	0.007
10648964.4085	0.007
10654250.3365	0.007
10659607.314	0.007
10665200.7095	0.007
10672832.008	0.0
10682190.2965	0.005
10693624.2745	0.004
10701278.5085	0.007
10707835.4955	0.0
10716622.783	0.0
10722630.7085	0.007
10727995.486	0.006
10733632.9985	0.009
10739534.3955	0.006
10746329.2935	0.007
10752628.2245	0.007
10758508.7945	0.008
10763901.7975	0.007
10770738.804	0.008
10776057.537	0.008
10781348.266	0.006
10788070.7555	0.009
10794290.671	0.006
10800427.5825	0.009
10805921.3085	0.007
10811326.5435	0.007
10816727.3975	0.006
10822033.7755	0.002
10827736.491	0.006
10833993.883	0.008
10839312.188	0.009
10845461.3055	0.009
10850993.1295	0.008
10857149.5735	0.007
10863428.7145	0.009
10870280.8975	0.009
10877937.0125	0.007
10884737.0225	0.006
10890590.193	0.007
10896835.9285	0.007
10903092.7435	0.006
10908511.2995	0.006
10914214.4975	0.006
10920301.446	0.006
10925957.161	0.007
10931286.7845	0.007
10936900.275	0.004
10943264.8	0.004
10950102.7045	0.004
10955681.332	0.004
10961870.781	0.005
10967427.1515	0.007
10972900.228	0.005
10978724.3725	0.004
10984278.081	0.002
10992072.216	0.005
10998045.803	0.004
11006040.1345	0.004
11012413.3415	0.004
11018545.388	0.004
11025305.19	0.004
11032901.2205	0.004
11039315.8325	0.003
11045234.147	0.005
11051217.595	0.004
11057657.58	0.004
11069630.139	0.004
11075809.1865	0.005
11081176.9	0.014
11086765.599	0.005
11092863.48	0.006
11098215.6185	0.002
11104226.947	0.004
11110108.1845	0.005
11115798.347	0.0
11121488.858	0.0
11128592.758	0.001
11134345.612	0.0
11140079.797	0.0
11146193.3065	0.001
11152255.167	0.002
11163602.149	0.0
11170303.209	0.0
11177361.9225	0.001
11183720.777	0.0
11189292.994	0.002
11194807.041	0.001
11201829.0625	0.001
11208863.724	0.001
11217209.567	0.001
11224865.095	0.002
11229933.527	0.001
11234942.7675	0.002
11242165.599	0.001
11247743.031	0.001
11253893.8055	0.001
11261624.0705	0.003
11267228.223	0.001
11272808.2045	0.001
11278933.3715	0.001
11286272.0095	0.001
11291919.9365	0.001
11313459.8005	0.002
11326502.941	0.002
11331577.682	0.002
11336717.476	0.001
11342123.663	0.002
11347290.6465	0.002
11352465.5605	0.004
11357513.6255	0.012
11365091.881	0.003
11374506.635	0.002
11384579.631	0.002
11394499.4315	0.004
11402331.642	0.003
11407678.9215	0.003
11413602.1765	0.003
11420603.362	0.004
11427080.99	0.004
11433245.5735	0.002
11439507.5215	0.004
11445718.9305	0.003
11450954.1925	0.002
11456330.623	0.002
11461771.1355	0.003
11467649.403	0.003
11473105.0495	0.003
11478874.1775	0.003
11484640.6765	0.002
11489809.994	0.003
11495315.409	0.002
11502977.382	0.002
11510551.5325	0.002
11517641.01	0.002
11524535.9855	0.002
11534103.6415	0.004
11539746.8045	0.002
11545012.5895	0.005
11553570.649	0.004
11559159.264	0.003
11564926.124	0.004
11569834.377	0.002
11574862.489	0.004
11579861.95	0.003
11584971.8045	0.004
11590211.0705	0.004
11597935.493	0.002
11603697.261	0.003
11612622.4705	0.001
11632015.743	0.003
11638506.572	0.004
11646874.3325	0.004
11654379.402	0.003
11660093.177	0.004
11665291.7065	0.005
11670121.131	0.004
11674737.775	0.005
11679705.811	0.004
11685236.479	0.004
11692501.784	0.002
11702143.0895	0.004
11714233.1985	0.014
11721327.156	0.006
11726326.3105	0.008
11731359.2405	0.009
11736670.873	0.007
11741982.6125	0.003
11747941.5345	0.004
11754655.5615	0.003
11761784.2305	0.004
11767266.595	0.005
11772563.0935	0.005
11777873.461	0.005
11782731.9015	0.003
11787870.339	0.003
11792644.858	0.003
11797497.6675	0.004
11802458.587	0.004
11808720.3835	0.004
11815800.281	0.004
11824372.3985	0.004
11837133.2345	0.003
11845802.8725	0.002
11853131.1125	0.004
11858872.447	0.003
11864121.5965	0.001
11869527.0845	0.001
11875050.852	0.001
11880351.8085	0.001
11885403.4945	0.001
11890797.77	0.001
11895841.2435	0.001
11901083.6795	0.001
11906528.608	0.001
11912148.848	0.001
11917286.7995	0.001
11923428.0055	0.001
11928731.5105	0.001
11933990.055	0.001
11939127.3385	0.001
11944281.0855	0.001
11949756.1065	0.001
11957292.7645	0.003
11963223.3065	0.002
11968752.272	0.002
11974243.49	0.002
11980365.998	0.003
11986593.4655	0.002
11992149.2805	0.002
11997482.759	0.002
12003210.3735	0.002
12009034.1425	0.003
12014630.7915	0.002
12020414.3865	0.001
12025737.839	0.001
12030873.939	0.001
12035974.342	0.002
12041070.477	0.002
12046308.622	0.002
12051682.053	0.002
12057440.835	0.002
12063709.8225	0.003
12070081.0	0.002
12075638.553	0.003
12081983.34	0.003
12088003.7055	0.002
12094822.034	0.001
12102085.43	0.002
12109674.5325	0.002
12115280.676	0.004
12122270.142	0.004
12130161.5775	0.004
12137934.4885	0.002
12143389.329	0.004
12149177.3135	0.002
12154575.226	0.002
12160220.665	0.002
12165445.393	0.002
12172401.5175	0.003
12183711.501	0.002
12189662.77	0.002
12196318.554	0.001
12202541.3865	0.004
12208436.1385	0.001
12214567.902	0.001
12220221.3905	0.002
12225720.2545	0.001
12232734.285	0.001
12237886.329	0.002
12242891.609	0.002
12247972.901	0.003
12255317.65	0.003
12264669.9315	0.004
12270390.862	0.003
12275816.171	0.003
12280872.941	0.002
12286555.347	0.0
12292164.984	0.001
12297737.26	0.002
12303773.256	0.001
12313351.3	0.003
12320715.8165	0.002
12327416.1515	0.001
12335161.4335	0.002
12340647.6035	0.003
12346570.2405	0.003
12352602.659	0.002
12357994.959	0.004
12363429.6545	0.003
12368967.172	0.002
12375646.6345	0.003
12381803.2035	0.004
12387577.759	0.002
12393809.243	0.003
12399318.276	0.002
12404611.5065	0.003
12410038.267	0.004
12415406.7005	0.003
12421062.8855	0.004
12426713.3345	0.003
12432027.1265	0.001
12437772.672	0.005
12442761.8985	0.004
12448215.5765	0.005
12454369.769	0.005
12460115.011	0.005
12466250.264	0.003
12471424.0575	0.003
12477148.0755	0.004
12482056.2175	0.004
12487185.8125	0.005
12492650.0715	0.004
12497846.5865	0.003
12504544.8005	0.003
12509928.2235	0.001
12515098.1975	0.002
12520701.3415	0.002
12526012.581	0.002
12530849.1765	0.002
12535844.773	0.003
12540938.168	0.001
12546319.598	0.002
12552183.349	0.004
12558386.007	0.004
12564133.0845	0.002
12569521.6385	0.002
12574626.444	0.003
12580083.687	0.002
12587204.6165	0.002
12592640.695	0.002
12597367.4585	0.002
12607191.4815	0.002
12612721.624	0.002
12617624.955	0.002
12622963.36	0.002
12628639.4885	0.003
12648566.4665	0.002
12670443.054	0.001
12675964.508	0.002
12684334.579	0.002
12690073.7605	0.001
12695456.395	0.003
12700820.2095	0.001
12710001.693	0.002
12730011.642	0.001
12736551.1755	0.001
12742804.465	0.001
12748242.1845	0.001
12755094.551	0.001
12762497.097	0.001
12769332.15	0.001
12774357.78	0.001
12779313.275	0.001
12784808.2125	0.011
12794636.462	0.0
12806461.2175	0.022
12814574.5055	0.016
12819662.985	0.006
12825015.0095	0.002
12833888.877	0.001
12848312.7115	0.001
12853491.231	0.002
12858800.766	0.001
12863766.8285	0.001
12869550.745	0.0
12878038.5045	0.001
12885014.9635	0.001
12890854.531	0.001
12897230.2335	0.001
12902733.8225	0.001
12910721.4405	0.001
12918501.2675	0.001
12924178.488	0.001
12929236.4185	0.003
12938354.9695	0.002
12949646.567	0.001
12956160.815	0.003
12961883.073	0.002
12968212.2345	0.005
12973968.3555	0.003
12979243.017	0.003
12984903.881	0.001
12993649.009	0.0
12999162.3565	0.001
13005062.382	0.001
13010731.1055	0.001
13016014.3535	0.001
13022120.317	0.001
13028096.6495	0.001
13035231.569	0.001
13040772.3635	0.001
13046215.586	0.001
13051260.5305	0.001
13057193.1525	0.002
13062634.52	0.001
13068605.181	0.0
13079870.0435	0.001
13086505.711	0.002
13092300.7005	0.001
13097316.892	0.001
13102963.9985	0.001
13108190.679	0.001
13113245.501	0.001
13118351.0765	0.0
13123492.362	0.001
13128885.584	0.0
13134476.17	0.0
13140096.5055	0.0
13146398.745	0.0
13151918.4155	0.0
13157014.2695	0.001
13162963.291	0.001
13170142.0815	0.001
13176317.053	0.001
13181932.383	0.001
13187540.608	0.001
13193027.1465	0.001
13198822.268	0.001
13204563.8095	0.002
13209639.8805	0.0
13215430.512	0.0
13221025.0995	0.001
13227011.794	0.002
13235065.429	0.001
13243992.978	0.001
13249072.0405	0.002
13254438.99	0.002
13260560.123	0.002
13267395.447	0.002
13274116.3355	0.001
13282518.6805	0.001
13287744.942	0.002
13293258.521	0.002
13298929.9045	0.001
13304727.932	0.002
13309994.0505	0.002
13314883.478	0.002
13320093.02	0.003
13326464.011	0.002
13331914.846	0.002
13338281.0295	0.002
13344707.082	0.003
13350553.5075	0.002
13356390.152	0.003
13363267.198	0.003
13368548.0995	0.003
13374133.818	0.001
13379438.4225	0.002
13384763.028	0.003
13390378.7785	0.003
13396100.805	0.003
13401005.3345	0.003
13406052.711	0.002
13412725.551	0.003
13418415.429	0.002
13423826.1925	0.005
13431368.131	0.002
13438220.4585	0.004
13458605.517	0.0
13467107.03	0.0
13477070.582	0.001
13489405.9685	0.003
13496557.3385	0.003
13501744.5505	0.003
13506626.238	0.003
13511931.2675	0.002
13517094.8905	0.003
13525253.5195	0.003
13532976.2205	0.003
13538403.432	0.004
13543906.285	0.003
13549740.166	0.003
13555127.788	0.003
13560629.937	0.003
13566478.679	0.002
13571910.291	0.002
13577258.394	0.003
13582413.568	0.005
13587705.423	0.004
13592979.9215	0.004
13598565.064	0.006
13604569.453	0.002
13610000.2145	0.003
13615093.208	0.003
13620378.375	0.003
13625516.8105	0.006
13631423.1585	0.003
13636489.1005	0.003
13641922.679	0.003
13647335.8025	0.002
13652439.959	0.003
13657830.8685	0.003
13663387.152	0.003
13668438.977	0.004
13673314.726	0.004
13679912.1745	0.002
13686248.8825	0.004
13692557.4495	0.005
13698301.8635	0.004
13703757.915	0.004
13709797.2855	0.005
13714752.283	0.005
13719770.886	0.006
13724827.6525	0.005
13730002.886	0.005
13735380.5705	0.006
13742301.199	0.004
13747478.6085	0.005
13752337.7885	0.005
13757244.6855	0.003
13762185.6455	0.006
13768264.554	0.004
13777708.01	0.001
13787517.96	0.005
13793337.701	0.006
13798556.723	0.004
13804264.649	0.005
13810437.8495	0.01
13815944.2005	0.025
13821446.719	0.009
13829746.3495	0.012
13836342.7095	0.013
13841288.421	0.013
13846527.277	0.013
13851929.9825	0.013
13857815.8675	0.015
13864042.3515	0.008
13869260.3065	0.015
13874615.3425	0.016
13879860.245	0.016
13885650.975	0.012
13890760.4985	0.014
13896075.494	0.014
13902492.1295	0.01
13908664.5915	0.008
13914446.818	0.013
13920205.1655	0.013
13925557.1745	0.007
13931338.4165	0.013
13942902.259	0.009
13955150.1195	0.013
13960929.699	0.013
13966263.9825	0.014
13971516.9785	0.014
13976676.6935	0.013
13981585.972	0.012
13986823.878	0.013
13992039.399	0.013
13997100.253	0.015
14002569.316	0.013
14008134.048	0.015
14014120.7125	0.013
14019229.6575	0.014
14024332.7215	0.015
14029439.937	0.014
14034843.9375	0.014
14039923.023	0.017
14045343.347	0.012
14051368.007	0.015
14056850.0645	0.014
14063837.002	0.011
14070133.9655	0.008
14076139.465	0.016
14083119.644	0.019
14088219.6715	0.019
14093401.5005	0.019
14099134.076	0.014
14105207.0365	0.019
14111083.9475	0.016
14116367.3175	0.021
14122689.581	0.021
14128326.9775	0.022
14133486.535	0.018
14138588.535	0.024
14144326.9485	0.03
14150672.3095	0.029
14156003.47	0.024
14161558.3285	0.025
14166873.6665	0.037
14171903.861	0.03
14177156.785	0.038
14182586.199	0.038
14187440.0255	0.039
14192526.133	0.039
14197488.05	0.034
14202490.3605	0.038
14207691.8215	0.033
14212858.8945	0.039
14217755.316	0.038
14226173.0685	0.034
14234310.974	0.035
14240888.9105	0.039
14246729.6475	0.039
14252874.571	0.038
14259877.5575	0.033
14266186.3975	0.037
14274164.611	0.041
14279861.6945	0.029
14285811.108	0.037
14291148.4965	0.041
14297736.727	0.038
14302708.108	0.252
14309396.434	0.031
14319262.3525	0.04
14325515.485	0.04
14331682.3575	0.04
14336788.5895	0.039
14343131.0825	0.039
14349113.3175	0.014
14354792.0745	0.043
14364201.732	0.042
14370095.543	0.041
14375107.9985	0.041
14380203.902	0.038
14385335.0195	0.042
14390818.1875	0.042
14395997.694	0.034
14401556.541	0.009
14406957.78	0.044
14412304.867	0.042
14421006.566	0.049
14427060.576	0.049
14432670.424	0.041
14437987.905	0.051
14443988.874	0.05
14451636.3995	0.05
14457225.9495	0.048
14462383.8355	0.083
14467496.9255	0.076
14472331.7215	0.048
14477227.8585	0.052
14482437.3955	0.051
14487607.628	0.05
14493319.5965	0.049
14498194.392	0.052
14503234.0035	0.052
14508607.877	0.049
14513720.623	0.05
14518486.2955	0.05
14523422.936	0.049
14528990.2475	0.049
14534262.534	0.059
14539693.114	0.065
14544667.946	0.062
14559647.197	0.064
14567912.791	0.068
14573109.822	0.065
14578273.7355	0.07
14583498.9115	0.032
14590002.2775	0.036
14595506.926	0.063
14600791.84	0.065
14605749.6705	0.054
14612556.0755	0.056
14617778.809	0.059
14623429.344	0.066
14629047.628	0.045
14634545.6495	0.066
14639888.1885	0.028
14645081.052	0.06
14650808.758	0.074
14657095.9205	0.063
14662764.968	0.026
14667972.9135	0.077
14673617.8445	0.069
14678956.612	0.079
14684283.5585	0.077
14689786.124	0.077
14694647.966	0.08
14699944.331	0.076
14705576.084	0.093
14710473.31	0.077
14715843.456	0.093
14723189.887	0.047
14728417.2395	0.091
14733362.6085	0.092
14738191.281	0.092
14743865.642	0.089
14750719.583	0.093
14756325.534	0.094
14761558.667	0.095
14766572.2165	0.09
14771603.024	0.092
14777032.0975	0.104
14783094.9415	0.099
14789597.983	0.102
14795023.2235	0.104
14800762.5035	0.104
14806021.3245	0.05
14810999.779	0.124
14817374.0825	0.115
14823108.2835	0.116
14828256.963	0.059
14833897.832	0.047
14839785.417	0.136
14849375.4985	0.076
14858424.134	0.126
14866671.1965	0.136
14874533.9675	0.115
14881555.422	0.139
14887627.001	0.122
14893185.2255	0.137
14898441.0775	0.149
14907177.6425	0.158
14916918.8815	0.159
14922886.328	0.163
14929035.591	0.164
14935122.546	0.166
14940375.9285	0.178
14945818.025	0.182
14951617.3345	0.183
14957582.668	0.171
14967449.998	0.03
14982354.903	0.069
15009840.1315	0.014
15031233.9735	0.048
15070189.4995	0.027
15097269.908	0.168
15107088.1715	0.098
15119897.088	0.209
15125729.95	0.171
15132179.019	0.224
15138466.684	0.235
15148666.279	0.046
15156310.815	0.059
15161625.7145	0.085
15170869.5225	0.038
15180905.343	0.105
15186391.508	0.236
15192013.8665	0.255
15197737.759	0.255
15202869.4885	0.252
15210062.2245	0.247
15219005.239	0.007
15231306.693	0.004
15239498.863	0.315
15245199.6255	0.094
15250376.612	0.255
15255486.256	0.187
15260594.8005	0.238
15265918.087	0.242
15271033.8445	0.235
15275968.9155	0.243
15280960.8175	0.227
15286270.3265	0.24
15291331.58	0.258
15296226.192	0.262
15301760.26	0.265
15306931.387	0.267
15312082.909	0.122
15317217.5055	0.268
15325891.538	0.252
15332890.7405	0.261
15338472.4765	0.227
15344418.666	0.238
15351849.12	0.223
15358573.903	0.238
15364283.9895	0.236
15372005.927	0.235
15381099.741	0.223
15386967.989	0.235
15395317.783	0.238
15409464.8285	0.227
15415961.581	0.234
15421098.965	0.216
15431466.4925	0.231
15442356.893	0.231
15448863.9205	0.226
15454759.2005	0.075
15462499.098	0.194
15468581.1695	0.205
15474232.766	0.232
15479854.801	0.232
15485381.553	0.253
15490997.0025	0.246
15496469.9015	0.234
15501802.6035	0.231
15507209.977	0.232
15512863.767	0.226
15518063.4805	0.232
15523356.521	0.172
15528872.9695	0.167
15534637.398	0.228
15540107.7365	0.232
15545338.764	0.091
15551675.8775	0.224
15558692.527	0.185
15564294.8325	0.228
15569663.372	0.234
15574704.187	0.224
15580226.763	0.155
15591973.6775	0.232
15597488.773	0.222
15602626.9015	0.201
15607983.802	0.212
15612867.673	0.22
15617862.531	0.218
15622940.7355	0.217
15628165.8265	0.097
15634203.645	0.145
15639261.1045	0.178
15644273.8035	0.176
15649668.6705	0.211
15655567.09	0.217
15661109.49	0.213
15667252.7585	0.201
15672396.949	0.178
15677416.822	0.199
15682377.8695	0.204
15687593.6255	0.207
15692892.9965	0.157
15698414.102	0.164
15704275.745	0.148
15712052.535	0.065
15721680.661	0.153
15729193.98	0.165
15744775.785	0.099
15751397.7175	0.16
15756999.1245	0.154
15762801.666	0.166
15767978.4085	0.156
15772977.5555	0.118
15778011.924	0.088
15783457.4275	0.095
15789225.29	0.092
15794152.1455	0.092
15799127.227	0.091
15803930.611	0.074
15808891.1115	0.092
15813909.907	0.089
15818908.3445	0.078
15823919.0555	0.081
15829246.4965	0.079
15836080.287	0.073
15841099.7525	0.08
15846206.8835	0.081
15851475.4365	0.082
15858428.1555	0.077
15864825.6655	0.08
15872486.42	0.081
15878955.3535	0.075
15884584.7165	0.075
15889775.214	0.055
15895016.7835	0.075
15899865.008	0.073
15904818.0655	0.043
15909777.05	0.075
15914883.7435	0.075
15923034.9015	0.061
15927986.319	0.061
15933272.837	0.075
15938262.3165	0.071
15943845.206	0.073
15948857.086	0.074
15954216.3275	0.071
15960224.4425	0.073
15966170.778	0.038
15971593.2155	0.071
15976422.3145	0.073
15981465.845	0.043
15986789.2045	0.082
15991986.6565	0.079
15997040.841	0.082
16003159.5015	0.073
16008060.4745	0.078
16013279.301	0.065
16018303.9145	0.066
16023765.803	0.07
16029380.694	0.062
16034840.193	0.065
16040289.66	0.056
16045342.8755	0.063
16050280.037	0.054
16055272.2295	0.052
16060441.821	0.056
16065497.5715	0.052
16070533.4595	0.052
16075315.9275	0.056
16084576.797	0.045
16094673.209	0.044
16102982.1045	0.062
16108764.0985	0.029
16115558.8775	0.057
16121023.8685	0.05
16126272.953	0.052
16131227.1515	0.051
16136248.904	0.059
16141156.7595	0.056
16147097.8785	0.048
16158243.954	0.048
16168026.9445	0.052
16174006.6195	0.047
16179147.4925	0.041
16184365.811	0.051
16189985.124	0.035
16195487.2745	0.047
16201346.3585	0.048
16206976.575	0.031
16212225.1315	0.046
16217650.4105	0.04
16222802.262	0.041
16228145.067	0.038
16233713.9505	0.037
16239158.2665	0.035
16244835.417	0.04
16250609.722	0.034
16256413.5055	0.018
16261775.813	0.036
16268982.797	0.028
16276880.085	0.032
16281809.3355	0.038
16286938.656	0.033
16291844.472	0.03
16296839.9645	0.029
16301770.1485	0.033
16306770.3505	0.044
16311840.6515	0.033
16318736.389	0.031
16324156.255	0.032
16329026.1585	0.034
16334473.91	0.033
16339514.3475	0.026
16344428.18	0.024
16349443.584	0.032
16354298.218	0.033
16359151.9165	0.029
16364641.9755	0.032
16369660.698	0.033
16374619.381	0.03
16379638.118	0.037
16384806.7675	0.028
16390227.3575	0.037
16395187.912	0.035
16400237.804	0.038
16405319.2335	0.052
16410567.93	0.039
16416577.5985	0.051
16421448.0505	0.033
16426315.7235	0.036
16431175.8725	0.032
16436314.848	0.03
16441286.972	0.031
16446098.7045	0.031
16451277.493	0.032
16457267.0995	0.025
16465785.2575	0.03
16470897.987	0.032
16475907.9175	0.032
16481019.523	0.032
16485709.342	0.024
16490476.712	0.024
16495450.736	0.005
16500708.5685	0.022
16505703.242	0.028
16510460.584	0.025
16515199.5735	0.026
16520228.415	0.025
16525162.1375	0.019
16530262.235	0.026
16535252.508	0.019
16541451.7855	0.025
16546636.773	0.022
16551890.237	0.022
16557877.675	0.024
16563029.1155	0.022
16568446.6935	0.022
16573530.917	0.023
16578724.5075	0.024
16583860.6415	0.029
16589061.514	0.022
16594149.614	0.021
16599053.1515	0.023
16603931.0095	0.022
16608748.726	0.024
16613766.542	0.021
16618858.632	0.024
16623945.439	0.022
16628789.9735	0.021
16633668.1635	0.021
16639015.2735	0.019
16644127.6605	0.02
16649068.5895	0.02
16653935.844	0.024
16658999.3115	0.015
16664122.316	0.024
16669132.257	0.026
16674198.808	0.021
16679031.7585	0.021
16683964.3915	0.031
16689768.7955	0.024
16697070.6475	0.021
16706735.285	0.031
16713725.462	0.021
16723999.69	0.02
16731719.874	0.026
16738405.27	0.017
16745889.427	0.021
16751513.1725	0.02
16756790.8565	0.018
16761693.2685	0.015
16769219.6785	0.017
16775309.518	0.02
16780485.12	0.02
16785762.284	0.014
16790813.306	0.014
16797204.204	0.013
16803050.9305	0.016
16808022.0475	0.019
16813001.0275	0.014
16817988.4855	0.018
16822989.694	0.014
16827939.173	0.016
16833123.9	0.012
16838472.419	0.014
16843502.2035	0.014
16849334.31	0.004
16854520.1315	0.009
16859832.337	0.008
16864833.865	0.01
16869786.3995	0.014
16874951.469	0.009
16879994.861	0.009
16885036.3035	0.008
16890198.5905	0.006
16895411.593	0.005
16901121.908	0.008
16906149.991	0.011
16911239.4225	0.008
16916500.0345	0.009
16921664.0315	0.01
16926955.917	0.009
16932900.824	0.009
16939693.9535	0.009
16955158.186	0.008
16961914.417	0.01
16967192.112	0.011
16972611.4715	0.008
16977923.199	0.009
16984875.726	0.006
16992207.493	0.003
16997303.781	0.005
17003049.9755	0.006
17011795.8655	0.006
17016865.1475	0.006
17022120.131	0.006
17027653.7945	0.006
17033025.1235	0.007
17038598.0815	0.007
17046716.9235	0.006
17054070.731	0.008
17059660.413	0.007
17065393.8735	0.007
17070304.667	0.006
17075720.6145	0.009
17083654.1185	0.006
17089592.407	0.006
17094784.226	0.006
17100396.224	0.009
17105712.761	0.036
17113919.224	0.028
17124264.272	0.006
17131131.119	0.007
17143494.876	0.008
17153068.5745	0.014
17167774.3705	0.024
17173769.791	0.005
17178878.6935	0.006
17184292.0175	0.008
17190279.241	0.004
17195760.2985	0.005
17200686.3875	0.004
17206054.469	0.017
17214461.5055	0.006
17220127.56	0.011
17225974.1575	0.008
17231837.419	0.016
17236981.6645	0.008
17243295.5905	0.004
17249766.624	0.003
17257635.411	0.004
17262852.4415	0.005
17269346.1775	0.003
17305146.7365	0.001
17331540.883	0.001
17352651.6565	0.008
17358238.185	0.003
17368837.4985	0.002
17374041.605	0.016
17379366.025	0.012
17384721.7645	0.009
17390680.491	0.01
17395906.6995	0.023
17403360.651	0.038
17414252.6325	0.035
17419567.4455	0.074
17427696.339	0.003
17437905.5855	0.005
17445594.291	0.055
17450810.0	0.027
17456195.582	0.02
17462420.2935	0.009
17467744.9115	0.011
17473204.145	0.006
17479407.1305	0.005
17484787.3165	0.004
17491060.621	0.004
17496768.617	0.002
17504424.629	0.003
17510934.525	0.002
17516225.3225	0.002
17521354.1555	0.002
17526406.024	0.003
17531437.3775	0.004
17536442.5705	0.005
17542959.9025	0.003
17552118.504	0.003
17557596.7045	0.003
17563478.076	0.005
17569409.289	0.004
17575044.8575	0.003
17580397.733	0.004
17585482.432	0.004
17591697.283	0.004
17600539.787	0.005
17606089.8025	0.007
17611353.426	0.016
17616681.2865	0.005
17621925.454	0.004
17627022.983	0.005
17631972.517	0.003
17636954.425	0.004
17642248.462	0.006
17649106.004	0.006
17655092.559	0.006
17665123.626	0.075
17673953.795	0.014
17679441.9465	0.012
17686744.7465	0.006
17692654.3405	0.005
17698723.171	0.008
17704736.11	0.004
17710314.5235	0.004
17721481.3515	0.005
17727169.1355	0.005
17732569.6605	0.008
17737815.4635	0.008
17744774.038	0.013
17749881.945	0.005
17755486.5195	0.005
17762036.325	0.006
17767307.2855	0.005
17773239.5625	0.01
17778693.9565	0.009
17784111.395	0.004
17789141.2065	0.015
17794504.711	0.01
17801389.1055	0.0
17806931.807	0.006
17811995.6855	0.005
17816950.0955	0.009
17821788.92	0.013
17826950.7015	0.018
17834013.891	0.007
17840592.7755	0.024
17845767.95	0.015
17851100.644	0.007
17857513.592	0.008
17863959.9575	0.004
17869452.291	0.007
17874687.226	0.005
17880440.979	0.012
17886891.5785	0.01
17892493.834	0.007
17897885.5095	0.01
17904177.1745	0.008
17909657.8495	0.007
17916149.321	0.003
17921399.835	0.009
17926586.775	0.006
17931899.0505	0.006
17937233.1565	0.01
17942645.155	0.007
17947630.934	0.008
17952681.053	0.006
17957555.215	0.006
17963161.35	0.009
17968635.1615	0.007
17974258.381	0.018
17979631.872	0.01
17985461.153	0.016
17991579.189	0.01
17998204.639	0.012
18003547.4025	0.019
18008770.021	0.006
18014335.334	0.007
18020027.761	0.004
18026421.8405	0.006
18032333.078	0.01
18038998.99	0.005
18044562.288	0.009
18053282.7775	0.016
18060740.228	0.009
18067906.764	0.01
18073649.6215	0.009
18080063.7775	0.011
18086061.7395	0.012
18091235.28	0.027
18096544.3815	0.062
18101602.298	0.039
18106850.1425	0.035
18111882.305	0.023
18117270.514	0.028
18125520.9295	0.045
18136829.592	0.033
18141942.9665	0.015
18147040.4395	0.029
18152599.464	0.017
18157800.6335	0.006
18163903.074	0.008
18169528.8215	0.006
18174388.5735	0.011
18179886.6765	0.008
18185288.272	0.008
18190432.728	0.008
18195485.34	0.009
18200534.1305	0.008
18205716.729	0.004
18210854.802	0.011
18216072.0395	0.013
18221060.6095	0.006
18226281.2025	0.004
18231607.392	0.007
18237373.1855	0.007
18242651.515	0.008
18247650.958	0.006
18252855.2505	0.006
18258415.8345	0.009
18263627.1215	0.008
18277679.0045	0.006
18289131.1745	0.018
18294767.5815	0.033
18302464.0095	0.01
18317322.3895	0.008
18324378.092	0.023
18331859.608	0.006
18339763.628	0.031
18346542.445	0.007
18352683.519	0.005
18358215.111	0.003
18363664.7755	0.003
18368873.4745	0.01
18374314.035	0.006
18380113.47	0.012
18386626.321	0.013
18394525.116	0.004
18400441.456	0.005
18406162.993	0.009
18411972.075	0.009
18417865.4755	0.015
18423378.277	0.016
18428920.27	0.022
18434838.5975	0.008
18440466.1215	0.014
18446373.3825	0.005
18451579.632	0.014
18456542.617	0.004
18461590.607	0.008
18466776.9485	0.004
18471875.919	0.01
18477039.038	0.007
18482428.5485	0.004
18487859.3215	0.008
18493250.673	0.005
18498723.6105	0.004
18504210.882	0.004
18509444.5985	0.002
18515083.331	0.0
18520559.938	0.004
18526170.738	0.004
18531508.4535	0.011
18536756.7105	0.006
18542014.059	0.003
18547388.2355	0.004
18553269.919	0.006
18559024.0905	0.009
18565120.756	0.003
18571764.3775	0.002
18578664.2375	0.002
18584463.017	0.003
18589659.427	0.002
18595002.0465	0.003
18600252.901	0.003
18605525.124	0.003
18610605.8205	0.004
18615973.782	0.002
18621474.273	0.006
18627395.7775	0.008
18632568.3265	0.003
18638037.739	0.003
18643862.577	0.005
18649693.4775	0.004
18655016.7545	0.006
18660865.611	0.009
18666758.6305	0.003
18672004.585	0.005
18677299.588	0.006
18683053.839	0.003
18689990.5065	0.004
18699764.095	0.007
18707454.5805	0.009
18712915.597	0.007
18718750.984	0.012
18727878.8455	0.043
18735678.805	0.014
18741382.753	0.012
18747613.511	0.016
18753517.017	0.009
18759245.104	0.013
18765168.4895	0.011
18771228.9965	0.017
18777421.0	0.008
18783608.4555	0.004
18795485.5845	0.012
18810271.513	0.041
18822977.5635	0.008
18828792.649	0.017
18834150.386	0.019
18839766.204	0.015
18845444.049	0.027
18850948.9375	0.015
18856316.6895	0.009
18861721.3355	0.009
18867107.0075	0.013
18872442.811	0.009
18877909.4475	0.016
18883190.667	0.013
18888483.407	0.011
18894410.9595	0.023
18900293.338	0.022
18905738.4015	0.011
18911278.978	0.018
18917128.416	0.012
18923001.5875	0.012
18928567.4995	0.014
18933967.6605	0.023
18939447.134	0.029
18945190.833	0.022
18950664.562	0.018
18970508.3235	0.009
18981411.316	0.013
18992584.7065	0.019
19001549.453	0.006
19008509.4295	0.009
19018530.399	0.004
19034397.686	0.013
19040325.3345	0.004
19051204.45	0.014
19057295.7825	0.012
19062535.973	0.004
19068083.203	0.007
19073501.4585	0.008
19078800.1445	0.01
19084162.669	0.008
19089561.6745	0.009
19095128.531	0.02
19100566.655	0.02
19106221.8735	0.024
19112199.0665	0.007
19117691.5535	0.011
19122942.296	0.008
19128398.5395	0.008
19133672.2065	0.019
19138997.948	0.019
19144688.9905	0.013
19150305.404	0.013
19155703.248	0.016
19161042.312	0.014
19166471.221	0.019
19172990.579	0.016
19179728.3475	0.011
19185478.075	0.013
19191166.4945	0.01
19197008.7915	0.007
19202804.589	0.006
19208691.999	0.009
19214202.242	0.011
19219944.977	0.007
19225466.1805	0.017
19231778.7315	0.01
19238744.114	0.002
19244286.9275	0.005
19249443.866	0.007
19254649.1605	0.01
19260081.993	0.011
19265492.7025	0.016
19270740.87	0.007
19276083.7355	0.005
19282456.69	0.018
19288912.8425	0.007
19295688.4505	0.003
19301205.7375	0.006
19307183.447	0.014
19313072.779	0.021
19318817.895	0.015
19325683.563	0.017
19331463.568	0.011
19337044.848	0.021
19342889.5845	0.014
19348867.617	0.015
19354405.672	0.01
19360531.8185	0.008
19366703.464	0.01
19372197.0115	0.014
19377775.1425	0.019
19383519.2195	0.01
19389221.912	0.026
19394775.7425	0.012
19400947.2085	0.012
19406332.488	0.015
19411828.87	0.009
19417586.423	0.009
19423022.643	0.015
19428356.3075	0.014
19433709.873	0.017
19439142.9035	0.012
19444705.2455	0.006
19450282.3025	0.008
19455952.7065	0.025
19461542.458	0.02
19467087.063	0.019
19475256.7555	0.018
19485966.956	0.006
19497228.6125	0.038
19504044.803	0.028
19509853.543	0.01
19515698.8795	0.007
19522034.6405	0.008
19527682.77	0.01
19533609.8615	0.008
19539430.735	0.014
19545150.1895	0.04
19550945.6735	0.009
19557397.4125	0.011
19563526.6705	0.015
19569245.619	0.015
19575003.5375	0.059
19583969.9205	0.187
19600949.673	0.032
19607571.3545	0.037
19613671.555	0.068
19620041.676	0.036
19626491.1475	0.058
19632547.7525	0.026
19638713.017	0.029
19644771.3245	0.013
19650817.647	0.024
19656891.7585	0.023
19662924.024	0.022
19669019.05	0.031
19675337.205	0.017
19688893.089	0.01
19700796.61	0.021
19709016.898	0.02
19715664.9575	0.024
19721262.0935	0.021
19726789.5065	0.04
19732940.613	0.029
19739884.6445	0.041
19762978.256	0.034
19771291.432	0.036
19778261.892	0.043
19786765.293	0.033
19795027.2125	0.022
19802691.2085	0.033
19810891.1265	0.055
19817516.402	0.09
19825107.573	0.04
19831782.547	0.049
19838241.707	0.108
19844849.8585	0.054
19851270.248	0.034
19857888.7855	0.026
19865888.8785	0.038
19872424.629	0.041
19878897.573	0.053
19885754.966	0.032
19899485.3345	0.006
19912429.803	0.034
19923537.881	0.091
19930998.8645	0.241
19947197.353	0.091
19968158.884	0.069
19974677.0155	0.268
19981273.3075	0.185
19988010.292	0.128
19995847.963	0.105
20007910.712	0.273
20015104.7685	0.101
20023183.6895	0.021
20048750.4975	0.138
20068888.47	0.007
20080669.2455	0.003
20102139.685	0.158
20112489.634	0.02
20125343.1205	0.105
20132834.637	0.494
20139885.2465	0.039
20146736.152	0.152
20155078.4325	0.118
20169121.283	0.025
20186516.4215	0.03
20214604.3925	0.022
20256099.235	0.073
20315404.093	0.012
20356052.153	0.034
20385001.723	0.166
20394554.509	0.068
20408479.184	0.053
20426714.4595	0.102
20451700.867	0.01
20479287.8595	0.017
20489882.8875	0.217
20512384.9795	0.029
20565397.373	0.023
20588516.71	0.055
20603881.682	0.049
20635452.887	0.019
20648445.8895	0.007
20664655.391	0.024
20690471.8045	0.063
20711623.2215	0.086
20720951.087	0.021
20735767.3985	0.011
20748551.6725	0.012
20765570.924	0.032
20803962.0205	0.006
20885538.2635	0.011
20910846.0	0.032
20945098.357	0.076
20972816.852	0.032
20990802.4405	0.028
21005738.368	0.059
21020062.014	0.072
21031966.6595	0.093
21045187.6295	0.083
21063452.2975	0.046
21079507.5385	0.058
21102120.8435	0.247
21136506.2815	0.081
21160293.3625	0.203
21179007.1325	0.051
21219308.793	0.013
21250575.973	0.016
21275877.4555	0.021
21309379.6425	0.034
21321309.212	0.029
21330243.265	0.058
21337876.601	0.137
21344720.026	0.161
21351283.6895	0.266
21369264.5775	0.106
21410683.85	0.096
21420966.2405	0.035
21443419.067	0.093
21454985.7745	0.032
21506432.4765	0.022
21523650.436	0.048
21533440.728	0.116
21547348.2455	0.099
21573734.698	0.092
21581057.043	0.05
21598741.2325	0.029
21617094.7725	0.067
21627378.644	0.003
21637522.5805	0.071
21651540.3845	0.042
21669406.4825	0.047
21695161.516	0.046
21715057.839	0.027
21727289.1765	0.003
21753315.761	0.052
21786678.4615	0.028
21819982.798	0.043
21831543.958	0.094
21847038.3345	0.024
21889261.4655	0.004
21906108.572	0.013
21943700.1435	0.002
21970799.5555	0.002
22007954.8195	0.005
22043444.343	0.008
22069602.363	0.009
22089714.745	0.008
22100999.608	0.105
22110234.309	0.044
22119893.821	0.038
22132704.4635	0.056
22147879.3935	0.064
22158869.197	0.037
22167334.6785	0.069
22182097.267	0.132
22192894.453	0.015
22205942.0905	0.041
22222395.291	0.08
22235440.2085	0.155
22248845.563	0.089
22282217.168	0.009
22297729.307	0.206
22324883.2795	0.148
22338776.768	0.025
22372452.6935	0.05
22396679.257	0.033
22421605.1875	0.056
22434277.4775	0.091
22445933.7965	0.029
22454940.0755	0.204
22461867.2285	0.144
22476757.653	0.053
22499697.7835	0.1
22508248.265	0.046
22517737.547	0.023
22535993.805	0.053
22545099.4525	0.332
22568236.2325	0.154
22601117.8465	0.019
22639027.109	0.012
22729622.298	0.01
22753032.9075	0.067
22764564.88	0.101
22774259.4205	0.097
22781516.4445	0.104
22791498.1395	0.067
22800760.17	0.072
22810812.4745	0.024
22819195.9425	0.044
22832283.9195	0.013
22857596.748	0.011
22890129.1505	0.003
22940450.3415	0.217
22951852.2995	0.224
22986015.5995	0.012
22995827.881	0.01
23010121.0965	0.014
23036684.454	0.063
23072686.7355	0.038
23099656.6555	0.012
23174964.9425	0.048
23221750.0715	0.034
23229788.36	0.003
23255628.8095	0.025
23271260.502	0.053
23285028.6765	0.047
23302711.671	0.094
23323826.325	0.002
23340656.196	0.138
23366671.7295	0.0
23383293.2295	0.0
23400265.4335	0.067
23426438.59	0.04
23466770.917	0.065
23478472.164	0.251
23493538.319	0.095
23507250.408	0.308
23533057.854	0.051
23544061.471	0.115
23561901.1565	0.162
23579012.2225	0.019
23594794.436	0.042
23620224.5435	0.002
23641630.566	0.01
23691926.136	0.019
23715989.792	0.132
23735137.6255	0.18
23750545.609	0.051
23760736.5945	0.123
23787029.272	0.071
23807533.9435	0.3
23829643.999	0.02
23839291.7945	0.106
23848826.45	0.616
23857675.458	0.202
23921206.168	0.001
23939376.461	0.019
23963043.62	0.516
23972736.74	0.133
23991158.672	0.18
24003719.8145	0.14
24023604.45	0.045
24074773.733	0.065
24106258.9665	0.145
24115883.2395	0.169
24126490.8005	0.067
24146235.488	0.036
24172260.911	0.015
24217174.395	0.098
24239562.181	0.188
24247989.7625	0.136
24255539.543	0.223
24265645.284	0.203
24288903.894	0.005
24309006.7525	0.008
24337587.052	0.009
