name	chromosome	startpoint	endpoint
2R:19795384	2R	19786643	19804012
2R:19935256	2R	19924084	19946738
2R:24507343	2R	24494947	24518288
2R:24528127	2R	24518326	24537251
2R:24867722	2R	24841839	24895974
2R:40748811	2R	40735528	40764193
2R:40775991	2R	40764204	40787904
2R:49194797	2R	49184905	49204588
2R:58948322	2R	58883938	58997091
2R:59097397	2R	58997100	59206019
2R:59368196	2R	59323709	59442698
X:15660088	X	15631514	15685315
X:15703693	X	15685316	15729535
X:15798349	X	15782516	15813993
X:15836204	X	15814341	15855238
X:19194835	X	19161588	19223177
