chrom	start	end	name
2R	3474360	3509400	2R:3488994
3L	30477135	30487616	3L:30482533
3L	30487615	30497759	3L:30491765
3L	30497758	30506894	3L:30502058
3L	30506893	30516797	3L:30511765
3L	30534828	30545854	3L:30540639
3L	30554459	30562573	3L:30558236
3L	30562572	30578511	3L:30568108
3L	30578511	30587941	3L:30583473
3L	30587941	30597762	3L:30592869
3L	30597761	30607138	3L:30603305
3L	30607137	30617085	3L:30611538
3L	30617085	30624950	3L:30621123
3L	30624949	30635698	3L:30631421
3L	30635698	30646602	3L:30641999
3L	30646601	30657763	3L:30652383
3L	30657762	30667355	3L:30662542
3L	30667355	30678119	3L:30671665
3L	30678119	30687769	3L:30683494
3L	30687769	30697180	3L:30692063
3R	48454456	48494640	3R:48484269
